id,loan_status,aproval_prob
58645,1,0.9929
58646,0,0.0192
58647,1,0.651
58648,0,0.0175
58649,0,0.0737
58650,1,0.9381
58651,0,0.0035
58652,0,0.0085
58653,0,0.2559
58654,0,0.0132
58655,0,0.058
58656,0,0.0811
58657,0,0.0359
58658,0,0.0086
58659,0,0.022
58660,0,0.1399
58661,0,0.007
58662,0,0.0019
58663,0,0.0626
58664,0,0.003
58665,0,0.0284
58666,0,0.0093
58667,0,0.0048
58668,0,0.0095
58669,0,0.0106
58670,0,0.0013
58671,0,0.2136
58672,0,0.0042
58673,1,0.8518
58674,0,0.0026
58675,0,0.0142
58676,0,0.2325
58677,0,0.0497
58678,0,0.0067
58679,0,0.3013
58680,1,0.9558
58681,0,0.0271
58682,0,0.0013
58683,0,0.0119
58684,0,0.1837
58685,0,0.1249
58686,0,0.0332
58687,1,0.5641
58688,0,0.0298
58689,0,0.2719
58690,0,0.0013
58691,0,0.0266
58692,0,0.0277
58693,0,0.0115
58694,0,0.0215
58695,1,0.9296
58696,0,0.029
58697,0,0.0349
58698,0,0.0178
58699,0,0.0142
58700,0,0.0056
58701,0,0.0083
58702,0,0.025
58703,0,0.1826
58704,0,0.3427
58705,0,0.0887
58706,0,0.0304
58707,0,0.0091
58708,0,0.0322
58709,1,0.9204
58710,0,0.0454
58711,1,0.9601
58712,0,0.0456
58713,0,0.0179
58714,0,0.0315
58715,0,0.005
58716,0,0.1965
58717,0,0.0142
58718,0,0.047
58719,0,0.0043
58720,0,0.001
58721,0,0.0653
58722,0,0.0793
58723,0,0.0207
58724,0,0.0119
58725,0,0.024
58726,0,0.0103
58727,0,0.1289
58728,0,0.1292
58729,0,0.0357
58730,0,0.006
58731,0,0.018
58732,0,0.2088
58733,0,0.0007
58734,0,0.0238
58735,0,0.0199
58736,0,0.1023
58737,0,0.0342
58738,1,0.9865
58739,0,0.0531
58740,1,0.9145
58741,0,0.0433
58742,0,0.0081
58743,0,0.022
58744,0,0.0076
58745,0,0.0082
58746,0,0.1696
58747,0,0.0075
58748,0,0.026
58749,0,0.0272
58750,0,0.017
58751,0,0.0598
58752,1,0.9013
58753,0,0.0029
58754,0,0.1046
58755,0,0.0851
58756,0,0.0159
58757,0,0.0371
58758,0,0.0076
58759,0,0.0022
58760,0,0.0014
58761,0,0.0154
58762,0,0.003
58763,1,0.9665
58764,0,0.0017
58765,0,0.0275
58766,0,0.012
58767,0,0.0138
58768,1,0.9438
58769,0,0.0042
58770,0,0.0322
58771,0,0.0606
58772,0,0.0272
58773,0,0.0304
58774,0,0.0139
58775,1,0.9316
58776,1,0.5139
58777,0,0.0111
58778,0,0.0092
58779,0,0.0443
58780,0,0.0168
58781,0,0.0309
58782,0,0.1033
58783,0,0.0306
58784,0,0.0089
58785,0,0.0071
58786,0,0.0547
58787,0,0.0726
58788,0,0.1091
58789,0,0.0241
58790,0,0.0248
58791,0,0.0863
58792,0,0.0011
58793,0,0.0423
58794,0,0.0157
58795,0,0.0229
58796,0,0.0218
58797,0,0.0144
58798,0,0.0874
58799,1,0.7967
58800,0,0.0312
58801,0,0.0034
58802,1,0.8598
58803,0,0.2691
58804,0,0.4481
58805,1,0.9052
58806,0,0.0538
58807,0,0.0109
58808,0,0.0286
58809,1,0.9505
58810,1,0.9651
58811,0,0.0218
58812,0,0.0602
58813,0,0.012
58814,0,0.015
58815,0,0.0111
58816,0,0.0167
58817,0,0.0012
58818,0,0.053
58819,0,0.0551
58820,0,0.0033
58821,0,0.0323
58822,0,0.0027
58823,0,0.0928
58824,0,0.0443
58825,0,0.0014
58826,0,0.0899
58827,0,0.0336
58828,0,0.0035
58829,0,0.1684
58830,0,0.0158
58831,0,0.0272
58832,0,0.0185
58833,0,0.0091
58834,0,0.0138
58835,1,0.9667
58836,0,0.0531
58837,0,0.0739
58838,0,0.0097
58839,0,0.0015
58840,0,0.01
58841,1,0.9687
58842,0,0.0041
58843,0,0.0137
58844,0,0.0671
58845,0,0.163
58846,0,0.0006
58847,1,0.9481
58848,0,0.1128
58849,0,0.2545
58850,0,0.027
58851,0,0.116
58852,0,0.2992
58853,0,0.0494
58854,1,0.9715
58855,0,0.3553
58856,0,0.0028
58857,0,0.0896
58858,0,0.1546
58859,0,0.0186
58860,0,0.0091
58861,0,0.0384
58862,0,0.168
58863,0,0.2539
58864,0,0.0137
58865,0,0.2989
58866,0,0.0132
58867,0,0.0006
58868,0,0.0298
58869,0,0.0094
58870,0,0.1188
58871,0,0.0075
58872,0,0.014
58873,0,0.0141
58874,1,0.9667
58875,0,0.012
58876,0,0.0082
58877,0,0.0037
58878,0,0.0372
58879,0,0.0089
58880,0,0.044
58881,0,0.038
58882,0,0.0021
58883,0,0.1659
58884,0,0.1592
58885,0,0.1059
58886,0,0.0031
58887,1,0.955
58888,0,0.2464
58889,1,0.9721
58890,0,0.0752
58891,0,0.4217
58892,0,0.021
58893,0,0.0164
58894,0,0.0485
58895,0,0.0039
58896,0,0.0038
58897,0,0.0387
58898,0,0.1104
58899,1,0.9516
58900,0,0.0072
58901,0,0.0728
58902,0,0.1226
58903,0,0.0044
58904,0,0.0313
58905,0,0.0046
58906,0,0.0734
58907,0,0.0569
58908,0,0.0111
58909,0,0.0447
58910,0,0.0017
58911,0,0.0124
58912,0,0.0027
58913,0,0.1465
58914,0,0.0153
58915,0,0.0275
58916,0,0.0103
58917,0,0.0356
58918,0,0.0152
58919,0,0.0064
58920,0,0.2494
58921,0,0.0075
58922,0,0.0357
58923,0,0.0078
58924,0,0.0919
58925,0,0.0118
58926,0,0.1273
58927,0,0.0198
58928,0,0.0903
58929,0,0.0017
58930,0,0.0184
58931,1,0.913
58932,1,0.9372
58933,0,0.2309
58934,0,0.0413
58935,0,0.0173
58936,0,0.0345
58937,0,0.0175
58938,0,0.023
58939,0,0.0055
58940,0,0.012
58941,1,0.966
58942,1,0.9519
58943,0,0.1851
58944,0,0.0186
58945,0,0.0262
58946,0,0.0276
58947,0,0.0118
58948,0,0.0329
58949,0,0.0045
58950,0,0.4115
58951,0,0.0368
58952,0,0.0067
58953,0,0.0233
58954,1,0.9678
58955,0,0.0196
58956,0,0.0028
58957,1,0.9835
58958,1,0.9905
58959,0,0.0353
58960,0,0.0225
58961,0,0.0052
58962,0,0.1773
58963,0,0.0354
58964,0,0.0284
58965,0,0.0302
58966,0,0.0196
58967,0,0.0084
58968,0,0.0095
58969,0,0.318
58970,0,0.003
58971,0,0.1023
58972,0,0.0572
58973,1,0.9761
58974,0,0.026
58975,0,0.0712
58976,0,0.0319
58977,0,0.0541
58978,0,0.0271
58979,0,0.0208
58980,0,0.0163
58981,0,0.0026
58982,0,0.0064
58983,0,0.0055
58984,0,0.0383
58985,0,0.0684
58986,1,0.9721
58987,0,0.0073
58988,0,0.0383
58989,0,0.0283
58990,0,0.0031
58991,0,0.0259
58992,0,0.0114
58993,0,0.0031
58994,0,0.0195
58995,1,0.9898
58996,0,0.0262
58997,1,0.9568
58998,0,0.0072
58999,0,0.0166
59000,0,0.0715
59001,0,0.0595
59002,0,0.0289
59003,0,0.0744
59004,0,0.0418
59005,0,0.0031
59006,0,0.0339
59007,0,0.0427
59008,1,0.9658
59009,0,0.0178
59010,0,0.008
59011,0,0.0104
59012,0,0.033
59013,0,0.0045
59014,0,0.0139
59015,0,0.077
59016,0,0.0132
59017,0,0.0242
59018,0,0.0593
59019,0,0.0066
59020,0,0.006
59021,0,0.0205
59022,0,0.068
59023,1,0.9558
59024,0,0.0294
59025,1,0.9763
59026,0,0.012
59027,0,0.0122
59028,0,0.0256
59029,0,0.0144
59030,0,0.0091
59031,1,0.6542
59032,1,0.6005
59033,0,0.2298
59034,0,0.0703
59035,0,0.0087
59036,0,0.076
59037,0,0.089
59038,0,0.0103
59039,0,0.0309
59040,0,0.0147
59041,0,0.0163
59042,0,0.046
59043,1,0.9646
59044,0,0.0073
59045,0,0.0385
59046,0,0.2207
59047,0,0.2544
59048,0,0.0084
59049,0,0.0292
59050,0,0.0046
59051,0,0.0347
59052,0,0.0042
59053,0,0.0334
59054,0,0.0434
59055,0,0.0515
59056,0,0.0086
59057,1,0.9361
59058,0,0.007
59059,0,0.1889
59060,0,0.0028
59061,0,0.0027
59062,0,0.0197
59063,0,0.0032
59064,0,0.0182
59065,0,0.0021
59066,0,0.0494
59067,0,0.0074
59068,0,0.0363
59069,0,0.0327
59070,0,0.0181
59071,0,0.0751
59072,0,0.0177
59073,1,0.9608
59074,0,0.0228
59075,0,0.0458
59076,0,0.0469
59077,1,0.9857
59078,0,0.0566
59079,0,0.0305
59080,0,0.0091
59081,0,0.0283
59082,0,0.0376
59083,0,0.0073
59084,0,0.0025
59085,0,0.0324
59086,0,0.0853
59087,0,0.0379
59088,0,0.0422
59089,0,0.0685
59090,0,0.0423
59091,0,0.0013
59092,0,0.1115
59093,0,0.0198
59094,0,0.0157
59095,0,0.0012
59096,1,0.965
59097,0,0.064
59098,0,0.0335
59099,0,0.0084
59100,0,0.0168
59101,0,0.0076
59102,0,0.0309
59103,0,0.0275
59104,0,0.0015
59105,0,0.0371
59106,0,0.0027
59107,0,0.075
59108,0,0.0434
59109,0,0.0452
59110,0,0.0122
59111,0,0.0071
59112,0,0.021
59113,1,0.974
59114,0,0.0418
59115,0,0.1296
59116,0,0.0025
59117,0,0.0086
59118,0,0.0248
59119,0,0.0128
59120,0,0.0056
59121,0,0.0044
59122,0,0.0819
59123,1,0.9809
59124,1,0.9016
59125,0,0.0579
59126,1,0.9123
59127,0,0.0134
59128,0,0.0259
59129,0,0.0124
59130,0,0.0155
59131,0,0.0444
59132,0,0.2226
59133,1,0.7513
59134,0,0.0391
59135,0,0.0008
59136,0,0.0069
59137,0,0.0215
59138,0,0.0138
59139,0,0.0063
59140,0,0.0411
59141,1,0.9817
59142,0,0.275
59143,0,0.0278
59144,0,0.0139
59145,0,0.0381
59146,0,0.1946
59147,0,0.0435
59148,0,0.022
59149,0,0.0132
59150,0,0.0104
59151,0,0.0231
59152,0,0.0359
59153,0,0.0041
59154,0,0.0565
59155,0,0.0867
59156,0,0.117
59157,0,0.0078
59158,0,0.0397
59159,0,0.0125
59160,0,0.0426
59161,0,0.0103
59162,0,0.0104
59163,0,0.0229
59164,0,0.0228
59165,0,0.1158
59166,0,0.0024
59167,0,0.0207
59168,0,0.1802
59169,1,0.9621
59170,0,0.0195
59171,0,0.0075
59172,0,0.1925
59173,0,0.0046
59174,0,0.0117
59175,0,0.0091
59176,0,0.0319
59177,0,0.0106
59178,0,0.0058
59179,0,0.0076
59180,0,0.0997
59181,0,0.1244
59182,1,0.9591
59183,0,0.0177
59184,0,0.0405
59185,0,0.0948
59186,0,0.0232
59187,0,0.0066
59188,0,0.0318
59189,0,0.013
59190,0,0.0059
59191,0,0.0527
59192,0,0.233
59193,0,0.0089
59194,0,0.0816
59195,0,0.0264
59196,0,0.0327
59197,0,0.0347
59198,0,0.093
59199,0,0.0022
59200,1,0.9948
59201,0,0.0087
59202,0,0.011
59203,0,0.3536
59204,0,0.0184
59205,0,0.0159
59206,0,0.0044
59207,0,0.0185
59208,0,0.0089
59209,0,0.0041
59210,0,0.0279
59211,0,0.0541
59212,0,0.0273
59213,0,0.1403
59214,0,0.0699
59215,0,0.0068
59216,0,0.042
59217,0,0.0061
59218,0,0.0031
59219,0,0.018
59220,1,0.9328
59221,1,0.8814
59222,0,0.0234
59223,0,0.0128
59224,0,0.4135
59225,0,0.0062
59226,0,0.0053
59227,0,0.1171
59228,0,0.2022
59229,0,0.0013
59230,0,0.0125
59231,0,0.0028
59232,0,0.1014
59233,0,0.0181
59234,0,0.0487
59235,0,0.0047
59236,0,0.1225
59237,0,0.0304
59238,0,0.0079
59239,0,0.1063
59240,0,0.0074
59241,0,0.0128
59242,0,0.0413
59243,1,0.9806
59244,0,0.0185
59245,1,0.9338
59246,0,0.0117
59247,0,0.0242
59248,0,0.0119
59249,0,0.1245
59250,0,0.2485
59251,0,0.0475
59252,0,0.0267
59253,0,0.0459
59254,0,0.0154
59255,0,0.0054
59256,0,0.0014
59257,1,0.9915
59258,0,0.008
59259,1,0.992
59260,0,0.0084
59261,0,0.0162
59262,0,0.0631
59263,0,0.0007
59264,0,0.0684
59265,0,0.3794
59266,0,0.0442
59267,0,0.1247
59268,0,0.039
59269,0,0.0069
59270,1,0.9843
59271,0,0.0064
59272,1,0.9676
59273,0,0.0228
59274,0,0.1329
59275,0,0.0158
59276,0,0.0544
59277,0,0.0089
59278,0,0.0502
59279,0,0.0047
59280,0,0.0062
59281,0,0.047
59282,0,0.0133
59283,0,0.0161
59284,0,0.0049
59285,0,0.0332
59286,0,0.0382
59287,0,0.0361
59288,1,0.9815
59289,0,0.0077
59290,0,0.0531
59291,0,0.0366
59292,0,0.0013
59293,0,0.0104
59294,1,0.9822
59295,0,0.1873
59296,0,0.0041
59297,0,0.012
59298,0,0.0174
59299,0,0.0213
59300,0,0.0426
59301,0,0.0206
59302,0,0.0407
59303,0,0.0457
59304,0,0.048
59305,0,0.1451
59306,0,0.0243
59307,0,0.0181
59308,0,0.0078
59309,0,0.0149
59310,0,0.0074
59311,0,0.0619
59312,0,0.0255
59313,1,0.9424
59314,0,0.299
59315,0,0.0092
59316,0,0.2231
59317,0,0.0459
59318,0,0.0118
59319,0,0.0637
59320,0,0.0125
59321,0,0.0386
59322,0,0.0942
59323,0,0.0373
59324,1,0.8527
59325,0,0.0209
59326,0,0.0166
59327,0,0.0339
59328,0,0.0087
59329,0,0.0265
59330,0,0.0661
59331,0,0.0152
59332,0,0.0198
59333,0,0.0055
59334,0,0.0384
59335,0,0.017
59336,0,0.0608
59337,0,0.0202
59338,0,0.0669
59339,0,0.1989
59340,0,0.4736
59341,0,0.083
59342,0,0.046
59343,0,0.0065
59344,0,0.0499
59345,0,0.0136
59346,0,0.0104
59347,0,0.0855
59348,0,0.018
59349,0,0.0596
59350,0,0.0115
59351,0,0.0372
59352,0,0.0983
59353,1,0.9732
59354,1,0.916
59355,0,0.0015
59356,0,0.007
59357,0,0.0092
59358,0,0.0267
59359,0,0.02
59360,1,0.9846
59361,0,0.0076
59362,0,0.1585
59363,0,0.0018
59364,0,0.0042
59365,0,0.007
59366,0,0.007
59367,0,0.0362
59368,1,0.9609
59369,0,0.0312
59370,0,0.0096
59371,0,0.0176
59372,0,0.1437
59373,0,0.0542
59374,0,0.0084
59375,1,0.9598
59376,1,0.9497
59377,0,0.2028
59378,0,0.1028
59379,0,0.0193
59380,0,0.0358
59381,0,0.0136
59382,0,0.1206
59383,1,0.9671
59384,0,0.0433
59385,0,0.0155
59386,0,0.065
59387,1,0.981
59388,0,0.197
59389,0,0.049
59390,0,0.0436
59391,0,0.0669
59392,0,0.2242
59393,1,0.9488
59394,1,0.9303
59395,0,0.0589
59396,0,0.018
59397,0,0.0181
59398,0,0.008
59399,0,0.0205
59400,0,0.0346
59401,0,0.0223
59402,0,0.0647
59403,0,0.0176
59404,0,0.0232
59405,0,0.0073
59406,0,0.0155
59407,0,0.0409
59408,0,0.0859
59409,0,0.0281
59410,0,0.0039
59411,0,0.0107
59412,0,0.0103
59413,0,0.001
59414,0,0.0589
59415,0,0.0186
59416,0,0.0064
59417,0,0.0082
59418,0,0.0072
59419,0,0.0016
59420,0,0.1679
59421,0,0.1954
59422,0,0.0413
59423,0,0.0751
59424,1,0.9471
59425,0,0.0638
59426,0,0.0078
59427,0,0.0079
59428,0,0.133
59429,0,0.0065
59430,0,0.0039
59431,0,0.0183
59432,0,0.0086
59433,0,0.0227
59434,0,0.0039
59435,0,0.0013
59436,0,0.0024
59437,0,0.0087
59438,0,0.4264
59439,0,0.0426
59440,0,0.0054
59441,0,0.0257
59442,0,0.003
59443,0,0.0033
59444,0,0.0605
59445,0,0.0589
59446,0,0.0608
59447,0,0.013
59448,0,0.0103
59449,0,0.0094
59450,0,0.0274
59451,1,0.9796
59452,0,0.0443
59453,0,0.026
59454,0,0.0531
59455,0,0.0291
59456,0,0.0283
59457,1,0.9586
59458,0,0.0591
59459,0,0.1647
59460,0,0.088
59461,0,0.0066
59462,1,0.8494
59463,0,0.0036
59464,0,0.3337
59465,0,0.0638
59466,0,0.0982
59467,0,0.0178
59468,0,0.0024
59469,0,0.0153
59470,0,0.0024
59471,0,0.0063
59472,0,0.0798
59473,0,0.0178
59474,0,0.0149
59475,0,0.0498
59476,0,0.0149
59477,0,0.015
59478,0,0.0123
59479,0,0.0192
59480,0,0.0098
59481,0,0.1073
59482,1,0.9725
59483,0,0.0089
59484,0,0.0039
59485,0,0.0257
59486,0,0.0896
59487,0,0.0088
59488,0,0.0299
59489,0,0.0151
59490,0,0.0117
59491,1,0.9851
59492,0,0.0104
59493,0,0.0177
59494,0,0.0058
59495,1,0.8842
59496,0,0.0101
59497,1,0.9758
59498,0,0.0478
59499,0,0.1438
59500,1,0.9802
59501,0,0.0311
59502,1,0.9254
59503,0,0.2004
59504,0,0.0062
59505,0,0.0613
59506,0,0.0048
59507,0,0.0061
59508,0,0.0229
59509,0,0.0551
59510,0,0.0568
59511,0,0.0037
59512,0,0.0053
59513,0,0.1646
59514,0,0.009
59515,0,0.0143
59516,0,0.0227
59517,1,0.6858
59518,0,0.0093
59519,0,0.0049
59520,0,0.0194
59521,0,0.0236
59522,0,0.0892
59523,0,0.0058
59524,0,0.0082
59525,1,0.8448
59526,0,0.1965
59527,0,0.0224
59528,0,0.044
59529,0,0.0451
59530,1,0.9526
59531,0,0.0073
59532,0,0.0009
59533,0,0.053
59534,0,0.0414
59535,0,0.0133
59536,0,0.0497
59537,0,0.0164
59538,0,0.0872
59539,0,0.0323
59540,1,0.8328
59541,0,0.0141
59542,0,0.0463
59543,0,0.0454
59544,0,0.1227
59545,0,0.0484
59546,0,0.0192
59547,0,0.0227
59548,0,0.0059
59549,0,0.0276
59550,0,0.0087
59551,0,0.0143
59552,0,0.0084
59553,0,0.0175
59554,1,0.931
59555,0,0.0152
59556,0,0.0078
59557,0,0.0032
59558,0,0.0344
59559,0,0.0207
59560,0,0.0058
59561,0,0.0098
59562,0,0.0778
59563,0,0.0328
59564,0,0.2318
59565,0,0.0183
59566,0,0.0225
59567,0,0.0165
59568,0,0.0032
59569,0,0.0038
59570,0,0.0606
59571,0,0.0482
59572,0,0.0234
59573,0,0.0261
59574,1,0.9606
59575,0,0.0432
59576,0,0.0149
59577,0,0.0539
59578,1,0.867
59579,0,0.0051
59580,0,0.0145
59581,0,0.0104
59582,0,0.0157
59583,0,0.0191
59584,0,0.0054
59585,0,0.0211
59586,0,0.0079
59587,0,0.0046
59588,0,0.1426
59589,0,0.0506
59590,0,0.0054
59591,0,0.0452
59592,0,0.0433
59593,0,0.0094
59594,0,0.1675
59595,0,0.0102
59596,0,0.1095
59597,1,0.945
59598,0,0.0319
59599,0,0.0535
59600,1,0.936
59601,0,0.002
59602,0,0.092
59603,0,0.064
59604,0,0.0244
59605,0,0.0034
59606,0,0.0371
59607,0,0.0574
59608,0,0.0263
59609,0,0.0095
59610,1,0.9422
59611,0,0.0105
59612,1,0.9655
59613,0,0.1753
59614,0,0.3223
59615,0,0.0438
59616,0,0.0611
59617,0,0.062
59618,0,0.0963
59619,0,0.0154
59620,0,0.0079
59621,0,0.0244
59622,0,0.0107
59623,0,0.0625
59624,0,0.0583
59625,0,0.0162
59626,0,0.0249
59627,0,0.0675
59628,0,0.0047
59629,0,0.003
59630,0,0.0522
59631,0,0.0025
59632,0,0.0137
59633,0,0.0139
59634,0,0.0066
59635,0,0.0102
59636,0,0.069
59637,0,0.0495
59638,1,0.9827
59639,0,0.0168
59640,0,0.0082
59641,0,0.0154
59642,0,0.0065
59643,0,0.0717
59644,0,0.0501
59645,0,0.2019
59646,0,0.0117
59647,1,0.9641
59648,0,0.0076
59649,0,0.0162
59650,0,0.0039
59651,0,0.0031
59652,0,0.0104
59653,0,0.009
59654,0,0.0963
59655,0,0.0317
59656,0,0.1305
59657,1,0.9195
59658,0,0.011
59659,0,0.0377
59660,0,0.1702
59661,0,0.0615
59662,1,0.9317
59663,0,0.0659
59664,0,0.0453
59665,0,0.0309
59666,0,0.0375
59667,0,0.0103
59668,0,0.0128
59669,0,0.0114
59670,0,0.0664
59671,0,0.0072
59672,0,0.0096
59673,0,0.0143
59674,0,0.4248
59675,0,0.001
59676,0,0.1226
59677,1,0.9426
59678,0,0.0076
59679,0,0.0279
59680,0,0.0059
59681,0,0.016
59682,0,0.0385
59683,0,0.0067
59684,0,0.0382
59685,0,0.0256
59686,0,0.2213
59687,0,0.0188
59688,0,0.025
59689,0,0.1625
59690,0,0.0018
59691,0,0.0222
59692,0,0.0657
59693,0,0.0195
59694,0,0.0809
59695,0,0.0146
59696,1,0.9288
59697,0,0.0039
59698,0,0.0278
59699,0,0.0138
59700,0,0.043
59701,0,0.0038
59702,0,0.0183
59703,0,0.04
59704,0,0.0059
59705,0,0.1015
59706,0,0.0135
59707,0,0.0286
59708,0,0.0225
59709,0,0.0399
59710,0,0.0283
59711,0,0.0551
59712,0,0.0204
59713,0,0.0556
59714,1,0.932
59715,1,0.8969
59716,0,0.0314
59717,0,0.0043
59718,0,0.1723
59719,1,0.9298
59720,0,0.0155
59721,1,0.7129
59722,0,0.016
59723,0,0.013
59724,0,0.1513
59725,0,0.0282
59726,0,0.0063
59727,0,0.0699
59728,0,0.0068
59729,0,0.0018
59730,0,0.0954
59731,0,0.0273
59732,0,0.0216
59733,0,0.0204
59734,0,0.0448
59735,0,0.0055
59736,0,0.2152
59737,0,0.0089
59738,0,0.153
59739,0,0.0205
59740,0,0.0162
59741,0,0.0178
59742,0,0.1779
59743,0,0.0198
59744,0,0.1037
59745,0,0.0119
59746,0,0.0272
59747,1,0.9901
59748,0,0.0125
59749,0,0.0287
59750,0,0.0672
59751,0,0.0085
59752,0,0.0277
59753,0,0.0107
59754,0,0.0042
59755,0,0.0372
59756,0,0.0075
59757,0,0.0074
59758,0,0.0572
59759,0,0.0127
59760,0,0.0136
59761,0,0.0562
59762,0,0.2164
59763,0,0.0014
59764,0,0.1438
59765,0,0.0074
59766,0,0.0883
59767,0,0.0338
59768,0,0.0023
59769,0,0.0219
59770,0,0.0855
59771,0,0.0074
59772,0,0.0174
59773,0,0.0375
59774,0,0.0516
59775,0,0.1486
59776,0,0.1691
59777,0,0.1622
59778,0,0.005
59779,0,0.0433
59780,0,0.002
59781,0,0.0253
59782,0,0.0259
59783,0,0.0365
59784,0,0.0227
59785,0,0.0101
59786,0,0.2164
59787,1,0.5362
59788,0,0.0383
59789,0,0.0404
59790,0,0.0254
59791,0,0.0024
59792,0,0.0533
59793,0,0.0343
59794,1,0.9738
59795,1,0.9449
59796,0,0.0083
59797,0,0.037
59798,0,0.0085
59799,0,0.0049
59800,0,0.0578
59801,0,0.0135
59802,0,0.1338
59803,0,0.1055
59804,0,0.044
59805,0,0.0019
59806,0,0.0178
59807,0,0.0104
59808,0,0.0049
59809,0,0.0199
59810,0,0.0089
59811,0,0.0254
59812,0,0.0106
59813,0,0.0067
59814,0,0.0058
59815,0,0.1732
59816,0,0.1937
59817,0,0.0029
59818,1,0.9209
59819,0,0.2174
59820,0,0.0311
59821,0,0.054
59822,0,0.019
59823,0,0.0234
59824,0,0.0484
59825,0,0.009
59826,0,0.0392
59827,0,0.1648
59828,0,0.2696
59829,0,0.0781
59830,0,0.0193
59831,0,0.0081
59832,0,0.0413
59833,0,0.0846
59834,0,0.0087
59835,0,0.0148
59836,0,0.0395
59837,0,0.0581
59838,0,0.1234
59839,0,0.0478
59840,0,0.0575
59841,1,0.9669
59842,0,0.0086
59843,0,0.0303
59844,0,0.2032
59845,0,0.0565
59846,0,0.003
59847,0,0.0237
59848,0,0.016
59849,0,0.0013
59850,1,0.9813
59851,0,0.0012
59852,0,0.0174
59853,0,0.0384
59854,0,0.0024
59855,0,0.0135
59856,0,0.0107
59857,0,0.1105
59858,1,0.9733
59859,0,0.0311
59860,1,0.9432
59861,0,0.0067
59862,0,0.0236
59863,0,0.0046
59864,0,0.0112
59865,0,0.0212
59866,0,0.0548
59867,0,0.0745
59868,0,0.0097
59869,0,0.0331
59870,0,0.0022
59871,0,0.0116
59872,0,0.0135
59873,0,0.0045
59874,0,0.067
59875,0,0.0755
59876,0,0.0038
59877,0,0.0378
59878,1,0.9858
59879,0,0.0197
59880,1,0.9575
59881,0,0.002
59882,0,0.0348
59883,0,0.0746
59884,0,0.0361
59885,0,0.0454
59886,0,0.0385
59887,1,0.9293
59888,0,0.0126
59889,0,0.0082
59890,0,0.0076
59891,1,0.503
59892,0,0.0406
59893,0,0.009
59894,0,0.0272
59895,0,0.2259
59896,0,0.0042
59897,0,0.0136
59898,0,0.0115
59899,0,0.0238
59900,0,0.0143
59901,1,0.8425
59902,0,0.0221
59903,0,0.0142
59904,0,0.0325
59905,0,0.0101
59906,0,0.2335
59907,0,0.0122
59908,0,0.0153
59909,0,0.0186
59910,0,0.0627
59911,0,0.029
59912,0,0.0212
59913,0,0.0034
59914,0,0.099
59915,0,0.0142
59916,0,0.0055
59917,0,0.0107
59918,0,0.0052
59919,0,0.0274
59920,0,0.0586
59921,0,0.0849
59922,0,0.0402
59923,0,0.0764
59924,0,0.0061
59925,1,0.9691
59926,0,0.0303
59927,0,0.0176
59928,0,0.0085
59929,0,0.0049
59930,0,0.013
59931,0,0.0097
59932,0,0.0413
59933,0,0.0235
59934,0,0.006
59935,0,0.0073
59936,0,0.0327
59937,0,0.094
59938,0,0.0943
59939,0,0.2232
59940,1,0.8396
59941,0,0.0016
59942,0,0.0076
59943,0,0.0408
59944,0,0.0384
59945,0,0.0249
59946,0,0.0305
59947,0,0.008
59948,0,0.0296
59949,1,0.9842
59950,0,0.0154
59951,0,0.0555
59952,0,0.0062
59953,0,0.1497
59954,0,0.0335
59955,0,0.0022
59956,0,0.0121
59957,0,0.1243
59958,0,0.0368
59959,0,0.0271
59960,0,0.0042
59961,0,0.0438
59962,0,0.12
59963,0,0.0083
59964,0,0.0023
59965,0,0.0078
59966,1,0.8825
59967,0,0.0238
59968,0,0.004
59969,0,0.0041
59970,0,0.0605
59971,1,0.9814
59972,1,0.8992
59973,0,0.0595
59974,0,0.0125
59975,0,0.0272
59976,0,0.0068
59977,0,0.0651
59978,0,0.1412
59979,0,0.0086
59980,1,0.9612
59981,0,0.0222
59982,1,0.9555
59983,0,0.0762
59984,0,0.0129
59985,0,0.0483
59986,0,0.0376
59987,0,0.0089
59988,0,0.0619
59989,0,0.0166
59990,0,0.0515
59991,0,0.08
59992,0,0.0063
59993,0,0.0118
59994,0,0.1057
59995,1,0.9737
59996,0,0.0079
59997,0,0.0649
59998,0,0.048
59999,0,0.0077
60000,0,0.0012
60001,0,0.0087
60002,0,0.036
60003,0,0.0125
60004,0,0.0114
60005,0,0.0267
60006,0,0.0961
60007,0,0.0207
60008,0,0.0112
60009,0,0.0166
60010,0,0.0219
60011,0,0.0118
60012,0,0.0826
60013,0,0.0053
60014,0,0.0604
60015,0,0.0268
60016,0,0.1597
60017,0,0.0334
60018,0,0.0265
60019,1,0.9292
60020,0,0.0479
60021,0,0.0133
60022,0,0.3175
60023,0,0.0371
60024,1,0.9775
60025,0,0.0486
60026,0,0.2067
60027,1,0.6663
60028,0,0.0089
60029,1,0.9667
60030,0,0.4048
60031,0,0.1459
60032,0,0.0537
60033,0,0.0075
60034,0,0.0026
60035,0,0.1215
60036,0,0.0035
60037,0,0.0045
60038,0,0.0193
60039,0,0.0133
60040,0,0.0421
60041,0,0.0622
60042,0,0.0235
60043,0,0.1189
60044,0,0.2501
60045,0,0.0121
60046,0,0.3115
60047,0,0.0348
60048,0,0.002
60049,0,0.0398
60050,0,0.0308
60051,1,0.9732
60052,0,0.0194
60053,0,0.0375
60054,0,0.0079
60055,0,0.0288
60056,0,0.0769
60057,0,0.1898
60058,0,0.0569
60059,0,0.0141
60060,0,0.1281
60061,0,0.0194
60062,0,0.145
60063,0,0.0098
60064,0,0.0056
60065,0,0.0038
60066,0,0.0983
60067,0,0.1149
60068,0,0.0086
60069,0,0.0089
60070,0,0.0196
60071,0,0.0039
60072,0,0.0955
60073,0,0.0186
60074,0,0.0501
60075,0,0.0444
60076,0,0.0383
60077,0,0.0514
60078,0,0.0359
60079,0,0.01
60080,0,0.009
60081,0,0.1364
60082,0,0.0358
60083,0,0.0354
60084,0,0.0777
60085,0,0.0274
60086,0,0.133
60087,0,0.0045
60088,0,0.0323
60089,0,0.0284
60090,0,0.0451
60091,1,0.9571
60092,0,0.007
60093,0,0.0256
60094,0,0.0027
60095,0,0.1218
60096,0,0.0152
60097,0,0.0027
60098,0,0.2144
60099,0,0.0083
60100,0,0.0145
60101,0,0.0254
60102,0,0.0109
60103,0,0.0123
60104,0,0.1232
60105,0,0.0247
60106,0,0.0012
60107,0,0.0044
60108,0,0.0075
60109,0,0.0384
60110,0,0.0352
60111,0,0.0042
60112,0,0.0434
60113,0,0.0373
60114,0,0.0871
60115,0,0.0028
60116,1,0.9765
60117,0,0.0225
60118,0,0.0246
60119,0,0.005
60120,0,0.0738
60121,0,0.0379
60122,0,0.0217
60123,0,0.0042
60124,0,0.0225
60125,0,0.0327
60126,0,0.0172
60127,0,0.0409
60128,0,0.0117
60129,0,0.0052
60130,0,0.0115
60131,1,0.9139
60132,1,0.9817
60133,0,0.036
60134,0,0.0158
60135,0,0.0356
60136,0,0.0052
60137,0,0.0553
60138,0,0.0537
60139,0,0.1139
60140,0,0.1806
60141,0,0.001
60142,0,0.0055
60143,1,0.9621
60144,0,0.1158
60145,0,0.0128
60146,0,0.1248
60147,0,0.0339
60148,0,0.0014
60149,0,0.0084
60150,0,0.0092
60151,1,0.9574
60152,0,0.0148
60153,0,0.0157
60154,0,0.1449
60155,0,0.0114
60156,0,0.0136
60157,0,0.128
60158,0,0.0083
60159,0,0.0218
60160,0,0.0115
60161,0,0.0151
60162,0,0.2193
60163,0,0.0176
60164,0,0.0149
60165,0,0.096
60166,0,0.0324
60167,0,0.0178
60168,0,0.1847
60169,0,0.0015
60170,0,0.0055
60171,0,0.0223
60172,0,0.0034
60173,0,0.0588
60174,0,0.0156
60175,0,0.3376
60176,0,0.0394
60177,0,0.021
60178,0,0.0259
60179,0,0.0262
60180,0,0.003
60181,0,0.0099
60182,0,0.0411
60183,0,0.2058
60184,0,0.0028
60185,0,0.0394
60186,1,0.9647
60187,0,0.0613
60188,0,0.1388
60189,0,0.0248
60190,1,0.698
60191,0,0.0415
60192,0,0.0037
60193,0,0.0098
60194,0,0.062
60195,0,0.042
60196,1,0.9679
60197,0,0.0078
60198,0,0.111
60199,0,0.0127
60200,0,0.0137
60201,0,0.1007
60202,0,0.0318
60203,0,0.0368
60204,1,0.9583
60205,0,0.0079
60206,0,0.0208
60207,1,0.9613
60208,0,0.0127
60209,0,0.1655
60210,0,0.0303
60211,1,0.9872
60212,0,0.0104
60213,0,0.0055
60214,0,0.0292
60215,0,0.0718
60216,0,0.0756
60217,0,0.0079
60218,0,0.0395
60219,0,0.1231
60220,1,0.7082
60221,0,0.0065
60222,0,0.0105
60223,0,0.0284
60224,0,0.0255
60225,1,0.9267
60226,0,0.0259
60227,0,0.004
60228,1,0.9807
60229,0,0.046
60230,0,0.0826
60231,1,0.9246
60232,0,0.0232
60233,1,0.9693
60234,0,0.0297
60235,0,0.0459
60236,0,0.0155
60237,0,0.013
60238,0,0.047
60239,1,0.9797
60240,1,0.7489
60241,0,0.0127
60242,0,0.0555
60243,0,0.0148
60244,0,0.3076
60245,0,0.0489
60246,0,0.0095
60247,0,0.0087
60248,0,0.0144
60249,0,0.0109
60250,0,0.0452
60251,0,0.0474
60252,0,0.0383
60253,1,0.9788
60254,0,0.0541
60255,0,0.0342
60256,0,0.0244
60257,0,0.05
60258,0,0.0073
60259,0,0.0126
60260,0,0.0205
60261,0,0.0126
60262,0,0.006
60263,0,0.0014
60264,0,0.0402
60265,0,0.0506
60266,0,0.0058
60267,0,0.0011
60268,0,0.0968
60269,0,0.0576
60270,1,0.9615
60271,0,0.0108
60272,0,0.2209
60273,0,0.0096
60274,1,0.948
60275,0,0.0468
60276,0,0.0161
60277,0,0.0275
60278,0,0.0347
60279,0,0.0496
60280,0,0.0098
60281,0,0.0105
60282,0,0.2264
60283,0,0.0539
60284,0,0.0019
60285,0,0.1616
60286,0,0.046
60287,0,0.0248
60288,0,0.054
60289,0,0.0043
60290,1,0.948
60291,0,0.311
60292,0,0.0333
60293,0,0.0253
60294,0,0.012
60295,0,0.0048
60296,0,0.0599
60297,0,0.0276
60298,0,0.0123
60299,1,0.9814
60300,0,0.0445
60301,0,0.087
60302,0,0.0014
60303,0,0.0719
60304,0,0.0037
60305,1,0.9698
60306,0,0.0159
60307,0,0.0312
60308,0,0.0257
60309,0,0.0794
60310,0,0.0163
60311,1,0.9735
60312,0,0.319
60313,1,0.964
60314,0,0.0056
60315,0,0.1882
60316,0,0.1706
60317,0,0.0659
60318,0,0.0033
60319,0,0.0106
60320,0,0.0292
60321,0,0.0107
60322,0,0.26
60323,0,0.0198
60324,0,0.1955
60325,0,0.2985
60326,0,0.0264
60327,1,0.97
60328,0,0.0076
60329,0,0.0778
60330,1,0.9749
60331,0,0.0948
60332,0,0.0501
60333,0,0.0038
60334,0,0.0225
60335,0,0.133
60336,0,0.0076
60337,0,0.0067
60338,0,0.0074
60339,0,0.0006
60340,0,0.0197
60341,0,0.0157
60342,0,0.0156
60343,0,0.0064
60344,0,0.0112
60345,0,0.014
60346,0,0.2504
60347,1,0.9202
60348,0,0.0715
60349,0,0.0279
60350,0,0.1705
60351,0,0.025
60352,0,0.0018
60353,0,0.0418
60354,0,0.0197
60355,0,0.1494
60356,0,0.0013
60357,0,0.0135
60358,0,0.006
60359,0,0.0386
60360,0,0.0061
60361,0,0.0461
60362,0,0.0194
60363,0,0.0188
60364,0,0.0553
60365,0,0.0151
60366,0,0.043
60367,0,0.0177
60368,0,0.0501
60369,0,0.0238
60370,0,0.0028
60371,0,0.015
60372,0,0.0133
60373,0,0.33
60374,0,0.0078
60375,0,0.0145
60376,0,0.0501
60377,0,0.0211
60378,0,0.0318
60379,1,0.9801
60380,0,0.1643
60381,0,0.0132
60382,0,0.0019
60383,0,0.0141
60384,0,0.0609
60385,0,0.0021
60386,0,0.0045
60387,0,0.0374
60388,0,0.0145
60389,1,0.9866
60390,0,0.0591
60391,0,0.0748
60392,0,0.0338
60393,0,0.0356
60394,0,0.1549
60395,0,0.0016
60396,0,0.0102
60397,1,0.9517
60398,0,0.0061
60399,0,0.0376
60400,0,0.0179
60401,0,0.0155
60402,0,0.0079
60403,1,0.9851
60404,0,0.0058
60405,0,0.0358
60406,0,0.0046
60407,0,0.0129
60408,0,0.0157
60409,0,0.0136
60410,0,0.0123
60411,0,0.0261
60412,1,0.7489
60413,0,0.0618
60414,0,0.0087
60415,0,0.0056
60416,0,0.0774
60417,0,0.0251
60418,0,0.0707
60419,0,0.0042
60420,0,0.0604
60421,0,0.0328
60422,0,0.0045
60423,0,0.0336
60424,0,0.1944
60425,0,0.2584
60426,0,0.0107
60427,0,0.0675
60428,0,0.0192
60429,0,0.0074
60430,0,0.0059
60431,0,0.0507
60432,0,0.016
60433,0,0.1975
60434,0,0.093
60435,0,0.0186
60436,0,0.0313
60437,0,0.0324
60438,1,0.9682
60439,0,0.0021
60440,1,0.9336
60441,0,0.0514
60442,0,0.0009
60443,0,0.3159
60444,0,0.0085
60445,0,0.0143
60446,0,0.0334
60447,0,0.0228
60448,0,0.0023
60449,1,0.976
60450,0,0.0106
60451,0,0.02
60452,0,0.0244
60453,0,0.0511
60454,0,0.009
60455,0,0.0039
60456,0,0.083
60457,0,0.0913
60458,0,0.0029
60459,0,0.0356
60460,1,0.8926
60461,0,0.005
60462,0,0.004
60463,0,0.0764
60464,0,0.0041
60465,0,0.0236
60466,0,0.1022
60467,1,0.9128
60468,0,0.0605
60469,0,0.0918
60470,0,0.0685
60471,0,0.004
60472,0,0.042
60473,0,0.001
60474,0,0.0112
60475,0,0.2234
60476,0,0.0084
60477,0,0.0257
60478,1,0.8926
60479,0,0.0332
60480,0,0.0036
60481,0,0.0014
60482,0,0.0081
60483,0,0.001
60484,0,0.3493
60485,0,0.1243
60486,0,0.0156
60487,0,0.0213
60488,0,0.0957
60489,0,0.0072
60490,0,0.1448
60491,0,0.0249
60492,0,0.2016
60493,0,0.0053
60494,0,0.0339
60495,0,0.0094
60496,0,0.0433
60497,0,0.0419
60498,0,0.1775
60499,0,0.0024
60500,0,0.0182
60501,0,0.0112
60502,0,0.016
60503,0,0.0209
60504,0,0.1409
60505,0,0.0089
60506,1,0.997
60507,0,0.0485
60508,0,0.0061
60509,0,0.0213
60510,1,0.761
60511,0,0.0406
60512,0,0.0318
60513,0,0.0012
60514,0,0.0024
60515,0,0.0249
60516,0,0.2218
60517,0,0.002
60518,0,0.0384
60519,0,0.0372
60520,0,0.026
60521,1,0.818
60522,0,0.0046
60523,0,0.0526
60524,0,0.0182
60525,1,0.9519
60526,0,0.088
60527,1,0.8081
60528,0,0.0211
60529,0,0.0047
60530,0,0.0809
60531,0,0.0406
60532,0,0.0588
60533,0,0.1232
60534,0,0.0603
60535,0,0.034
60536,0,0.4478
60537,0,0.0205
60538,0,0.006
60539,1,0.929
60540,0,0.0196
60541,0,0.0257
60542,0,0.0056
60543,0,0.2195
60544,0,0.0151
60545,0,0.169
60546,0,0.0116
60547,0,0.001
60548,0,0.0254
60549,0,0.0096
60550,0,0.4442
60551,0,0.0513
60552,0,0.0099
60553,0,0.033
60554,0,0.0837
60555,0,0.0874
60556,0,0.0313
60557,0,0.0645
60558,0,0.0353
60559,0,0.0134
60560,1,0.8882
60561,0,0.0043
60562,1,0.9198
60563,1,0.948
60564,0,0.0121
60565,0,0.0415
60566,0,0.0181
60567,0,0.0175
60568,0,0.0133
60569,0,0.1627
60570,0,0.0009
60571,0,0.0772
60572,0,0.0038
60573,0,0.0172
60574,1,0.9612
60575,0,0.0329
60576,0,0.1429
60577,0,0.0204
60578,0,0.0723
60579,0,0.0683
60580,0,0.0069
60581,0,0.0167
60582,1,0.9883
60583,0,0.0195
60584,1,0.967
60585,1,0.9712
60586,0,0.0421
60587,0,0.0027
60588,0,0.0162
60589,0,0.0228
60590,0,0.0178
60591,0,0.0383
60592,0,0.0073
60593,0,0.0134
60594,1,0.7916
60595,0,0.1497
60596,0,0.0077
60597,0,0.0036
60598,0,0.04
60599,0,0.0827
60600,0,0.0046
60601,0,0.0268
60602,1,0.895
60603,0,0.0092
60604,0,0.0484
60605,0,0.0055
60606,0,0.0011
60607,0,0.0061
60608,0,0.0339
60609,0,0.0084
60610,0,0.0152
60611,0,0.0156
60612,0,0.0069
60613,0,0.0154
60614,0,0.0386
60615,1,0.9161
60616,1,0.9875
60617,1,0.6878
60618,0,0.1047
60619,0,0.0686
60620,0,0.0139
60621,1,0.9529
60622,0,0.0082
60623,0,0.0605
60624,0,0.0064
60625,0,0.3162
60626,0,0.0165
60627,0,0.0924
60628,0,0.0024
60629,0,0.0217
60630,0,0.1335
60631,1,0.8629
60632,0,0.0113
60633,0,0.0267
60634,0,0.0241
60635,0,0.0073
60636,0,0.008
60637,0,0.0374
60638,0,0.0109
60639,0,0.0705
60640,0,0.0017
60641,0,0.0012
60642,0,0.3608
60643,0,0.0709
60644,0,0.0009
60645,1,0.9238
60646,0,0.0138
60647,0,0.0154
60648,0,0.0177
60649,0,0.0242
60650,1,0.9913
60651,0,0.0027
60652,0,0.0013
60653,0,0.0179
60654,0,0.0201
60655,0,0.0925
60656,0,0.0531
60657,0,0.0561
60658,1,0.9908
60659,1,0.9905
60660,0,0.0195
60661,0,0.0046
60662,1,0.9654
60663,0,0.0096
60664,1,0.8321
60665,0,0.0064
60666,0,0.0084
60667,0,0.0473
60668,0,0.0077
60669,0,0.0049
60670,0,0.0249
60671,0,0.0342
60672,0,0.0015
60673,0,0.0434
60674,0,0.0116
60675,0,0.0151
60676,0,0.0117
60677,0,0.0008
60678,0,0.0084
60679,1,0.8589
60680,0,0.1152
60681,0,0.0098
60682,0,0.1446
60683,0,0.0469
60684,0,0.0272
60685,0,0.091
60686,0,0.0131
60687,0,0.0164
60688,0,0.0457
60689,0,0.0765
60690,0,0.0219
60691,0,0.0425
60692,0,0.0232
60693,0,0.0732
60694,0,0.0261
60695,0,0.1133
60696,0,0.0194
60697,0,0.0264
60698,0,0.0081
60699,0,0.1064
60700,0,0.0074
60701,0,0.0059
60702,0,0.0743
60703,0,0.0024
60704,0,0.0178
60705,0,0.1266
60706,0,0.0135
60707,0,0.0061
60708,0,0.059
60709,0,0.0168
60710,0,0.0153
60711,0,0.0021
60712,0,0.0474
60713,1,0.8679
60714,1,0.9752
60715,0,0.0113
60716,1,0.92
60717,0,0.0211
60718,0,0.0092
60719,0,0.021
60720,0,0.0294
60721,0,0.0019
60722,1,0.9911
60723,0,0.0377
60724,0,0.0322
60725,0,0.014
60726,0,0.0664
60727,0,0.0491
60728,0,0.0133
60729,1,0.9799
60730,0,0.0226
60731,0,0.0011
60732,0,0.0058
60733,1,0.9533
60734,0,0.0505
60735,0,0.0051
60736,0,0.0072
60737,1,0.9828
60738,0,0.0372
60739,0,0.3915
60740,0,0.1397
60741,0,0.1169
60742,0,0.0831
60743,0,0.0124
60744,0,0.0619
60745,0,0.0527
60746,0,0.0554
60747,0,0.0454
60748,0,0.0055
60749,0,0.0097
60750,0,0.0126
60751,0,0.0205
60752,0,0.0059
60753,0,0.0598
60754,0,0.0051
60755,0,0.0603
60756,0,0.0269
60757,0,0.0299
60758,0,0.0454
60759,0,0.0026
60760,0,0.0175
60761,0,0.0147
60762,0,0.0054
60763,0,0.0088
60764,0,0.0315
60765,0,0.0124
60766,0,0.0142
60767,0,0.006
60768,0,0.0211
60769,0,0.003
60770,0,0.0403
60771,0,0.008
60772,0,0.014
60773,0,0.0488
60774,0,0.0308
60775,0,0.0142
60776,0,0.0012
60777,0,0.0942
60778,0,0.025
60779,0,0.0138
60780,0,0.0718
60781,0,0.0023
60782,0,0.0008
60783,0,0.0123
60784,0,0.036
60785,0,0.0222
60786,0,0.021
60787,0,0.0284
60788,1,0.9854
60789,0,0.0687
60790,0,0.022
60791,0,0.0092
60792,0,0.008
60793,0,0.263
60794,0,0.0089
60795,0,0.0171
60796,0,0.0296
60797,0,0.0018
60798,0,0.0107
60799,0,0.1821
60800,0,0.0476
60801,0,0.0502
60802,0,0.0073
60803,0,0.0116
60804,0,0.0323
60805,0,0.0203
60806,0,0.0112
60807,0,0.0052
60808,0,0.0432
60809,0,0.0166
60810,0,0.0132
60811,0,0.007
60812,0,0.0941
60813,0,0.1129
60814,0,0.0437
60815,0,0.1147
60816,0,0.0104
60817,0,0.0315
60818,0,0.0371
60819,1,0.9049
60820,1,0.954
60821,0,0.0241
60822,0,0.0343
60823,0,0.0338
60824,0,0.0145
60825,0,0.0128
60826,0,0.0296
60827,0,0.0284
60828,0,0.0084
60829,0,0.0063
60830,0,0.0283
60831,0,0.0134
60832,0,0.0077
60833,0,0.0056
60834,0,0.1112
60835,1,0.7991
60836,0,0.0063
60837,0,0.077
60838,0,0.0659
60839,0,0.0083
60840,0,0.04
60841,0,0.0133
60842,0,0.0297
60843,1,0.9556
60844,0,0.0233
60845,0,0.0137
60846,0,0.0039
60847,0,0.0533
60848,0,0.0447
60849,0,0.0066
60850,0,0.0118
60851,0,0.0598
60852,0,0.0191
60853,0,0.045
60854,0,0.001
60855,0,0.0049
60856,0,0.003
60857,0,0.1668
60858,0,0.0316
60859,1,0.7876
60860,0,0.0248
60861,0,0.0137
60862,0,0.1042
60863,0,0.0157
60864,0,0.0047
60865,0,0.0018
60866,0,0.0284
60867,0,0.0119
60868,0,0.0312
60869,0,0.0086
60870,0,0.005
60871,0,0.4338
60872,0,0.0462
60873,0,0.0225
60874,0,0.0168
60875,0,0.0029
60876,0,0.0058
60877,0,0.0132
60878,0,0.0277
60879,0,0.0044
60880,0,0.0158
60881,0,0.0075
60882,0,0.0034
60883,0,0.0038
60884,0,0.0441
60885,0,0.0048
60886,1,0.964
60887,0,0.0088
60888,1,0.8283
60889,0,0.0059
60890,0,0.0295
60891,0,0.1852
60892,0,0.0207
60893,0,0.0614
60894,0,0.0132
60895,0,0.0052
60896,0,0.0112
60897,0,0.0828
60898,0,0.0074
60899,0,0.0037
60900,0,0.0247
60901,0,0.17
60902,0,0.0154
60903,0,0.0034
60904,0,0.015
60905,0,0.0703
60906,0,0.0222
60907,0,0.0269
60908,0,0.0164
60909,0,0.0075
60910,0,0.0516
60911,0,0.0074
60912,0,0.0216
60913,0,0.1059
60914,0,0.0492
60915,1,0.9296
60916,0,0.018
60917,0,0.0069
60918,0,0.0163
60919,1,0.9756
60920,0,0.0909
60921,0,0.0162
60922,0,0.0024
60923,0,0.0431
60924,0,0.2049
60925,0,0.0128
60926,1,0.9118
60927,0,0.153
60928,0,0.0354
60929,0,0.0827
60930,0,0.0087
60931,0,0.0304
60932,0,0.0281
60933,0,0.0188
60934,0,0.0538
60935,1,0.9649
60936,1,0.8347
60937,0,0.0164
60938,0,0.013
60939,0,0.0294
60940,0,0.1117
60941,0,0.0135
60942,0,0.0069
60943,0,0.0088
60944,0,0.0054
60945,0,0.0093
60946,0,0.0277
60947,0,0.0266
60948,0,0.1069
60949,0,0.0361
60950,0,0.0184
60951,0,0.0331
60952,0,0.0277
60953,0,0.0195
60954,0,0.0146
60955,0,0.0951
60956,1,0.5778
60957,0,0.0192
60958,0,0.1329
60959,0,0.0661
60960,0,0.0731
60961,0,0.1087
60962,0,0.0295
60963,0,0.0124
60964,0,0.0599
60965,0,0.4509
60966,0,0.068
60967,0,0.0059
60968,0,0.2146
60969,0,0.0063
60970,0,0.1734
60971,0,0.0166
60972,1,0.9752
60973,0,0.0206
60974,0,0.0127
60975,0,0.0364
60976,0,0.0577
60977,1,0.7582
60978,0,0.0088
60979,0,0.0202
60980,0,0.0146
60981,1,0.9619
60982,0,0.0683
60983,1,0.818
60984,1,0.8916
60985,0,0.0587
60986,0,0.0123
60987,0,0.0616
60988,0,0.057
60989,0,0.0398
60990,0,0.0082
60991,0,0.0123
60992,0,0.0145
60993,0,0.0176
60994,0,0.0442
60995,0,0.0072
60996,1,0.9912
60997,0,0.1233
60998,0,0.1715
60999,0,0.0061
61000,0,0.0162
61001,0,0.0081
61002,1,0.9678
61003,0,0.0369
61004,0,0.0113
61005,0,0.1225
61006,0,0.1238
61007,1,0.6883
61008,0,0.0308
61009,0,0.0164
61010,1,0.9546
61011,0,0.0059
61012,0,0.0144
61013,0,0.0026
61014,1,0.9511
61015,1,0.9333
61016,0,0.0451
61017,0,0.059
61018,0,0.0186
61019,0,0.0226
61020,1,0.8682
61021,0,0.0088
61022,1,0.9699
61023,0,0.0096
61024,0,0.1989
61025,0,0.0651
61026,0,0.0008
61027,0,0.0024
61028,0,0.0224
61029,0,0.0622
61030,0,0.0077
61031,1,0.9836
61032,0,0.0234
61033,0,0.0026
61034,0,0.0379
61035,0,0.0256
61036,0,0.0916
61037,1,0.9759
61038,0,0.0038
61039,0,0.0032
61040,0,0.027
61041,1,0.9271
61042,0,0.0416
61043,0,0.0073
61044,0,0.0482
61045,1,0.9547
61046,0,0.0964
61047,0,0.0041
61048,0,0.0093
61049,0,0.2396
61050,0,0.0233
61051,0,0.0665
61052,0,0.0025
61053,1,0.9506
61054,0,0.0133
61055,0,0.005
61056,0,0.0047
61057,0,0.1084
61058,0,0.011
61059,0,0.0257
61060,0,0.0209
61061,0,0.1394
61062,0,0.0327
61063,1,0.8821
61064,0,0.0093
61065,0,0.0269
61066,0,0.0251
61067,0,0.0048
61068,1,0.9261
61069,0,0.0207
61070,0,0.0013
61071,0,0.2394
61072,0,0.0026
61073,0,0.0207
61074,0,0.024
61075,0,0.0132
61076,0,0.0235
61077,0,0.0346
61078,1,0.7016
61079,0,0.0877
61080,0,0.0078
61081,0,0.3102
61082,0,0.1808
61083,0,0.0327
61084,0,0.0055
61085,1,0.9541
61086,0,0.0184
61087,0,0.01
61088,0,0.0025
61089,0,0.0396
61090,0,0.0023
61091,0,0.0591
61092,0,0.0063
61093,1,0.9588
61094,0,0.0637
61095,1,0.652
61096,0,0.0019
61097,0,0.0069
61098,0,0.0229
61099,0,0.0062
61100,0,0.0053
61101,0,0.0272
61102,1,0.9279
61103,0,0.2014
61104,0,0.0766
61105,0,0.0057
61106,0,0.0128
61107,0,0.0373
61108,1,0.86
61109,1,0.9688
61110,0,0.0139
61111,0,0.2879
61112,0,0.0388
61113,0,0.0169
61114,0,0.0106
61115,0,0.0349
61116,1,0.9719
61117,0,0.0064
61118,0,0.0452
61119,0,0.0212
61120,1,0.9802
61121,0,0.0999
61122,0,0.0049
61123,0,0.0902
61124,0,0.0062
61125,0,0.001
61126,0,0.006
61127,0,0.1495
61128,0,0.0175
61129,0,0.1561
61130,0,0.0102
61131,0,0.0105
61132,0,0.0133
61133,0,0.0223
61134,0,0.0718
61135,0,0.0073
61136,0,0.0302
61137,0,0.0096
61138,0,0.0012
61139,0,0.0043
61140,0,0.2935
61141,0,0.0202
61142,0,0.0114
61143,0,0.0574
61144,1,0.8833
61145,0,0.036
61146,0,0.0106
61147,0,0.123
61148,1,0.8303
61149,0,0.0088
61150,0,0.0608
61151,0,0.0077
61152,0,0.0026
61153,0,0.0083
61154,0,0.0733
61155,0,0.0373
61156,1,0.9749
61157,0,0.0121
61158,1,0.9345
61159,1,0.9221
61160,1,0.9263
61161,1,0.9651
61162,0,0.367
61163,1,0.9836
61164,0,0.07
61165,0,0.1854
61166,0,0.0034
61167,0,0.0187
61168,0,0.0588
61169,0,0.0153
61170,0,0.0311
61171,1,0.9788
61172,0,0.0019
61173,0,0.0326
61174,0,0.1687
61175,1,0.8649
61176,0,0.0069
61177,0,0.0689
61178,0,0.0777
61179,0,0.0575
61180,0,0.0655
61181,0,0.0388
61182,0,0.0162
61183,1,0.7744
61184,0,0.0028
61185,0,0.0229
61186,0,0.0356
61187,0,0.1267
61188,1,0.9717
61189,0,0.0103
61190,1,0.9568
61191,0,0.0344
61192,1,0.9546
61193,1,0.8888
61194,1,0.9547
61195,0,0.0017
61196,0,0.0258
61197,0,0.0338
61198,0,0.1061
61199,0,0.0028
61200,0,0.019
61201,0,0.0135
61202,0,0.0013
61203,0,0.1012
61204,0,0.0059
61205,0,0.0045
61206,0,0.0154
61207,0,0.0643
61208,0,0.3582
61209,0,0.0026
61210,0,0.0063
61211,0,0.0055
61212,0,0.1537
61213,0,0.0541
61214,0,0.0513
61215,0,0.0329
61216,0,0.0654
61217,0,0.0035
61218,0,0.2849
61219,0,0.0062
61220,0,0.0246
61221,0,0.0209
61222,0,0.0025
61223,0,0.0048
61224,0,0.1765
61225,0,0.0009
61226,0,0.0553
61227,0,0.0157
61228,0,0.0663
61229,0,0.0347
61230,0,0.026
61231,0,0.0177
61232,0,0.0311
61233,0,0.0524
61234,0,0.3214
61235,1,0.917
61236,0,0.0475
61237,0,0.0278
61238,1,0.9585
61239,1,0.9514
61240,0,0.0281
61241,0,0.0436
61242,0,0.3059
61243,0,0.0791
61244,0,0.0156
61245,0,0.2695
61246,0,0.0424
61247,0,0.0797
61248,0,0.0028
61249,0,0.0029
61250,0,0.0461
61251,0,0.0232
61252,1,0.9745
61253,1,0.9627
61254,0,0.1008
61255,1,0.9443
61256,0,0.0381
61257,0,0.0089
61258,0,0.0015
61259,0,0.0109
61260,0,0.3073
61261,0,0.0214
61262,0,0.0112
61263,0,0.0666
61264,0,0.0043
61265,0,0.0174
61266,0,0.008
61267,0,0.0789
61268,0,0.0031
61269,1,0.6615
61270,1,0.8068
61271,0,0.366
61272,0,0.0133
61273,0,0.2729
61274,0,0.0086
61275,0,0.0025
61276,0,0.0434
61277,0,0.0179
61278,0,0.0849
61279,0,0.0656
61280,0,0.0141
61281,0,0.0057
61282,0,0.0196
61283,0,0.0329
61284,0,0.076
61285,0,0.1362
61286,0,0.0488
61287,0,0.0657
61288,0,0.0693
61289,0,0.0188
61290,0,0.0069
61291,0,0.0419
61292,0,0.4026
61293,0,0.0091
61294,0,0.0126
61295,0,0.0255
61296,0,0.0185
61297,0,0.0133
61298,0,0.0289
61299,0,0.1362
61300,1,0.9554
61301,0,0.0274
61302,0,0.0145
61303,0,0.0258
61304,0,0.2002
61305,0,0.0037
61306,0,0.0133
61307,0,0.1962
61308,0,0.0149
61309,0,0.0038
61310,0,0.0272
61311,0,0.0135
61312,0,0.0225
61313,0,0.0827
61314,1,0.9787
61315,0,0.0835
61316,0,0.0057
61317,1,0.973
61318,0,0.0792
61319,0,0.0184
61320,0,0.0214
61321,1,0.9779
61322,0,0.0432
61323,0,0.0269
61324,0,0.0577
61325,0,0.0605
61326,0,0.0062
61327,0,0.1656
61328,0,0.0911
61329,0,0.0237
61330,0,0.0668
61331,0,0.2249
61332,0,0.0447
61333,0,0.0279
61334,0,0.4122
61335,0,0.0132
61336,1,0.9288
61337,0,0.4555
61338,0,0.0242
61339,0,0.0102
61340,0,0.015
61341,0,0.015
61342,0,0.0581
61343,0,0.0188
61344,0,0.079
61345,0,0.0498
61346,0,0.014
61347,0,0.1043
61348,0,0.036
61349,0,0.2686
61350,0,0.1332
61351,1,0.9302
61352,0,0.0136
61353,0,0.0266
61354,0,0.0104
61355,0,0.0297
61356,0,0.0449
61357,0,0.0265
61358,1,0.9871
61359,0,0.0219
61360,0,0.1323
61361,0,0.0251
61362,0,0.0443
61363,1,0.963
61364,0,0.0494
61365,0,0.0104
61366,0,0.0087
61367,0,0.009
61368,0,0.0463
61369,0,0.0121
61370,0,0.0086
61371,0,0.015
61372,0,0.0577
61373,0,0.035
61374,0,0.006
61375,0,0.0289
61376,0,0.0831
61377,0,0.0069
61378,0,0.0166
61379,1,0.9843
61380,0,0.0475
61381,1,0.9654
61382,0,0.014
61383,0,0.0065
61384,0,0.0349
61385,0,0.008
61386,0,0.0138
61387,0,0.0045
61388,0,0.0104
61389,0,0.0136
61390,0,0.0053
61391,0,0.0329
61392,0,0.0082
61393,0,0.0053
61394,0,0.0131
61395,0,0.1027
61396,0,0.0856
61397,0,0.0112
61398,0,0.0095
61399,0,0.0038
61400,0,0.1461
61401,0,0.0577
61402,0,0.0279
61403,0,0.0133
61404,0,0.0036
61405,0,0.0155
61406,0,0.0065
61407,0,0.0085
61408,0,0.0473
61409,0,0.0063
61410,0,0.4145
61411,0,0.3461
61412,0,0.0116
61413,0,0.0047
61414,1,0.9575
61415,1,0.9697
61416,0,0.0245
61417,0,0.0167
61418,1,0.9135
61419,0,0.0074
61420,0,0.0029
61421,0,0.0103
61422,0,0.0391
61423,0,0.0034
61424,0,0.0133
61425,0,0.0039
61426,0,0.1531
61427,0,0.0137
61428,0,0.2072
61429,0,0.0394
61430,0,0.0359
61431,1,0.9316
61432,0,0.0091
61433,0,0.0122
61434,1,0.9719
61435,0,0.0132
61436,0,0.0926
61437,0,0.097
61438,0,0.0028
61439,1,0.9633
61440,1,0.9303
61441,0,0.0371
61442,0,0.0218
61443,0,0.0278
61444,0,0.001
61445,0,0.0223
61446,0,0.109
61447,0,0.0073
61448,0,0.0662
61449,0,0.002
61450,0,0.0069
61451,0,0.003
61452,0,0.0193
61453,0,0.0276
61454,0,0.0061
61455,0,0.0115
61456,0,0.0139
61457,0,0.0097
61458,0,0.021
61459,0,0.0157
61460,0,0.0771
61461,0,0.0169
61462,0,0.0361
61463,1,0.9467
61464,0,0.0523
61465,0,0.0263
61466,0,0.119
61467,0,0.0307
61468,0,0.0177
61469,0,0.0965
61470,0,0.0041
61471,0,0.0047
61472,0,0.0163
61473,0,0.0053
61474,0,0.271
61475,0,0.0151
61476,0,0.0304
61477,0,0.0848
61478,0,0.0998
61479,0,0.0688
61480,0,0.0347
61481,0,0.0255
61482,0,0.0521
61483,0,0.0091
61484,0,0.0101
61485,0,0.0039
61486,1,0.8972
61487,0,0.0107
61488,1,0.9587
61489,0,0.0212
61490,0,0.0355
61491,0,0.1277
61492,0,0.006
61493,0,0.0335
61494,0,0.0069
61495,0,0.1362
61496,0,0.0322
61497,0,0.0147
61498,0,0.0094
61499,0,0.0195
61500,0,0.007
61501,0,0.0649
61502,0,0.0126
61503,0,0.04
61504,0,0.0232
61505,1,0.8228
61506,0,0.0439
61507,0,0.0128
61508,0,0.0224
61509,1,0.787
61510,0,0.0169
61511,0,0.0067
61512,1,0.9773
61513,0,0.0139
61514,0,0.0116
61515,0,0.0852
61516,0,0.0628
61517,0,0.0038
61518,0,0.069
61519,0,0.0236
61520,0,0.0515
61521,0,0.0106
61522,0,0.1316
61523,0,0.004
61524,1,0.9828
61525,0,0.0508
61526,0,0.0139
61527,0,0.0664
61528,0,0.0253
61529,0,0.0252
61530,0,0.0615
61531,0,0.0074
61532,1,0.9747
61533,0,0.1445
61534,0,0.3748
61535,0,0.0764
61536,0,0.0049
61537,0,0.018
61538,0,0.0294
61539,0,0.0266
61540,0,0.039
61541,0,0.285
61542,0,0.0017
61543,0,0.0068
61544,0,0.0011
61545,0,0.1947
61546,0,0.0913
61547,0,0.1295
61548,0,0.0065
61549,0,0.0315
61550,0,0.0441
61551,0,0.01
61552,0,0.021
61553,0,0.0466
61554,0,0.001
61555,0,0.0042
61556,0,0.3127
61557,1,0.8605
61558,0,0.0208
61559,0,0.0056
61560,0,0.0032
61561,0,0.0029
61562,0,0.0357
61563,0,0.0185
61564,1,0.9781
61565,0,0.0763
61566,0,0.0171
61567,0,0.2677
61568,0,0.0276
61569,0,0.0262
61570,0,0.023
61571,0,0.0319
61572,0,0.0441
61573,0,0.0321
61574,0,0.0041
61575,0,0.0192
61576,0,0.0045
61577,0,0.0796
61578,0,0.0265
61579,0,0.0306
61580,0,0.026
61581,1,0.9588
61582,0,0.0798
61583,0,0.0897
61584,0,0.0058
61585,0,0.0094
61586,0,0.0164
61587,0,0.0452
61588,0,0.0098
61589,0,0.0033
61590,0,0.0123
61591,0,0.0217
61592,0,0.0156
61593,0,0.0675
61594,0,0.0041
61595,0,0.0048
61596,1,0.9401
61597,0,0.0244
61598,0,0.0093
61599,0,0.0126
61600,0,0.0471
61601,0,0.0676
61602,0,0.0091
61603,0,0.0059
61604,0,0.0074
61605,0,0.0194
61606,0,0.0664
61607,0,0.0136
61608,1,0.9513
61609,0,0.0537
61610,0,0.0083
61611,0,0.1929
61612,0,0.0054
61613,0,0.031
61614,1,0.9481
61615,0,0.0215
61616,0,0.0444
61617,0,0.0016
61618,1,0.8952
61619,0,0.0612
61620,0,0.3387
61621,0,0.0248
61622,0,0.0154
61623,0,0.0018
61624,1,0.6668
61625,0,0.0068
61626,0,0.0501
61627,0,0.0079
61628,0,0.0104
61629,0,0.2416
61630,0,0.0294
61631,0,0.1777
61632,0,0.0678
61633,0,0.0021
61634,0,0.0363
61635,0,0.0056
61636,0,0.0524
61637,0,0.0203
61638,0,0.014
61639,0,0.2159
61640,0,0.0047
61641,0,0.0089
61642,0,0.0038
61643,0,0.0578
61644,0,0.0148
61645,0,0.0265
61646,0,0.0653
61647,0,0.0019
61648,0,0.2978
61649,0,0.0704
61650,0,0.0055
61651,0,0.0359
61652,0,0.1284
61653,0,0.1096
61654,0,0.0093
61655,0,0.0159
61656,0,0.0093
61657,0,0.0566
61658,0,0.0372
61659,0,0.0359
61660,0,0.0503
61661,0,0.0277
61662,0,0.4597
61663,0,0.0349
61664,0,0.0217
61665,0,0.3134
61666,0,0.0938
61667,1,0.84
61668,0,0.0102
61669,0,0.024
61670,0,0.0024
61671,0,0.0083
61672,0,0.0384
61673,0,0.0113
61674,0,0.0462
61675,0,0.1292
61676,1,0.9743
61677,0,0.0675
61678,0,0.0167
61679,0,0.0056
61680,0,0.0206
61681,0,0.0175
61682,0,0.0035
61683,0,0.0009
61684,0,0.0161
61685,0,0.0046
61686,0,0.0623
61687,0,0.0058
61688,0,0.0542
61689,0,0.0058
61690,0,0.0113
61691,0,0.1919
61692,0,0.038
61693,0,0.0138
61694,0,0.0262
61695,0,0.0153
61696,1,0.9407
61697,0,0.0462
61698,0,0.0324
61699,0,0.0026
61700,1,0.9879
61701,0,0.0229
61702,0,0.0614
61703,0,0.0134
61704,0,0.0157
61705,1,0.9503
61706,0,0.0545
61707,0,0.0035
61708,0,0.0053
61709,0,0.0042
61710,0,0.0438
61711,0,0.0146
61712,1,0.9619
61713,0,0.0538
61714,0,0.0266
61715,0,0.0257
61716,0,0.0906
61717,1,0.9225
61718,0,0.162
61719,0,0.0267
61720,1,0.9703
61721,1,0.9696
61722,0,0.0054
61723,0,0.0209
61724,0,0.0014
61725,0,0.0461
61726,0,0.059
61727,0,0.0054
61728,0,0.0093
61729,0,0.0568
61730,0,0.1061
61731,0,0.0028
61732,0,0.0329
61733,0,0.0534
61734,0,0.024
61735,0,0.079
61736,0,0.0508
61737,0,0.0401
61738,1,0.9815
61739,0,0.1173
61740,0,0.0088
61741,0,0.0068
61742,0,0.0121
61743,0,0.0556
61744,0,0.0093
61745,0,0.0451
61746,0,0.0959
61747,0,0.0072
61748,0,0.0689
61749,0,0.0014
61750,0,0.0578
61751,0,0.0702
61752,0,0.1388
61753,0,0.0945
61754,0,0.0223
61755,0,0.0581
61756,0,0.0283
61757,0,0.1891
61758,0,0.1101
61759,0,0.0012
61760,0,0.0615
61761,0,0.0188
61762,0,0.0054
61763,0,0.0256
61764,0,0.3765
61765,0,0.0029
61766,0,0.0102
61767,0,0.0082
61768,0,0.0087
61769,0,0.0084
61770,0,0.0215
61771,0,0.1746
61772,0,0.0245
61773,0,0.0039
61774,0,0.1114
61775,0,0.0027
61776,1,0.827
61777,0,0.0027
61778,0,0.0097
61779,0,0.0586
61780,0,0.0321
61781,1,0.9705
61782,1,0.9112
61783,0,0.0134
61784,0,0.0279
61785,0,0.0349
61786,0,0.0058
61787,0,0.0296
61788,0,0.0476
61789,1,0.9015
61790,0,0.0009
61791,0,0.011
61792,0,0.0107
61793,0,0.0155
61794,0,0.091
61795,0,0.0193
61796,0,0.0658
61797,0,0.0125
61798,0,0.0644
61799,0,0.0024
61800,1,0.9918
61801,0,0.0135
61802,0,0.0145
61803,0,0.0246
61804,0,0.0291
61805,0,0.1096
61806,0,0.0016
61807,0,0.1146
61808,0,0.0271
61809,0,0.0265
61810,0,0.0136
61811,1,0.9723
61812,0,0.0104
61813,0,0.0596
61814,0,0.0041
61815,0,0.4563
61816,1,0.9413
61817,0,0.0526
61818,0,0.0288
61819,0,0.0269
61820,0,0.0526
61821,0,0.0312
61822,0,0.0014
61823,0,0.0028
61824,1,0.9761
61825,0,0.0302
61826,0,0.0124
61827,0,0.2447
61828,0,0.0635
61829,0,0.0138
61830,0,0.0143
61831,0,0.0701
61832,0,0.01
61833,0,0.0154
61834,0,0.0425
61835,0,0.0064
61836,0,0.0125
61837,0,0.0326
61838,1,0.7073
61839,0,0.1281
61840,0,0.015
61841,0,0.0008
61842,0,0.0774
61843,0,0.0592
61844,0,0.001
61845,0,0.0732
61846,0,0.0127
61847,0,0.0009
61848,0,0.3607
61849,0,0.294
61850,0,0.0488
61851,0,0.0287
61852,0,0.0722
61853,1,0.9563
61854,0,0.0442
61855,0,0.1294
61856,0,0.1214
61857,0,0.0236
61858,0,0.0728
61859,0,0.0594
61860,0,0.2486
61861,1,0.941
61862,0,0.0525
61863,0,0.026
61864,0,0.0027
61865,0,0.0212
61866,0,0.0156
61867,0,0.0219
61868,0,0.0302
61869,1,0.6452
61870,0,0.0267
61871,0,0.0139
61872,0,0.0497
61873,0,0.0282
61874,1,0.9683
61875,0,0.2121
61876,0,0.0569
61877,0,0.0762
61878,0,0.063
61879,0,0.0073
61880,0,0.0544
61881,0,0.0372
61882,0,0.0097
61883,0,0.1866
61884,0,0.0061
61885,0,0.0069
61886,0,0.0127
61887,0,0.0269
61888,0,0.0179
61889,0,0.0247
61890,0,0.0388
61891,0,0.0214
61892,0,0.0119
61893,0,0.0427
61894,0,0.1021
61895,0,0.0379
61896,0,0.0006
61897,0,0.0508
61898,1,0.9698
61899,0,0.0329
61900,0,0.0108
61901,0,0.0259
61902,0,0.0144
61903,0,0.0584
61904,1,0.9331
61905,0,0.0087
61906,0,0.0019
61907,0,0.025
61908,0,0.0038
61909,0,0.0019
61910,0,0.0269
61911,1,0.8154
61912,0,0.3192
61913,0,0.028
61914,0,0.0115
61915,0,0.0307
61916,1,0.744
61917,0,0.0183
61918,0,0.0766
61919,0,0.2769
61920,0,0.0016
61921,0,0.0482
61922,0,0.0476
61923,0,0.0849
61924,0,0.0093
61925,0,0.1307
61926,1,0.675
61927,1,0.9717
61928,0,0.0065
61929,0,0.0085
61930,0,0.0154
61931,0,0.0388
61932,1,0.6768
61933,0,0.0045
61934,0,0.0327
61935,0,0.0076
61936,0,0.1104
61937,1,0.9872
61938,0,0.0797
61939,1,0.9791
61940,0,0.2543
61941,0,0.0787
61942,0,0.0113
61943,0,0.0168
61944,0,0.0078
61945,0,0.0159
61946,0,0.0222
61947,0,0.0056
61948,0,0.0071
61949,0,0.0169
61950,1,0.9335
61951,0,0.092
61952,0,0.0254
61953,1,0.8412
61954,0,0.0011
61955,0,0.0607
61956,0,0.0503
61957,0,0.0048
61958,0,0.0337
61959,0,0.0013
61960,0,0.0077
61961,0,0.0055
61962,0,0.0093
61963,0,0.0148
61964,0,0.0317
61965,0,0.4774
61966,0,0.0486
61967,0,0.0178
61968,0,0.0313
61969,0,0.0275
61970,0,0.1663
61971,0,0.028
61972,0,0.3543
61973,0,0.0152
61974,0,0.1072
61975,0,0.0205
61976,0,0.0087
61977,0,0.0313
61978,0,0.2097
61979,0,0.1917
61980,0,0.0094
61981,1,0.9853
61982,1,0.9074
61983,0,0.0182
61984,0,0.0138
61985,0,0.0224
61986,0,0.0769
61987,0,0.0065
61988,0,0.0355
61989,0,0.0251
61990,0,0.006
61991,0,0.0178
61992,0,0.1612
61993,0,0.012
61994,0,0.03
61995,0,0.0219
61996,0,0.0414
61997,0,0.0326
61998,0,0.0184
61999,0,0.0245
62000,0,0.0019
62001,0,0.0135
62002,0,0.0276
62003,0,0.3687
62004,0,0.0769
62005,0,0.0133
62006,0,0.0045
62007,0,0.138
62008,0,0.0223
62009,0,0.0156
62010,0,0.0328
62011,0,0.002
62012,0,0.0071
62013,0,0.012
62014,0,0.1165
62015,0,0.2571
62016,0,0.0022
62017,0,0.0135
62018,0,0.0121
62019,0,0.0897
62020,0,0.0025
62021,0,0.0208
62022,1,0.9416
62023,1,0.9549
62024,0,0.0294
62025,0,0.0091
62026,0,0.0137
62027,1,0.9686
62028,0,0.1023
62029,0,0.0045
62030,0,0.0525
62031,0,0.0028
62032,0,0.0517
62033,0,0.0836
62034,0,0.0057
62035,0,0.0246
62036,0,0.1233
62037,0,0.2918
62038,0,0.0143
62039,0,0.436
62040,1,0.9166
62041,0,0.048
62042,1,0.8709
62043,0,0.0024
62044,1,0.9016
62045,0,0.0047
62046,0,0.007
62047,0,0.0101
62048,0,0.0269
62049,0,0.0279
62050,0,0.039
62051,0,0.0238
62052,0,0.0107
62053,1,0.617
62054,0,0.1147
62055,0,0.0561
62056,0,0.0109
62057,0,0.0076
62058,0,0.0456
62059,0,0.0098
62060,0,0.0191
62061,0,0.0444
62062,0,0.0882
62063,0,0.0007
62064,0,0.0842
62065,0,0.0835
62066,0,0.1034
62067,0,0.0272
62068,0,0.0268
62069,0,0.0022
62070,0,0.0163
62071,0,0.056
62072,1,0.947
62073,0,0.0024
62074,0,0.0242
62075,0,0.1308
62076,0,0.0307
62077,0,0.0026
62078,0,0.0212
62079,1,0.9166
62080,0,0.12
62081,0,0.0227
62082,0,0.0687
62083,0,0.0997
62084,0,0.0904
62085,1,0.8985
62086,0,0.0009
62087,1,0.9586
62088,0,0.0159
62089,0,0.0009
62090,0,0.0139
62091,1,0.571
62092,0,0.0062
62093,0,0.0546
62094,0,0.1548
62095,0,0.0091
62096,0,0.009
62097,0,0.0039
62098,1,0.796
62099,0,0.0615
62100,0,0.0194
62101,0,0.0241
62102,0,0.063
62103,0,0.0229
62104,0,0.0042
62105,0,0.017
62106,0,0.0109
62107,0,0.0168
62108,0,0.0077
62109,0,0.0608
62110,0,0.0374
62111,0,0.0453
62112,0,0.1036
62113,0,0.0294
62114,0,0.0198
62115,0,0.0071
62116,0,0.2803
62117,0,0.0193
62118,0,0.1416
62119,0,0.0067
62120,0,0.0084
62121,0,0.0393
62122,0,0.023
62123,0,0.125
62124,0,0.0162
62125,0,0.0266
62126,0,0.0356
62127,0,0.0115
62128,0,0.0086
62129,0,0.0081
62130,0,0.0039
62131,0,0.2577
62132,0,0.0053
62133,0,0.1048
62134,0,0.0699
62135,0,0.0356
62136,1,0.9699
62137,0,0.3237
62138,0,0.0351
62139,0,0.1866
62140,0,0.1143
62141,1,0.6395
62142,0,0.0347
62143,0,0.0058
62144,0,0.0663
62145,1,0.9389
62146,0,0.0432
62147,0,0.0064
62148,0,0.1099
62149,0,0.0403
62150,0,0.048
62151,0,0.0057
62152,0,0.0624
62153,0,0.0303
62154,1,0.9744
62155,0,0.0254
62156,0,0.0473
62157,0,0.0065
62158,0,0.0147
62159,0,0.0508
62160,0,0.0203
62161,0,0.0145
62162,0,0.0322
62163,0,0.0071
62164,0,0.0579
62165,0,0.0158
62166,0,0.0199
62167,1,0.8962
62168,0,0.007
62169,0,0.4972
62170,0,0.1769
62171,0,0.0022
62172,0,0.0162
62173,0,0.185
62174,0,0.0347
62175,0,0.0056
62176,0,0.0194
62177,1,0.7656
62178,0,0.1941
62179,0,0.0335
62180,0,0.0076
62181,0,0.0192
62182,0,0.0079
62183,0,0.0139
62184,0,0.0196
62185,0,0.0048
62186,0,0.0473
62187,0,0.0046
62188,0,0.018
62189,0,0.0032
62190,0,0.1063
62191,1,0.8532
62192,0,0.042
62193,0,0.1076
62194,0,0.026
62195,0,0.0638
62196,0,0.009
62197,0,0.0076
62198,0,0.0142
62199,0,0.056
62200,1,0.8579
62201,0,0.3179
62202,0,0.0054
62203,0,0.0044
62204,0,0.0138
62205,1,0.9141
62206,0,0.1533
62207,0,0.1082
62208,0,0.001
62209,0,0.0691
62210,0,0.0608
62211,0,0.0194
62212,0,0.0243
62213,0,0.0557
62214,0,0.0148
62215,0,0.0195
62216,0,0.2581
62217,0,0.024
62218,0,0.0509
62219,0,0.0056
62220,0,0.017
62221,0,0.0286
62222,0,0.0272
62223,1,0.9822
62224,0,0.0307
62225,0,0.148
62226,0,0.0404
62227,0,0.0131
62228,0,0.0384
62229,0,0.0137
62230,0,0.0022
62231,0,0.0071
62232,0,0.0051
62233,0,0.0311
62234,0,0.0359
62235,0,0.0696
62236,0,0.0057
62237,0,0.1045
62238,0,0.0087
62239,1,0.9105
62240,0,0.0068
62241,0,0.0566
62242,0,0.0883
62243,0,0.0162
62244,0,0.0176
62245,0,0.0155
62246,0,0.0128
62247,0,0.0092
62248,0,0.0568
62249,1,0.8614
62250,0,0.0106
62251,0,0.0241
62252,0,0.0058
62253,0,0.0274
62254,0,0.0203
62255,0,0.0063
62256,0,0.0292
62257,0,0.0067
62258,0,0.0501
62259,0,0.0132
62260,0,0.0112
62261,0,0.0169
62262,1,0.9067
62263,0,0.029
62264,0,0.3229
62265,0,0.0141
62266,0,0.0751
62267,0,0.1651
62268,0,0.0147
62269,0,0.0572
62270,0,0.1203
62271,0,0.3416
62272,0,0.4041
62273,0,0.0065
62274,0,0.0185
62275,0,0.0309
62276,0,0.0292
62277,0,0.1977
62278,0,0.0456
62279,0,0.0158
62280,0,0.0108
62281,0,0.0024
62282,0,0.0136
62283,0,0.0125
62284,0,0.0069
62285,0,0.0668
62286,0,0.0127
62287,0,0.0754
62288,0,0.0205
62289,0,0.3266
62290,0,0.0113
62291,1,0.9459
62292,0,0.0135
62293,0,0.0558
62294,0,0.0154
62295,0,0.0014
62296,0,0.0164
62297,0,0.0232
62298,0,0.0802
62299,0,0.0014
62300,0,0.0289
62301,0,0.0265
62302,0,0.0167
62303,0,0.0114
62304,0,0.0074
62305,0,0.0091
62306,0,0.0159
62307,0,0.0605
62308,0,0.0117
62309,0,0.1136
62310,0,0.0315
62311,0,0.0674
62312,0,0.0268
62313,0,0.0211
62314,0,0.009
62315,0,0.0176
62316,0,0.0016
62317,0,0.0784
62318,0,0.0257
62319,0,0.0079
62320,0,0.0031
62321,0,0.2378
62322,0,0.0193
62323,0,0.0121
62324,0,0.0465
62325,0,0.0418
62326,0,0.0209
62327,1,0.9664
62328,0,0.0362
62329,0,0.2665
62330,0,0.0264
62331,0,0.0844
62332,0,0.002
62333,0,0.038
62334,0,0.0066
62335,0,0.042
62336,1,0.9783
62337,0,0.0066
62338,0,0.0079
62339,0,0.1658
62340,0,0.0272
62341,0,0.0197
62342,1,0.9708
62343,0,0.0131
62344,0,0.0153
62345,0,0.0059
62346,0,0.0488
62347,0,0.0079
62348,0,0.0664
62349,0,0.0045
62350,1,0.9873
62351,0,0.0487
62352,0,0.0155
62353,0,0.0076
62354,0,0.0289
62355,0,0.0286
62356,1,0.9927
62357,0,0.0103
62358,0,0.0083
62359,0,0.0084
62360,0,0.0055
62361,0,0.032
62362,1,0.8679
62363,1,0.98
62364,0,0.3527
62365,0,0.034
62366,0,0.1652
62367,0,0.0334
62368,0,0.0121
62369,0,0.0325
62370,1,0.9405
62371,0,0.1839
62372,0,0.0064
62373,0,0.3305
62374,0,0.003
62375,0,0.0049
62376,0,0.4249
62377,0,0.0439
62378,0,0.2019
62379,0,0.012
62380,0,0.0065
62381,0,0.0194
62382,1,0.9717
62383,0,0.0119
62384,0,0.0038
62385,0,0.0303
62386,0,0.0962
62387,1,0.9863
62388,1,0.743
62389,0,0.0143
62390,0,0.0019
62391,1,0.9798
62392,0,0.0325
62393,0,0.0079
62394,0,0.0123
62395,0,0.0248
62396,0,0.0665
62397,0,0.011
62398,0,0.042
62399,0,0.0046
62400,0,0.3766
62401,0,0.0457
62402,0,0.0395
62403,0,0.0122
62404,0,0.2845
62405,0,0.0187
62406,0,0.0261
62407,0,0.0447
62408,0,0.0436
62409,0,0.0383
62410,0,0.0227
62411,0,0.0604
62412,0,0.0108
62413,0,0.2082
62414,0,0.0071
62415,0,0.0072
62416,0,0.0078
62417,0,0.011
62418,0,0.0047
62419,0,0.0471
62420,0,0.0458
62421,0,0.012
62422,0,0.0324
62423,0,0.0104
62424,0,0.0012
62425,0,0.0092
62426,0,0.0457
62427,0,0.019
62428,0,0.0082
62429,0,0.0094
62430,0,0.0598
62431,1,0.9611
62432,0,0.0663
62433,0,0.0285
62434,0,0.0032
62435,0,0.0106
62436,0,0.0654
62437,0,0.0012
62438,0,0.0152
62439,0,0.0492
62440,1,0.9349
62441,0,0.0719
62442,0,0.0035
62443,0,0.0021
62444,0,0.0325
62445,0,0.0269
62446,0,0.0697
62447,0,0.0065
62448,1,0.9367
62449,0,0.018
62450,0,0.0491
62451,0,0.0055
62452,0,0.0366
62453,0,0.0375
62454,0,0.0858
62455,1,0.9382
62456,0,0.0173
62457,0,0.0067
62458,0,0.0221
62459,0,0.0195
62460,0,0.0158
62461,0,0.1551
62462,0,0.0068
62463,1,0.8774
62464,1,0.923
62465,1,0.9708
62466,0,0.2975
62467,0,0.0275
62468,0,0.1322
62469,1,0.9689
62470,0,0.0198
62471,0,0.0377
62472,0,0.0239
62473,0,0.0223
62474,0,0.0071
62475,1,0.9111
62476,0,0.0642
62477,1,0.7759
62478,0,0.2547
62479,0,0.0641
62480,0,0.0148
62481,0,0.0485
62482,0,0.2871
62483,0,0.037
62484,0,0.0141
62485,0,0.0123
62486,0,0.0036
62487,0,0.092
62488,0,0.0061
62489,0,0.0051
62490,0,0.0393
62491,0,0.1084
62492,0,0.0509
62493,0,0.03
62494,0,0.149
62495,1,0.8261
62496,0,0.0057
62497,0,0.0489
62498,0,0.0145
62499,0,0.0105
62500,0,0.0139
62501,0,0.062
62502,1,0.9765
62503,0,0.0074
62504,1,0.9642
62505,0,0.0203
62506,0,0.0093
62507,0,0.0217
62508,0,0.0839
62509,0,0.0476
62510,0,0.0161
62511,0,0.1189
62512,0,0.0449
62513,0,0.0313
62514,1,0.6195
62515,0,0.0047
62516,0,0.0378
62517,0,0.0051
62518,0,0.0064
62519,1,0.9829
62520,0,0.0207
62521,0,0.0036
62522,0,0.0418
62523,0,0.0174
62524,0,0.0327
62525,0,0.1051
62526,1,0.9553
62527,0,0.0348
62528,1,0.9594
62529,0,0.0133
62530,0,0.0198
62531,0,0.0427
62532,0,0.0323
62533,0,0.085
62534,0,0.0388
62535,1,0.9627
62536,0,0.0226
62537,0,0.007
62538,1,0.9895
62539,0,0.0074
62540,0,0.1462
62541,1,0.5897
62542,0,0.0407
62543,0,0.0222
62544,0,0.0079
62545,0,0.0032
62546,0,0.1148
62547,1,0.6635
62548,0,0.0029
62549,0,0.0075
62550,0,0.0581
62551,0,0.018
62552,1,0.9809
62553,0,0.0845
62554,0,0.0143
62555,0,0.0131
62556,0,0.0083
62557,0,0.0645
62558,0,0.0624
62559,0,0.0121
62560,0,0.1195
62561,0,0.0516
62562,0,0.0089
62563,0,0.007
62564,0,0.1742
62565,0,0.0944
62566,0,0.0317
62567,0,0.0027
62568,0,0.2013
62569,0,0.0008
62570,0,0.1987
62571,0,0.0272
62572,0,0.0046
62573,0,0.0184
62574,0,0.0047
62575,0,0.0494
62576,0,0.0378
62577,0,0.0088
62578,0,0.0475
62579,0,0.0721
62580,0,0.0112
62581,0,0.1115
62582,0,0.0721
62583,0,0.0075
62584,1,0.8597
62585,0,0.0389
62586,1,0.907
62587,0,0.0266
62588,0,0.0148
62589,0,0.0053
62590,0,0.0016
62591,0,0.1541
62592,0,0.0087
62593,0,0.0117
62594,1,0.9814
62595,0,0.0708
62596,0,0.0862
62597,0,0.0253
62598,0,0.0183
62599,0,0.0294
62600,0,0.0268
62601,0,0.0132
62602,0,0.0393
62603,1,0.8369
62604,0,0.0219
62605,0,0.0561
62606,1,0.9341
62607,0,0.3544
62608,0,0.0431
62609,1,0.9793
62610,0,0.0195
62611,0,0.0059
62612,0,0.0011
62613,0,0.0381
62614,1,0.8417
62615,0,0.0101
62616,0,0.0114
62617,1,0.9784
62618,0,0.0009
62619,0,0.098
62620,1,0.8138
62621,0,0.0038
62622,0,0.0173
62623,0,0.1885
62624,0,0.0452
62625,0,0.0203
62626,0,0.0075
62627,1,0.9301
62628,0,0.007
62629,0,0.0698
62630,0,0.2233
62631,0,0.0632
62632,0,0.0184
62633,0,0.0081
62634,0,0.0288
62635,0,0.0042
62636,0,0.0352
62637,1,0.9776
62638,0,0.1095
62639,0,0.0997
62640,0,0.0574
62641,0,0.0065
62642,0,0.3216
62643,0,0.0438
62644,0,0.0209
62645,1,0.9854
62646,0,0.0218
62647,0,0.0043
62648,0,0.0226
62649,0,0.0459
62650,0,0.0255
62651,0,0.0639
62652,0,0.0093
62653,0,0.0009
62654,0,0.0096
62655,0,0.4428
62656,0,0.008
62657,0,0.0511
62658,0,0.0152
62659,0,0.0079
62660,0,0.0091
62661,0,0.003
62662,0,0.0143
62663,1,0.9877
62664,0,0.0676
62665,0,0.0421
62666,1,0.95
62667,0,0.0098
62668,0,0.0513
62669,0,0.0582
62670,0,0.0107
62671,0,0.0152
62672,0,0.0312
62673,0,0.0196
62674,0,0.0164
62675,0,0.0103
62676,0,0.0512
62677,0,0.1767
62678,0,0.0808
62679,0,0.0345
62680,0,0.0334
62681,0,0.0189
62682,0,0.0595
62683,0,0.0434
62684,0,0.0074
62685,0,0.0791
62686,0,0.1167
62687,1,0.9871
62688,0,0.0335
62689,0,0.0161
62690,0,0.1253
62691,1,0.9777
62692,0,0.0428
62693,1,0.9053
62694,0,0.0026
62695,0,0.0908
62696,1,0.9623
62697,0,0.0125
62698,0,0.1612
62699,0,0.1109
62700,0,0.0159
62701,0,0.0059
62702,0,0.0348
62703,1,0.9246
62704,0,0.0081
62705,0,0.0014
62706,1,0.9583
62707,1,0.9676
62708,0,0.0373
62709,0,0.0779
62710,0,0.0064
62711,0,0.2674
62712,0,0.0034
62713,1,0.9807
62714,0,0.0207
62715,1,0.9701
62716,0,0.0053
62717,0,0.0056
62718,1,0.9673
62719,0,0.0112
62720,0,0.0063
62721,0,0.007
62722,0,0.0127
62723,0,0.0055
62724,0,0.0065
62725,0,0.006
62726,0,0.0102
62727,0,0.0087
62728,0,0.0086
62729,0,0.1073
62730,1,0.9623
62731,0,0.0392
62732,1,0.9027
62733,0,0.248
62734,0,0.0627
62735,0,0.0064
62736,0,0.0394
62737,0,0.0257
62738,0,0.0206
62739,0,0.0115
62740,0,0.0237
62741,0,0.0346
62742,0,0.0891
62743,1,0.9413
62744,0,0.0128
62745,0,0.0047
62746,0,0.0095
62747,0,0.1068
62748,0,0.0376
62749,0,0.1164
62750,0,0.0268
62751,1,0.9378
62752,0,0.0179
62753,0,0.0085
62754,1,0.9387
62755,0,0.0873
62756,0,0.0427
62757,0,0.0051
62758,0,0.0086
62759,0,0.02
62760,1,0.9721
62761,0,0.0131
62762,0,0.0168
62763,0,0.0081
62764,0,0.0714
62765,0,0.0055
62766,0,0.026
62767,0,0.0051
62768,0,0.01
62769,0,0.1131
62770,0,0.0171
62771,0,0.0212
62772,0,0.0066
62773,0,0.1015
62774,0,0.0308
62775,0,0.0139
62776,0,0.0323
62777,0,0.0129
62778,0,0.0189
62779,0,0.1444
62780,0,0.0267
62781,0,0.005
62782,0,0.013
62783,1,0.9325
62784,1,0.8633
62785,0,0.0251
62786,0,0.0294
62787,0,0.0294
62788,0,0.2274
62789,0,0.0124
62790,0,0.0512
62791,0,0.0178
62792,0,0.0053
62793,0,0.0727
62794,0,0.0389
62795,0,0.0178
62796,0,0.0216
62797,0,0.2015
62798,0,0.0766
62799,1,0.9675
62800,1,0.9789
62801,0,0.0356
62802,0,0.1392
62803,0,0.0225
62804,0,0.0358
62805,0,0.0064
62806,1,0.9384
62807,0,0.0029
62808,0,0.0135
62809,0,0.005
62810,0,0.012
62811,0,0.0059
62812,0,0.0099
62813,0,0.0128
62814,0,0.0144
62815,1,0.9392
62816,0,0.068
62817,0,0.0035
62818,0,0.0142
62819,0,0.1004
62820,0,0.0198
62821,1,0.9872
62822,0,0.1499
62823,0,0.0378
62824,1,0.9736
62825,1,0.9745
62826,0,0.0128
62827,0,0.0344
62828,0,0.0174
62829,0,0.0517
62830,0,0.057
62831,0,0.0726
62832,0,0.0146
62833,0,0.1113
62834,0,0.0025
62835,0,0.0056
62836,0,0.0215
62837,0,0.0386
62838,0,0.0047
62839,0,0.1347
62840,0,0.0779
62841,0,0.0402
62842,0,0.4077
62843,0,0.0553
62844,1,0.9622
62845,0,0.0827
62846,0,0.1264
62847,0,0.0018
62848,0,0.0167
62849,0,0.0258
62850,0,0.0053
62851,0,0.0674
62852,1,0.9452
62853,0,0.1297
62854,0,0.0443
62855,0,0.142
62856,0,0.0093
62857,0,0.0244
62858,0,0.0287
62859,1,0.9628
62860,0,0.0992
62861,0,0.1879
62862,0,0.2202
62863,0,0.0012
62864,0,0.0072
62865,0,0.0307
62866,0,0.4854
62867,0,0.013
62868,0,0.0312
62869,0,0.2565
62870,0,0.1951
62871,0,0.0223
62872,0,0.0081
62873,0,0.0138
62874,0,0.0026
62875,0,0.0054
62876,0,0.0081
62877,1,0.8684
62878,0,0.0374
62879,0,0.0379
62880,0,0.0076
62881,0,0.0809
62882,0,0.0123
62883,0,0.4124
62884,0,0.0496
62885,0,0.0142
62886,0,0.0095
62887,0,0.005
62888,0,0.0053
62889,0,0.0615
62890,0,0.0105
62891,1,0.9796
62892,0,0.1578
62893,1,0.9599
62894,0,0.0664
62895,0,0.0226
62896,0,0.0037
62897,0,0.0289
62898,0,0.0042
62899,0,0.0097
62900,0,0.0534
62901,0,0.008
62902,1,0.9721
62903,0,0.0113
62904,0,0.024
62905,0,0.0488
62906,0,0.0095
62907,0,0.0343
62908,0,0.0174
62909,0,0.0575
62910,0,0.0253
62911,0,0.0354
62912,0,0.007
62913,0,0.138
62914,1,0.9155
62915,0,0.0301
62916,0,0.0416
62917,0,0.0221
62918,0,0.064
62919,0,0.0009
62920,0,0.005
62921,0,0.1135
62922,0,0.0012
62923,0,0.0057
62924,1,0.9212
62925,0,0.0637
62926,0,0.0393
62927,0,0.0049
62928,1,0.9859
62929,0,0.0228
62930,1,0.9662
62931,0,0.0026
62932,0,0.0138
62933,0,0.0571
62934,0,0.1376
62935,0,0.0109
62936,1,0.8977
62937,0,0.0402
62938,0,0.0017
62939,0,0.0039
62940,1,0.9144
62941,0,0.0219
62942,0,0.0103
62943,0,0.4025
62944,0,0.0143
62945,0,0.0708
62946,0,0.0136
62947,0,0.0251
62948,0,0.0189
62949,0,0.2176
62950,1,0.947
62951,0,0.0192
62952,0,0.062
62953,0,0.0133
62954,0,0.004
62955,0,0.0045
62956,0,0.0053
62957,0,0.0034
62958,0,0.0116
62959,0,0.0168
62960,1,0.6434
62961,0,0.0761
62962,0,0.0703
62963,0,0.0636
62964,0,0.0904
62965,0,0.0014
62966,0,0.0609
62967,1,0.9618
62968,0,0.102
62969,0,0.0982
62970,0,0.0266
62971,0,0.1042
62972,0,0.3844
62973,0,0.0306
62974,0,0.0373
62975,0,0.0433
62976,0,0.0089
62977,0,0.0056
62978,1,0.6779
62979,0,0.1072
62980,0,0.0168
62981,1,0.9133
62982,0,0.04
62983,0,0.0461
62984,0,0.0137
62985,0,0.0188
62986,1,0.9641
62987,0,0.002
62988,0,0.012
62989,0,0.0436
62990,0,0.0224
62991,0,0.0119
62992,0,0.0118
62993,0,0.011
62994,0,0.0245
62995,0,0.4358
62996,0,0.0241
62997,0,0.1098
62998,0,0.0558
62999,0,0.0261
63000,0,0.0161
63001,0,0.0165
63002,0,0.0087
63003,0,0.0124
63004,0,0.0239
63005,0,0.0187
63006,0,0.0503
63007,0,0.0102
63008,0,0.0308
63009,0,0.005
63010,0,0.0253
63011,0,0.0108
63012,0,0.01
63013,0,0.0095
63014,0,0.014
63015,0,0.0106
63016,0,0.0022
63017,0,0.0627
63018,0,0.0083
63019,0,0.009
63020,1,0.9857
63021,0,0.0432
63022,0,0.104
63023,0,0.0109
63024,0,0.002
63025,0,0.0457
63026,1,0.965
63027,1,0.9681
63028,0,0.0874
63029,1,0.9737
63030,0,0.0102
63031,0,0.0113
63032,0,0.1556
63033,0,0.0077
63034,0,0.0632
63035,0,0.0562
63036,0,0.0029
63037,0,0.0307
63038,0,0.0013
63039,0,0.0021
63040,0,0.0053
63041,1,0.9759
63042,0,0.0139
63043,0,0.0302
63044,0,0.0893
63045,0,0.002
63046,0,0.0172
63047,0,0.0551
63048,0,0.0135
63049,0,0.1035
63050,1,0.9743
63051,0,0.0072
63052,0,0.0524
63053,0,0.0009
63054,0,0.0013
63055,0,0.0125
63056,0,0.0486
63057,0,0.0124
63058,0,0.0107
63059,1,0.96
63060,0,0.0333
63061,0,0.0027
63062,0,0.0302
63063,0,0.0122
63064,0,0.0393
63065,0,0.0022
63066,0,0.0114
63067,0,0.0235
63068,0,0.046
63069,0,0.004
63070,0,0.06
63071,1,0.9908
63072,0,0.0177
63073,0,0.1764
63074,0,0.3969
63075,0,0.0086
63076,0,0.0272
63077,0,0.0042
63078,0,0.0309
63079,0,0.0936
63080,0,0.0129
63081,0,0.01
63082,0,0.009
63083,0,0.0373
63084,0,0.0485
63085,0,0.0291
63086,1,0.9749
63087,0,0.0242
63088,0,0.0244
63089,0,0.0982
63090,0,0.0864
63091,0,0.0346
63092,0,0.0133
63093,0,0.0259
63094,0,0.0378
63095,0,0.0055
63096,0,0.1235
63097,0,0.0342
63098,0,0.0322
63099,1,0.9934
63100,0,0.0111
63101,0,0.0233
63102,0,0.0963
63103,0,0.0029
63104,0,0.0038
63105,0,0.0118
63106,0,0.0094
63107,0,0.012
63108,0,0.2388
63109,0,0.0067
63110,0,0.0226
63111,0,0.0437
63112,1,0.9676
63113,0,0.0104
63114,0,0.0151
63115,0,0.1394
63116,0,0.1295
63117,0,0.0723
63118,0,0.0204
63119,0,0.0815
63120,0,0.0041
63121,0,0.0208
63122,0,0.0166
63123,1,0.7679
63124,0,0.0085
63125,0,0.0492
63126,0,0.0296
63127,0,0.0372
63128,0,0.0253
63129,0,0.0085
63130,0,0.0122
63131,0,0.0066
63132,0,0.0297
63133,1,0.9334
63134,1,0.9598
63135,0,0.0115
63136,1,0.9742
63137,0,0.111
63138,0,0.1797
63139,0,0.0057
63140,1,0.9114
63141,0,0.0182
63142,0,0.0515
63143,0,0.0072
63144,0,0.0126
63145,0,0.0476
63146,0,0.0075
63147,0,0.0097
63148,0,0.0324
63149,0,0.0502
63150,1,0.9583
63151,0,0.0057
63152,1,0.9428
63153,1,0.992
63154,0,0.0362
63155,0,0.3166
63156,0,0.0126
63157,0,0.0028
63158,0,0.2872
63159,0,0.0314
63160,0,0.0269
63161,0,0.0299
63162,0,0.0145
63163,0,0.0147
63164,0,0.0122
63165,0,0.017
63166,0,0.0249
63167,0,0.0125
63168,0,0.0505
63169,0,0.0065
63170,0,0.0311
63171,0,0.008
63172,0,0.0035
63173,1,0.8802
63174,0,0.0851
63175,0,0.0073
63176,0,0.0111
63177,0,0.3138
63178,0,0.0187
63179,0,0.0676
63180,0,0.0029
63181,0,0.0773
63182,0,0.0062
63183,0,0.0075
63184,0,0.0054
63185,0,0.0242
63186,0,0.0109
63187,0,0.0131
63188,0,0.0197
63189,0,0.1262
63190,0,0.1748
63191,0,0.0288
63192,0,0.0876
63193,0,0.0939
63194,0,0.0034
63195,0,0.0222
63196,1,0.9686
63197,0,0.0317
63198,0,0.1184
63199,0,0.0037
63200,0,0.0091
63201,0,0.2412
63202,0,0.0058
63203,0,0.0203
63204,0,0.0146
63205,0,0.0281
63206,0,0.2726
63207,0,0.4252
63208,0,0.0091
63209,0,0.0343
63210,1,0.8964
63211,0,0.1287
63212,0,0.1034
63213,0,0.1378
63214,0,0.033
63215,0,0.2014
63216,0,0.0082
63217,0,0.0272
63218,0,0.0566
63219,1,0.9625
63220,0,0.0337
63221,1,0.9574
63222,0,0.0305
63223,0,0.033
63224,0,0.0008
63225,0,0.0238
63226,0,0.0304
63227,0,0.0072
63228,0,0.0122
63229,0,0.0264
63230,0,0.054
63231,0,0.0391
63232,1,0.9634
63233,0,0.0331
63234,0,0.0519
63235,0,0.0241
63236,0,0.0055
63237,0,0.0108
63238,0,0.1357
63239,0,0.0244
63240,1,0.9139
63241,0,0.0311
63242,0,0.017
63243,0,0.0113
63244,0,0.0086
63245,0,0.006
63246,0,0.0063
63247,0,0.1353
63248,1,0.9615
63249,0,0.0027
63250,0,0.0041
63251,0,0.034
63252,0,0.0431
63253,0,0.0354
63254,0,0.009
63255,0,0.0097
63256,1,0.948
63257,0,0.006
63258,0,0.0381
63259,0,0.0177
63260,0,0.0109
63261,0,0.3765
63262,0,0.0151
63263,0,0.0139
63264,0,0.0977
63265,0,0.0296
63266,0,0.0009
63267,1,0.987
63268,0,0.0274
63269,0,0.0068
63270,0,0.0182
63271,0,0.0077
63272,0,0.0224
63273,0,0.0152
63274,0,0.033
63275,0,0.0276
63276,0,0.0169
63277,0,0.0166
63278,0,0.1042
63279,0,0.0244
63280,0,0.0266
63281,0,0.0128
63282,0,0.0063
63283,0,0.3106
63284,0,0.0366
63285,1,0.9497
63286,0,0.0219
63287,0,0.0058
63288,1,0.9552
63289,0,0.0521
63290,0,0.0248
63291,0,0.0137
63292,0,0.1893
63293,0,0.0135
63294,0,0.0191
63295,0,0.032
63296,1,0.9315
63297,0,0.0057
63298,0,0.0152
63299,0,0.0076
63300,0,0.1851
63301,0,0.0173
63302,0,0.0022
63303,0,0.281
63304,0,0.1327
63305,1,0.9622
63306,0,0.0014
63307,0,0.0133
63308,0,0.028
63309,0,0.0089
63310,0,0.0083
63311,0,0.013
63312,0,0.0245
63313,0,0.0053
63314,1,0.9695
63315,0,0.0219
63316,0,0.0017
63317,0,0.1373
63318,0,0.0263
63319,0,0.0128
63320,1,0.9373
63321,1,0.9761
63322,0,0.3278
63323,0,0.0372
63324,0,0.0073
63325,0,0.0056
63326,0,0.0792
63327,0,0.0394
63328,0,0.0523
63329,0,0.0049
63330,0,0.0133
63331,0,0.0163
63332,0,0.0275
63333,0,0.0244
63334,0,0.0379
63335,0,0.0876
63336,0,0.0263
63337,1,0.9778
63338,0,0.0502
63339,0,0.0674
63340,0,0.0166
63341,0,0.0791
63342,0,0.1037
63343,0,0.0227
63344,0,0.0687
63345,0,0.101
63346,0,0.015
63347,0,0.0905
63348,1,0.9419
63349,0,0.4922
63350,1,0.9596
63351,0,0.0331
63352,0,0.0137
63353,0,0.0345
63354,0,0.0015
63355,0,0.0167
63356,0,0.0116
63357,0,0.0247
63358,0,0.0131
63359,0,0.0162
63360,0,0.017
63361,0,0.0041
63362,0,0.0107
63363,0,0.0359
63364,0,0.0407
63365,1,0.8841
63366,0,0.4649
63367,0,0.0147
63368,0,0.3689
63369,0,0.0662
63370,0,0.0447
63371,0,0.0279
63372,1,0.9083
63373,1,0.9517
63374,0,0.0105
63375,0,0.0242
63376,0,0.0311
63377,0,0.0119
63378,0,0.0512
63379,0,0.0031
63380,0,0.029
63381,0,0.0083
63382,0,0.067
63383,0,0.0052
63384,0,0.0326
63385,0,0.005
63386,0,0.0934
63387,0,0.0039
63388,0,0.0826
63389,0,0.0475
63390,0,0.0963
63391,0,0.061
63392,1,0.9184
63393,0,0.0135
63394,0,0.0047
63395,1,0.8876
63396,0,0.0049
63397,0,0.1088
63398,0,0.0162
63399,0,0.0081
63400,1,0.979
63401,0,0.0165
63402,0,0.0219
63403,1,0.9331
63404,0,0.0548
63405,1,0.9406
63406,0,0.0007
63407,0,0.008
63408,0,0.0189
63409,0,0.0553
63410,0,0.0063
63411,0,0.0042
63412,0,0.03
63413,0,0.0136
63414,0,0.2069
63415,0,0.0193
63416,0,0.1221
63417,0,0.0661
63418,0,0.0114
63419,0,0.0371
63420,0,0.0121
63421,0,0.1199
63422,0,0.0093
63423,0,0.0274
63424,0,0.0021
63425,0,0.4241
63426,0,0.0145
63427,0,0.0074
63428,0,0.0096
63429,0,0.0086
63430,0,0.0184
63431,0,0.0034
63432,0,0.024
63433,0,0.0182
63434,0,0.023
63435,0,0.0197
63436,0,0.1663
63437,0,0.0165
63438,0,0.007
63439,0,0.0588
63440,0,0.0092
63441,0,0.0254
63442,0,0.1717
63443,0,0.036
63444,0,0.0906
63445,0,0.081
63446,1,0.9724
63447,0,0.0661
63448,0,0.0381
63449,0,0.0532
63450,0,0.003
63451,0,0.0092
63452,0,0.0267
63453,0,0.0706
63454,1,0.9461
63455,0,0.0246
63456,0,0.0037
63457,0,0.0246
63458,0,0.0136
63459,0,0.0269
63460,0,0.0307
63461,0,0.0294
63462,0,0.0534
63463,0,0.0233
63464,0,0.0286
63465,0,0.0167
63466,0,0.0556
63467,0,0.0185
63468,0,0.0021
63469,0,0.0326
63470,0,0.0096
63471,0,0.0191
63472,0,0.0083
63473,0,0.0374
63474,0,0.0183
63475,1,0.868
63476,0,0.0827
63477,0,0.0262
63478,0,0.0546
63479,0,0.2626
63480,0,0.0084
63481,0,0.0039
63482,0,0.0277
63483,0,0.0527
63484,0,0.1094
63485,0,0.0046
63486,0,0.1562
63487,0,0.1575
63488,1,0.9178
63489,0,0.0083
63490,0,0.0575
63491,0,0.0264
63492,0,0.007
63493,0,0.0232
63494,1,0.8448
63495,0,0.0025
63496,0,0.0078
63497,0,0.0091
63498,0,0.032
63499,1,0.9486
63500,0,0.026
63501,0,0.074
63502,1,0.9752
63503,1,0.9578
63504,0,0.0068
63505,1,0.97
63506,0,0.0011
63507,0,0.1915
63508,0,0.1343
63509,0,0.0021
63510,0,0.0018
63511,0,0.0287
63512,1,0.9857
63513,0,0.0069
63514,1,0.9191
63515,0,0.0516
63516,0,0.1162
63517,0,0.021
63518,0,0.0055
63519,0,0.0177
63520,0,0.0278
63521,0,0.028
63522,0,0.0336
63523,0,0.1072
63524,0,0.1148
63525,1,0.7898
63526,0,0.0234
63527,0,0.0515
63528,0,0.0417
63529,0,0.016
63530,0,0.0019
63531,0,0.032
63532,0,0.0888
63533,0,0.1147
63534,0,0.0435
63535,0,0.0085
63536,0,0.0133
63537,0,0.0827
63538,0,0.0407
63539,0,0.2363
63540,0,0.0448
63541,0,0.0293
63542,0,0.0065
63543,0,0.1056
63544,0,0.0108
63545,0,0.0313
63546,0,0.0088
63547,0,0.0508
63548,0,0.0151
63549,0,0.01
63550,0,0.0455
63551,0,0.0252
63552,0,0.0046
63553,0,0.0408
63554,0,0.0106
63555,0,0.0684
63556,0,0.0437
63557,0,0.115
63558,0,0.0093
63559,0,0.0221
63560,0,0.0347
63561,1,0.9843
63562,0,0.0029
63563,1,0.9796
63564,0,0.0083
63565,0,0.0375
63566,0,0.0854
63567,1,0.973
63568,0,0.0084
63569,0,0.0071
63570,1,0.917
63571,0,0.0747
63572,0,0.0106
63573,0,0.014
63574,0,0.0918
63575,0,0.0538
63576,0,0.052
63577,0,0.034
63578,1,0.9784
63579,0,0.0011
63580,0,0.0246
63581,0,0.0027
63582,0,0.0397
63583,0,0.0422
63584,0,0.0443
63585,0,0.016
63586,0,0.0115
63587,0,0.0235
63588,0,0.1525
63589,0,0.3643
63590,0,0.027
63591,0,0.0137
63592,0,0.0248
63593,0,0.0077
63594,0,0.0102
63595,0,0.0294
63596,0,0.0158
63597,0,0.0062
63598,1,0.7582
63599,0,0.2567
63600,1,0.92
63601,1,0.9779
63602,1,0.958
63603,0,0.0101
63604,0,0.0288
63605,0,0.0468
63606,1,0.8944
63607,0,0.0138
63608,1,0.9838
63609,0,0.0679
63610,0,0.0214
63611,0,0.0038
63612,0,0.0251
63613,0,0.0729
63614,0,0.0017
63615,0,0.0223
63616,0,0.0013
63617,0,0.1938
63618,0,0.0648
63619,0,0.0018
63620,1,0.9553
63621,0,0.0747
63622,1,0.9794
63623,0,0.0222
63624,0,0.1399
63625,0,0.0775
63626,0,0.0175
63627,0,0.0189
63628,1,0.975
63629,0,0.0513
63630,0,0.0045
63631,0,0.0554
63632,0,0.0069
63633,0,0.0156
63634,0,0.0153
63635,0,0.013
63636,0,0.1987
63637,0,0.0703
63638,0,0.0297
63639,0,0.0792
63640,0,0.0918
63641,0,0.0757
63642,0,0.026
63643,0,0.0119
63644,0,0.0897
63645,0,0.0084
63646,0,0.0051
63647,0,0.072
63648,0,0.0334
63649,0,0.0148
63650,1,0.9512
63651,0,0.0195
63652,0,0.0089
63653,0,0.0364
63654,0,0.0064
63655,0,0.2093
63656,0,0.0032
63657,0,0.1724
63658,0,0.0174
63659,0,0.0069
63660,0,0.0373
63661,0,0.237
63662,0,0.0075
63663,0,0.018
63664,0,0.013
63665,0,0.0055
63666,0,0.0156
63667,0,0.087
63668,0,0.0258
63669,0,0.0125
63670,0,0.0325
63671,0,0.0149
63672,0,0.0509
63673,0,0.0135
63674,0,0.0079
63675,0,0.0067
63676,0,0.0216
63677,0,0.1539
63678,0,0.125
63679,0,0.0151
63680,1,0.8071
63681,0,0.0286
63682,0,0.0299
63683,0,0.0503
63684,0,0.0091
63685,0,0.2315
63686,0,0.011
63687,0,0.0059
63688,0,0.0242
63689,0,0.19
63690,1,0.9239
63691,0,0.1397
63692,0,0.0381
63693,0,0.0173
63694,0,0.0198
63695,0,0.1106
63696,0,0.1594
63697,0,0.0073
63698,0,0.007
63699,0,0.0175
63700,0,0.0138
63701,0,0.0051
63702,0,0.0234
63703,0,0.0831
63704,0,0.003
63705,0,0.0407
63706,0,0.0175
63707,0,0.0077
63708,0,0.0022
63709,0,0.0136
63710,0,0.1112
63711,0,0.2253
63712,0,0.0178
63713,1,0.9135
63714,0,0.0423
63715,0,0.0323
63716,0,0.0136
63717,0,0.0078
63718,0,0.0038
63719,0,0.0076
63720,0,0.0158
63721,0,0.0474
63722,0,0.0732
63723,0,0.0075
63724,0,0.0757
63725,1,0.9187
63726,0,0.0088
63727,1,0.9754
63728,0,0.0181
63729,0,0.0083
63730,0,0.0152
63731,0,0.0177
63732,0,0.4486
63733,0,0.0153
63734,0,0.0838
63735,0,0.0108
63736,0,0.0631
63737,0,0.4501
63738,0,0.033
63739,0,0.026
63740,0,0.0017
63741,0,0.1333
63742,0,0.1021
63743,0,0.0584
63744,0,0.056
63745,1,0.9686
63746,0,0.0348
63747,0,0.0414
63748,0,0.2037
63749,0,0.0013
63750,0,0.0122
63751,1,0.9379
63752,0,0.0123
63753,0,0.0646
63754,1,0.7546
63755,0,0.0525
63756,0,0.2002
63757,0,0.1104
63758,0,0.0091
63759,0,0.1335
63760,0,0.0458
63761,0,0.0865
63762,1,0.9422
63763,0,0.0516
63764,0,0.0763
63765,0,0.0186
63766,1,0.9729
63767,0,0.0392
63768,0,0.017
63769,0,0.0404
63770,0,0.0625
63771,0,0.0428
63772,0,0.0131
63773,0,0.0061
63774,0,0.0586
63775,0,0.0406
63776,0,0.0043
63777,0,0.0541
63778,1,0.8653
63779,0,0.0209
63780,0,0.0751
63781,0,0.0823
63782,0,0.0164
63783,0,0.001
63784,0,0.086
63785,0,0.0072
63786,0,0.0686
63787,0,0.0443
63788,0,0.1175
63789,0,0.2007
63790,0,0.0103
63791,0,0.0138
63792,0,0.003
63793,0,0.0066
63794,0,0.0066
63795,1,0.7573
63796,0,0.1072
63797,0,0.0117
63798,0,0.2925
63799,0,0.4994
63800,0,0.1931
63801,0,0.0033
63802,0,0.0693
63803,0,0.1504
63804,0,0.0594
63805,1,0.9379
63806,0,0.0031
63807,0,0.0682
63808,0,0.0645
63809,0,0.1295
63810,0,0.0197
63811,1,0.9699
63812,0,0.0096
63813,0,0.0324
63814,0,0.009
63815,0,0.0078
63816,1,0.9897
63817,0,0.0061
63818,0,0.0309
63819,0,0.0262
63820,0,0.0156
63821,0,0.0056
63822,0,0.0529
63823,0,0.0365
63824,0,0.0014
63825,0,0.0248
63826,0,0.0081
63827,0,0.1676
63828,0,0.0157
63829,0,0.0098
63830,0,0.257
63831,0,0.0568
63832,1,0.7697
63833,0,0.0286
63834,0,0.0855
63835,0,0.002
63836,0,0.0443
63837,0,0.0274
63838,0,0.0063
63839,0,0.004
63840,0,0.4693
63841,0,0.0346
63842,0,0.2514
63843,1,0.8536
63844,0,0.0383
63845,1,0.8759
63846,0,0.0075
63847,0,0.0016
63848,0,0.0224
63849,0,0.0023
63850,0,0.0021
63851,1,0.9386
63852,0,0.0974
63853,1,0.5002
63854,0,0.0289
63855,0,0.0379
63856,0,0.0655
63857,0,0.1393
63858,0,0.0482
63859,1,0.9219
63860,0,0.1546
63861,0,0.0138
63862,0,0.0247
63863,0,0.0639
63864,1,0.8049
63865,0,0.0125
63866,0,0.0124
63867,0,0.0672
63868,0,0.0383
63869,0,0.0124
63870,1,0.9327
63871,0,0.1343
63872,1,0.9882
63873,0,0.1099
63874,1,0.9199
63875,1,0.9105
63876,1,0.5202
63877,0,0.1281
63878,0,0.0067
63879,0,0.0086
63880,0,0.3621
63881,0,0.0169
63882,0,0.0066
63883,0,0.0464
63884,0,0.0284
63885,1,0.5168
63886,0,0.0336
63887,1,0.9607
63888,1,0.922
63889,0,0.4174
63890,0,0.2138
63891,0,0.0153
63892,0,0.0322
63893,0,0.0155
63894,0,0.0699
63895,0,0.0013
63896,1,0.9242
63897,0,0.03
63898,0,0.142
63899,0,0.026
63900,0,0.0119
63901,0,0.0131
63902,0,0.0588
63903,0,0.0926
63904,0,0.0315
63905,0,0.0095
63906,0,0.0021
63907,0,0.0164
63908,0,0.0422
63909,0,0.0014
63910,0,0.3192
63911,0,0.0701
63912,0,0.015
63913,0,0.0864
63914,0,0.0018
63915,0,0.021
63916,0,0.0173
63917,0,0.0137
63918,0,0.0112
63919,0,0.0289
63920,0,0.0033
63921,0,0.0491
63922,0,0.0532
63923,0,0.0023
63924,0,0.0491
63925,0,0.0268
63926,0,0.0025
63927,0,0.0268
63928,0,0.017
63929,0,0.0416
63930,0,0.0041
63931,1,0.9469
63932,0,0.0055
63933,0,0.0014
63934,0,0.0214
63935,0,0.0171
63936,0,0.0404
63937,0,0.0335
63938,0,0.0504
63939,0,0.0057
63940,1,0.9178
63941,0,0.0294
63942,0,0.0328
63943,0,0.0269
63944,0,0.0868
63945,0,0.0113
63946,0,0.0344
63947,0,0.0459
63948,0,0.0102
63949,0,0.0576
63950,0,0.0985
63951,1,0.9828
63952,0,0.0122
63953,0,0.018
63954,0,0.0138
63955,0,0.0054
63956,0,0.0028
63957,0,0.1144
63958,0,0.0846
63959,0,0.0146
63960,0,0.0092
63961,0,0.0479
63962,0,0.1788
63963,0,0.0366
63964,0,0.0336
63965,0,0.0026
63966,0,0.0094
63967,0,0.014
63968,0,0.0134
63969,0,0.123
63970,0,0.0249
63971,0,0.0264
63972,0,0.1633
63973,1,0.9809
63974,0,0.0174
63975,0,0.106
63976,0,0.077
63977,0,0.0028
63978,0,0.031
63979,0,0.0693
63980,0,0.0024
63981,0,0.0163
63982,0,0.1016
63983,0,0.0094
63984,1,0.9757
63985,0,0.0151
63986,0,0.0133
63987,0,0.0075
63988,0,0.1479
63989,0,0.0282
63990,0,0.207
63991,0,0.0372
63992,1,0.9761
63993,0,0.0382
63994,0,0.0413
63995,1,0.8582
63996,1,0.7646
63997,0,0.0072
63998,0,0.005
63999,0,0.045
64000,1,0.9109
64001,0,0.079
64002,0,0.0384
64003,0,0.0059
64004,1,0.9553
64005,0,0.0092
64006,1,0.9525
64007,0,0.0319
64008,0,0.0085
64009,0,0.0021
64010,0,0.0373
64011,0,0.105
64012,0,0.0032
64013,0,0.0449
64014,1,0.9629
64015,0,0.0038
64016,0,0.0033
64017,1,0.931
64018,1,0.9522
64019,0,0.0313
64020,0,0.0229
64021,0,0.0236
64022,0,0.3991
64023,0,0.0189
64024,0,0.1607
64025,0,0.0303
64026,0,0.0138
64027,0,0.0008
64028,1,0.9593
64029,0,0.1511
64030,0,0.0053
64031,0,0.0072
64032,0,0.0198
64033,0,0.0282
64034,1,0.9302
64035,0,0.0468
64036,0,0.02
64037,0,0.1506
64038,0,0.4717
64039,0,0.0396
64040,1,0.9702
64041,0,0.1777
64042,0,0.0311
64043,0,0.0036
64044,0,0.0035
64045,0,0.0477
64046,0,0.0098
64047,0,0.0311
64048,0,0.0099
64049,0,0.0149
64050,0,0.0038
64051,0,0.0214
64052,0,0.0192
64053,0,0.0178
64054,0,0.0077
64055,0,0.0542
64056,0,0.0192
64057,1,0.9637
64058,0,0.0088
64059,1,0.9749
64060,0,0.0103
64061,0,0.0278
64062,0,0.0426
64063,0,0.0042
64064,0,0.027
64065,0,0.0449
64066,0,0.0758
64067,0,0.0149
64068,0,0.0051
64069,0,0.3292
64070,1,0.9864
64071,0,0.0261
64072,0,0.0246
64073,0,0.014
64074,1,0.9496
64075,0,0.0159
64076,0,0.1222
64077,0,0.0138
64078,0,0.0157
64079,0,0.0137
64080,0,0.0392
64081,0,0.012
64082,0,0.0193
64083,1,0.8826
64084,0,0.0484
64085,0,0.0066
64086,0,0.0075
64087,0,0.0197
64088,0,0.0634
64089,0,0.0292
64090,0,0.0425
64091,0,0.0564
64092,0,0.0291
64093,0,0.1847
64094,0,0.0226
64095,0,0.0103
64096,0,0.0092
64097,0,0.0265
64098,0,0.0091
64099,0,0.0196
64100,0,0.006
64101,0,0.0605
64102,0,0.1525
64103,0,0.0227
64104,0,0.0242
64105,0,0.0307
64106,0,0.0259
64107,0,0.2734
64108,0,0.0157
64109,0,0.0439
64110,0,0.074
64111,0,0.0162
64112,0,0.0247
64113,0,0.009
64114,0,0.0091
64115,0,0.0082
64116,0,0.0042
64117,0,0.0341
64118,0,0.0045
64119,0,0.0207
64120,0,0.0136
64121,0,0.1638
64122,0,0.0046
64123,0,0.0171
64124,0,0.0008
64125,0,0.0646
64126,0,0.0777
64127,0,0.01
64128,0,0.0456
64129,0,0.0773
64130,0,0.0129
64131,0,0.0252
64132,0,0.0061
64133,0,0.0258
64134,0,0.0222
64135,0,0.0019
64136,0,0.0621
64137,0,0.0869
64138,0,0.0054
64139,0,0.0494
64140,0,0.0403
64141,0,0.0309
64142,0,0.0077
64143,1,0.9554
64144,0,0.0221
64145,0,0.0161
64146,0,0.0023
64147,0,0.0265
64148,0,0.061
64149,0,0.0153
64150,0,0.0137
64151,1,0.9702
64152,0,0.1056
64153,0,0.0209
64154,0,0.2267
64155,0,0.0088
64156,0,0.0315
64157,0,0.0265
64158,0,0.0275
64159,0,0.1259
64160,0,0.0017
64161,0,0.0077
64162,1,0.9677
64163,0,0.0137
64164,0,0.0253
64165,1,0.8017
64166,0,0.0047
64167,0,0.026
64168,0,0.0044
64169,0,0.0229
64170,0,0.018
64171,0,0.0566
64172,1,0.92
64173,0,0.1221
64174,0,0.0345
64175,0,0.0138
64176,0,0.0471
64177,0,0.0722
64178,0,0.0731
64179,0,0.0102
64180,0,0.0198
64181,0,0.0141
64182,0,0.0396
64183,0,0.0219
64184,0,0.0871
64185,0,0.0038
64186,0,0.0329
64187,0,0.0075
64188,0,0.0079
64189,0,0.4694
64190,0,0.2037
64191,0,0.073
64192,0,0.0085
64193,1,0.9674
64194,0,0.0134
64195,0,0.0229
64196,0,0.013
64197,1,0.8307
64198,0,0.0008
64199,0,0.0526
64200,0,0.0162
64201,0,0.0819
64202,0,0.0547
64203,0,0.0118
64204,0,0.0616
64205,0,0.002
64206,0,0.1465
64207,1,0.9566
64208,0,0.0954
64209,0,0.0958
64210,0,0.0142
64211,0,0.0128
64212,0,0.0053
64213,0,0.0123
64214,0,0.0126
64215,0,0.0182
64216,0,0.0068
64217,0,0.0144
64218,1,0.5577
64219,0,0.0018
64220,0,0.1047
64221,0,0.1046
64222,0,0.0586
64223,0,0.0037
64224,1,0.7684
64225,0,0.0366
64226,0,0.0232
64227,0,0.122
64228,0,0.0625
64229,1,0.9138
64230,1,0.5306
64231,0,0.0177
64232,0,0.0408
64233,0,0.0086
64234,0,0.011
64235,0,0.022
64236,0,0.0383
64237,0,0.0058
64238,0,0.0082
64239,0,0.014
64240,0,0.0663
64241,0,0.0184
64242,0,0.0154
64243,0,0.0614
64244,1,0.7701
64245,0,0.0033
64246,0,0.0211
64247,0,0.0326
64248,0,0.0222
64249,0,0.0881
64250,0,0.0832
64251,0,0.0105
64252,0,0.0301
64253,0,0.066
64254,0,0.0363
64255,0,0.0763
64256,0,0.01
64257,0,0.0281
64258,0,0.0141
64259,0,0.0086
64260,0,0.025
64261,0,0.0461
64262,0,0.019
64263,0,0.0627
64264,0,0.0027
64265,0,0.2822
64266,0,0.0293
64267,0,0.0008
64268,0,0.0089
64269,0,0.0187
64270,0,0.0499
64271,1,0.9388
64272,0,0.0451
64273,0,0.0049
64274,0,0.0732
64275,0,0.0051
64276,0,0.342
64277,0,0.0299
64278,0,0.0067
64279,0,0.0176
64280,0,0.0125
64281,0,0.111
64282,1,0.9349
64283,0,0.0059
64284,0,0.1231
64285,0,0.1706
64286,0,0.0101
64287,0,0.0249
64288,0,0.0453
64289,0,0.0588
64290,0,0.0071
64291,0,0.0467
64292,0,0.0312
64293,0,0.0228
64294,1,0.9793
64295,1,0.971
64296,0,0.0505
64297,0,0.0125
64298,0,0.0194
64299,0,0.026
64300,1,0.9837
64301,0,0.0342
64302,0,0.005
64303,0,0.0468
64304,0,0.0074
64305,0,0.0139
64306,0,0.0799
64307,0,0.0488
64308,0,0.0308
64309,0,0.4423
64310,0,0.0387
64311,0,0.3065
64312,1,0.7816
64313,0,0.001
64314,0,0.0175
64315,0,0.015
64316,0,0.012
64317,0,0.272
64318,0,0.0782
64319,0,0.0399
64320,0,0.0501
64321,0,0.0106
64322,0,0.0103
64323,0,0.009
64324,0,0.1508
64325,0,0.0303
64326,0,0.0198
64327,1,0.8867
64328,0,0.0128
64329,0,0.4213
64330,0,0.1973
64331,0,0.0128
64332,0,0.2803
64333,0,0.035
64334,0,0.0408
64335,0,0.001
64336,0,0.0145
64337,0,0.0132
64338,1,0.9759
64339,0,0.0143
64340,1,0.9672
64341,0,0.0223
64342,0,0.0124
64343,0,0.1129
64344,1,0.8259
64345,0,0.0158
64346,0,0.0415
64347,0,0.0047
64348,1,0.8685
64349,0,0.0247
64350,0,0.2336
64351,0,0.0696
64352,0,0.0062
64353,0,0.0053
64354,0,0.0013
64355,0,0.0054
64356,0,0.1186
64357,0,0.0376
64358,0,0.0359
64359,0,0.0211
64360,0,0.0172
64361,0,0.0249
64362,0,0.0136
64363,0,0.0257
64364,0,0.0599
64365,0,0.0706
64366,0,0.0026
64367,0,0.044
64368,0,0.0277
64369,0,0.0747
64370,0,0.0107
64371,0,0.0716
64372,0,0.0649
64373,0,0.0602
64374,0,0.0308
64375,0,0.023
64376,0,0.0577
64377,0,0.0084
64378,0,0.0294
64379,0,0.0103
64380,0,0.0053
64381,0,0.0111
64382,0,0.0449
64383,0,0.0242
64384,0,0.051
64385,0,0.0137
64386,0,0.0442
64387,0,0.0379
64388,0,0.0007
64389,0,0.2028
64390,0,0.0041
64391,0,0.0288
64392,1,0.968
64393,0,0.004
64394,0,0.0043
64395,0,0.2113
64396,0,0.0245
64397,0,0.0081
64398,0,0.0375
64399,0,0.0595
64400,1,0.9926
64401,0,0.009
64402,0,0.0008
64403,0,0.0826
64404,0,0.0238
64405,0,0.0103
64406,0,0.0038
64407,0,0.0725
64408,1,0.973
64409,0,0.0116
64410,0,0.0626
64411,0,0.0085
64412,0,0.1414
64413,0,0.0052
64414,1,0.9793
64415,0,0.0175
64416,0,0.0098
64417,0,0.149
64418,0,0.0391
64419,0,0.0116
64420,0,0.0124
64421,0,0.0357
64422,0,0.0136
64423,0,0.0344
64424,0,0.0091
64425,0,0.1206
64426,0,0.0348
64427,0,0.0989
64428,0,0.0029
64429,0,0.0025
64430,0,0.0158
64431,1,0.9628
64432,0,0.1021
64433,0,0.0185
64434,0,0.0337
64435,0,0.0524
64436,0,0.0453
64437,0,0.2667
64438,0,0.0193
64439,0,0.0279
64440,0,0.0061
64441,0,0.002
64442,0,0.0493
64443,0,0.0523
64444,0,0.0079
64445,0,0.0645
64446,0,0.0392
64447,0,0.2135
64448,0,0.0332
64449,0,0.0128
64450,0,0.3307
64451,0,0.0074
64452,1,0.9822
64453,0,0.0112
64454,0,0.0295
64455,0,0.1579
64456,0,0.0126
64457,1,0.9738
64458,0,0.0037
64459,0,0.006
64460,0,0.2758
64461,0,0.0029
64462,0,0.0195
64463,0,0.0247
64464,0,0.0226
64465,1,0.9621
64466,0,0.0353
64467,0,0.0109
64468,0,0.0132
64469,0,0.0026
64470,0,0.0161
64471,0,0.0032
64472,0,0.0283
64473,1,0.8726
64474,0,0.2278
64475,1,0.9423
64476,0,0.0539
64477,0,0.05
64478,0,0.0417
64479,0,0.0696
64480,0,0.0376
64481,0,0.0044
64482,0,0.1622
64483,0,0.1995
64484,0,0.0256
64485,0,0.0061
64486,0,0.0423
64487,0,0.0047
64488,0,0.03
64489,0,0.0268
64490,0,0.1654
64491,0,0.0065
64492,0,0.0076
64493,0,0.0819
64494,0,0.0059
64495,0,0.0084
64496,0,0.0043
64497,0,0.0104
64498,0,0.0391
64499,0,0.0012
64500,0,0.0306
64501,0,0.0526
64502,0,0.1618
64503,0,0.0355
64504,0,0.013
64505,0,0.0585
64506,1,0.9788
64507,0,0.0785
64508,0,0.0104
64509,1,0.9544
64510,0,0.0038
64511,0,0.0191
64512,0,0.0075
64513,0,0.0103
64514,0,0.011
64515,0,0.0564
64516,0,0.012
64517,0,0.0023
64518,0,0.0058
64519,0,0.001
64520,0,0.0159
64521,0,0.0523
64522,0,0.0026
64523,0,0.0322
64524,0,0.0067
64525,0,0.0393
64526,0,0.0008
64527,0,0.0071
64528,0,0.0296
64529,0,0.0095
64530,0,0.0435
64531,0,0.022
64532,0,0.0013
64533,0,0.0049
64534,0,0.2641
64535,0,0.0586
64536,0,0.0114
64537,0,0.0374
64538,0,0.0035
64539,1,0.9759
64540,0,0.0279
64541,0,0.0319
64542,0,0.0156
64543,0,0.0163
64544,0,0.0159
64545,0,0.0244
64546,0,0.0815
64547,0,0.1526
64548,0,0.1127
64549,0,0.0133
64550,0,0.0313
64551,0,0.0059
64552,0,0.0275
64553,0,0.027
64554,0,0.0087
64555,0,0.0174
64556,0,0.0058
64557,0,0.0162
64558,1,0.9703
64559,0,0.0241
64560,0,0.0089
64561,0,0.0113
64562,0,0.1086
64563,0,0.0018
64564,0,0.0054
64565,1,0.9574
64566,0,0.071
64567,0,0.2861
64568,0,0.0701
64569,0,0.0128
64570,0,0.0418
64571,0,0.0237
64572,1,0.8585
64573,0,0.0268
64574,0,0.0556
64575,0,0.0083
64576,0,0.1651
64577,0,0.0232
64578,0,0.0091
64579,0,0.0134
64580,0,0.0169
64581,0,0.0049
64582,0,0.0094
64583,0,0.0883
64584,0,0.0027
64585,0,0.077
64586,0,0.0273
64587,0,0.0284
64588,0,0.0098
64589,0,0.0125
64590,1,0.8762
64591,0,0.0051
64592,0,0.0056
64593,0,0.0097
64594,0,0.0109
64595,0,0.0197
64596,0,0.0044
64597,1,0.9068
64598,0,0.0607
64599,1,0.9734
64600,0,0.0468
64601,1,0.9786
64602,0,0.0407
64603,0,0.0354
64604,1,0.9163
64605,0,0.0133
64606,0,0.0068
64607,0,0.1171
64608,0,0.0453
64609,0,0.0351
64610,0,0.0154
64611,0,0.005
64612,0,0.1227
64613,0,0.012
64614,0,0.0547
64615,0,0.026
64616,1,0.9746
64617,0,0.0123
64618,0,0.0039
64619,0,0.0142
64620,0,0.041
64621,0,0.0335
64622,0,0.0129
64623,0,0.0748
64624,0,0.0666
64625,1,0.9604
64626,0,0.0668
64627,0,0.1827
64628,0,0.3254
64629,0,0.0136
64630,0,0.0628
64631,0,0.0071
64632,0,0.0014
64633,0,0.028
64634,1,0.8431
64635,0,0.0629
64636,0,0.0048
64637,0,0.0124
64638,0,0.008
64639,1,0.9467
64640,0,0.1578
64641,0,0.0096
64642,0,0.0688
64643,0,0.0163
64644,0,0.0738
64645,0,0.0157
64646,0,0.0197
64647,0,0.0137
64648,0,0.0106
64649,0,0.0081
64650,1,0.9649
64651,0,0.0322
64652,0,0.0134
64653,0,0.0398
64654,1,0.9745
64655,0,0.0196
64656,0,0.0027
64657,0,0.0612
64658,0,0.0075
64659,0,0.0397
64660,0,0.02
64661,0,0.009
64662,0,0.3146
64663,0,0.0094
64664,0,0.1034
64665,0,0.0156
64666,0,0.0134
64667,0,0.0275
64668,0,0.1972
64669,0,0.0256
64670,0,0.3517
64671,0,0.0766
64672,0,0.0292
64673,0,0.0287
64674,1,0.5675
64675,0,0.0159
64676,0,0.0202
64677,0,0.0061
64678,0,0.0402
64679,0,0.0009
64680,1,0.9876
64681,0,0.0011
64682,0,0.075
64683,0,0.0133
64684,0,0.0028
64685,0,0.0111
64686,0,0.01
64687,0,0.1025
64688,0,0.208
64689,1,0.9781
64690,0,0.0017
64691,0,0.0017
64692,0,0.0086
64693,0,0.0061
64694,0,0.1086
64695,1,0.9217
64696,1,0.5397
64697,0,0.0175
64698,0,0.0133
64699,0,0.0143
64700,0,0.0296
64701,0,0.0286
64702,0,0.0274
64703,0,0.3471
64704,0,0.0862
64705,1,0.9751
64706,0,0.0082
64707,0,0.0069
64708,0,0.0278
64709,0,0.0027
64710,0,0.0268
64711,0,0.0077
64712,0,0.0491
64713,0,0.156
64714,0,0.0128
64715,0,0.0909
64716,0,0.1476
64717,0,0.1356
64718,0,0.1415
64719,0,0.0116
64720,0,0.0113
64721,0,0.0762
64722,0,0.0414
64723,0,0.0096
64724,0,0.0321
64725,0,0.0172
64726,0,0.0121
64727,0,0.0463
64728,1,0.9694
64729,0,0.0261
64730,0,0.0095
64731,0,0.0196
64732,0,0.4652
64733,1,0.9629
64734,0,0.2269
64735,0,0.0007
64736,0,0.082
64737,0,0.019
64738,1,0.9814
64739,1,0.9753
64740,0,0.0496
64741,0,0.3879
64742,0,0.0103
64743,0,0.0144
64744,0,0.0177
64745,0,0.0435
64746,1,0.9081
64747,0,0.0109
64748,0,0.0012
64749,0,0.0022
64750,0,0.0121
64751,0,0.0163
64752,1,0.8885
64753,0,0.0159
64754,0,0.0207
64755,0,0.0008
64756,0,0.1004
64757,0,0.0321
64758,0,0.0337
64759,0,0.0168
64760,0,0.008
64761,0,0.0043
64762,0,0.0177
64763,0,0.0135
64764,0,0.2364
64765,0,0.0276
64766,0,0.1024
64767,0,0.0059
64768,0,0.1452
64769,0,0.0559
64770,0,0.499
64771,0,0.0612
64772,0,0.1208
64773,1,0.9702
64774,0,0.0148
64775,0,0.0028
64776,0,0.0084
64777,0,0.0089
64778,1,0.8478
64779,0,0.0059
64780,0,0.0746
64781,1,0.925
64782,0,0.0184
64783,0,0.0224
64784,0,0.0139
64785,0,0.01
64786,0,0.014
64787,0,0.212
64788,0,0.0828
64789,0,0.0084
64790,0,0.0281
64791,0,0.0197
64792,0,0.0049
64793,0,0.0081
64794,0,0.0047
64795,0,0.0067
64796,0,0.0373
64797,0,0.0235
64798,0,0.0066
64799,0,0.0644
64800,0,0.0147
64801,0,0.2359
64802,0,0.0197
64803,0,0.0118
64804,0,0.0107
64805,0,0.0576
64806,0,0.0018
64807,0,0.0335
64808,0,0.0904
64809,0,0.0837
64810,0,0.1118
64811,0,0.0216
64812,0,0.041
64813,1,0.9649
64814,0,0.0772
64815,0,0.0427
64816,0,0.0752
64817,0,0.1442
64818,0,0.0176
64819,0,0.0224
64820,0,0.0278
64821,0,0.0222
64822,0,0.0986
64823,0,0.0101
64824,0,0.0722
64825,0,0.0329
64826,0,0.1293
64827,0,0.0128
64828,0,0.0172
64829,0,0.0153
64830,0,0.0541
64831,1,0.6029
64832,0,0.4591
64833,0,0.0503
64834,0,0.0462
64835,0,0.0077
64836,0,0.0349
64837,0,0.0365
64838,0,0.0272
64839,0,0.081
64840,0,0.0648
64841,0,0.0037
64842,0,0.1709
64843,0,0.0148
64844,0,0.0171
64845,0,0.0085
64846,0,0.0256
64847,0,0.0011
64848,0,0.2185
64849,0,0.0025
64850,0,0.0133
64851,0,0.0452
64852,0,0.0079
64853,0,0.0242
64854,0,0.1035
64855,0,0.0145
64856,0,0.0503
64857,0,0.0118
64858,0,0.0268
64859,0,0.0065
64860,0,0.0286
64861,0,0.0051
64862,0,0.0162
64863,0,0.001
64864,0,0.0122
64865,0,0.021
64866,0,0.0107
64867,0,0.0223
64868,0,0.0516
64869,0,0.0166
64870,0,0.0114
64871,0,0.0169
64872,0,0.0049
64873,0,0.1684
64874,0,0.0211
64875,0,0.0136
64876,0,0.0248
64877,0,0.0459
64878,0,0.0022
64879,0,0.006
64880,0,0.0252
64881,0,0.0607
64882,0,0.0609
64883,0,0.059
64884,0,0.0664
64885,0,0.0737
64886,0,0.0053
64887,0,0.089
64888,0,0.0126
64889,1,0.9348
64890,0,0.0551
64891,0,0.0238
64892,0,0.1547
64893,0,0.0208
64894,0,0.1711
64895,0,0.0604
64896,0,0.0504
64897,0,0.0131
64898,1,0.9765
64899,0,0.0629
64900,0,0.016
64901,0,0.0224
64902,0,0.1155
64903,0,0.0264
64904,0,0.0256
64905,1,0.9453
64906,1,0.9264
64907,0,0.0155
64908,0,0.0513
64909,0,0.003
64910,0,0.0094
64911,0,0.0099
64912,0,0.0206
64913,0,0.1835
64914,0,0.0366
64915,0,0.0138
64916,0,0.0894
64917,0,0.0346
64918,0,0.0078
64919,0,0.003
64920,0,0.0123
64921,0,0.0297
64922,0,0.0364
64923,0,0.1468
64924,0,0.188
64925,1,0.9856
64926,0,0.0049
64927,0,0.1196
64928,0,0.021
64929,0,0.0158
64930,0,0.0045
64931,0,0.0023
64932,0,0.0074
64933,0,0.0556
64934,0,0.0015
64935,0,0.0068
64936,0,0.0015
64937,0,0.139
64938,0,0.0191
64939,1,0.9232
64940,0,0.0034
64941,0,0.4145
64942,0,0.0338
64943,0,0.0919
64944,0,0.0097
64945,0,0.0057
64946,0,0.0282
64947,0,0.0067
64948,0,0.0329
64949,0,0.006
64950,0,0.0254
64951,1,0.5021
64952,0,0.0027
64953,0,0.0148
64954,0,0.0107
64955,0,0.0393
64956,0,0.009
64957,0,0.0397
64958,0,0.0476
64959,0,0.0097
64960,0,0.0314
64961,0,0.1313
64962,0,0.0098
64963,1,0.9073
64964,0,0.0025
64965,0,0.0146
64966,0,0.0065
64967,0,0.4813
64968,0,0.0868
64969,0,0.0231
64970,0,0.3664
64971,0,0.0513
64972,0,0.0201
64973,0,0.1242
64974,0,0.0253
64975,0,0.0458
64976,0,0.24
64977,0,0.013
64978,0,0.0054
64979,1,0.9621
64980,0,0.0529
64981,0,0.0257
64982,0,0.0097
64983,0,0.0206
64984,0,0.0045
64985,0,0.0231
64986,0,0.0383
64987,0,0.0139
64988,0,0.0064
64989,0,0.0269
64990,0,0.0386
64991,0,0.01
64992,0,0.0299
64993,0,0.0076
64994,0,0.045
64995,0,0.0584
64996,1,0.6756
64997,1,0.9644
64998,0,0.0414
64999,0,0.0025
65000,1,0.9198
65001,0,0.0942
65002,0,0.0052
65003,1,0.8828
65004,0,0.0174
65005,0,0.4038
65006,0,0.0371
65007,0,0.207
65008,0,0.02
65009,1,0.9447
65010,0,0.0158
65011,0,0.0585
65012,0,0.3381
65013,0,0.0064
65014,0,0.0228
65015,0,0.2041
65016,0,0.1092
65017,1,0.9252
65018,0,0.0091
65019,0,0.0354
65020,0,0.038
65021,0,0.0116
65022,0,0.0243
65023,0,0.0096
65024,0,0.0136
65025,0,0.0316
65026,0,0.0398
65027,0,0.1012
65028,0,0.2018
65029,0,0.0073
65030,0,0.0008
65031,0,0.0348
65032,0,0.1954
65033,0,0.1135
65034,1,0.9495
65035,0,0.3253
65036,0,0.0309
65037,1,0.9825
65038,0,0.0144
65039,0,0.0938
65040,0,0.2283
65041,0,0.0016
65042,0,0.012
65043,0,0.0224
65044,0,0.1933
65045,0,0.1423
65046,0,0.0143
65047,0,0.003
65048,0,0.0077
65049,0,0.0148
65050,0,0.0024
65051,0,0.0763
65052,0,0.0828
65053,0,0.0129
65054,0,0.0019
65055,0,0.0827
65056,0,0.1133
65057,0,0.0132
65058,0,0.0063
65059,1,0.777
65060,0,0.0117
65061,1,0.9473
65062,0,0.0115
65063,0,0.1364
65064,1,0.9828
65065,0,0.0015
65066,0,0.0077
65067,0,0.0222
65068,0,0.0469
65069,0,0.0083
65070,0,0.0164
65071,0,0.1034
65072,0,0.3149
65073,0,0.0426
65074,1,0.9809
65075,0,0.0478
65076,0,0.0111
65077,0,0.0151
65078,0,0.0133
65079,0,0.0486
65080,0,0.0131
65081,0,0.0123
65082,0,0.0432
65083,0,0.0134
65084,0,0.2204
65085,0,0.0055
65086,0,0.0411
65087,0,0.0111
65088,0,0.0262
65089,0,0.0894
65090,1,0.8301
65091,0,0.0205
65092,0,0.0052
65093,0,0.0097
65094,0,0.1144
65095,0,0.0078
65096,0,0.0102
65097,0,0.2466
65098,0,0.0105
65099,0,0.0083
65100,0,0.0243
65101,0,0.0966
65102,0,0.0005
65103,0,0.0592
65104,0,0.0211
65105,0,0.0012
65106,1,0.9229
65107,0,0.0541
65108,0,0.067
65109,0,0.033
65110,0,0.0041
65111,0,0.0326
65112,0,0.0489
65113,0,0.0011
65114,0,0.0334
65115,1,0.9146
65116,0,0.028
65117,0,0.0123
65118,1,0.9615
65119,0,0.0137
65120,1,0.976
65121,0,0.0083
65122,0,0.013
65123,1,0.9451
65124,0,0.0025
65125,0,0.0026
65126,0,0.3198
65127,0,0.0693
65128,0,0.0436
65129,0,0.0192
65130,0,0.0396
65131,0,0.0962
65132,1,0.9467
65133,0,0.0057
65134,0,0.0198
65135,0,0.01
65136,1,0.938
65137,0,0.0136
65138,0,0.015
65139,0,0.0307
65140,0,0.0458
65141,0,0.0266
65142,0,0.0292
65143,1,0.9742
65144,0,0.0203
65145,0,0.1266
65146,0,0.0653
65147,0,0.0084
65148,0,0.0247
65149,0,0.1196
65150,0,0.1603
65151,0,0.0105
65152,0,0.0406
65153,0,0.0082
65154,0,0.0035
65155,0,0.0305
65156,0,0.0143
65157,0,0.0036
65158,0,0.0091
65159,0,0.0077
65160,0,0.0024
65161,0,0.0311
65162,0,0.0442
65163,0,0.0079
65164,0,0.2042
65165,1,0.9504
65166,0,0.0127
65167,0,0.035
65168,0,0.0095
65169,0,0.0197
65170,0,0.0172
65171,0,0.0174
65172,0,0.009
65173,0,0.0075
65174,0,0.0072
65175,0,0.0094
65176,0,0.0057
65177,0,0.0232
65178,0,0.0824
65179,0,0.0081
65180,0,0.0237
65181,0,0.0161
65182,0,0.2165
65183,0,0.0337
65184,0,0.0269
65185,0,0.0062
65186,1,0.9307
65187,0,0.0153
65188,0,0.0422
65189,0,0.0135
65190,0,0.0109
65191,0,0.007
65192,0,0.0103
65193,0,0.008
65194,0,0.0089
65195,0,0.0048
65196,0,0.0661
65197,0,0.0174
65198,0,0.0472
65199,0,0.0501
65200,0,0.0614
65201,0,0.038
65202,0,0.0298
65203,0,0.033
65204,0,0.0088
65205,0,0.198
65206,0,0.0078
65207,0,0.2472
65208,0,0.067
65209,0,0.271
65210,0,0.0141
65211,0,0.1462
65212,0,0.0044
65213,0,0.0202
65214,0,0.0674
65215,0,0.0684
65216,0,0.0033
65217,0,0.1185
65218,0,0.0289
65219,0,0.0081
65220,0,0.0051
65221,0,0.0121
65222,1,0.9429
65223,0,0.022
65224,0,0.0018
65225,0,0.0318
65226,1,0.9227
65227,0,0.0147
65228,0,0.1157
65229,0,0.0187
65230,0,0.005
65231,1,0.9882
65232,1,0.9831
65233,1,0.971
65234,0,0.0769
65235,1,0.9716
65236,0,0.0256
65237,1,0.9625
65238,0,0.0704
65239,1,0.9679
65240,0,0.0332
65241,0,0.0141
65242,0,0.0014
65243,0,0.0014
65244,0,0.213
65245,0,0.0027
65246,0,0.0128
65247,0,0.0095
65248,0,0.0962
65249,0,0.0843
65250,1,0.7782
65251,0,0.0132
65252,1,0.8739
65253,0,0.0153
65254,0,0.0139
65255,0,0.0131
65256,0,0.0832
65257,0,0.0223
65258,0,0.0606
65259,0,0.0551
65260,0,0.0163
65261,0,0.0028
65262,0,0.0771
65263,1,0.9763
65264,0,0.0062
65265,0,0.0642
65266,1,0.943
65267,1,0.9958
65268,0,0.0309
65269,0,0.0064
65270,0,0.0206
65271,1,0.9659
65272,0,0.0343
65273,0,0.0049
65274,0,0.0442
65275,0,0.0406
65276,0,0.0085
65277,0,0.0105
65278,0,0.0338
65279,0,0.0031
65280,0,0.0146
65281,0,0.0082
65282,0,0.0524
65283,0,0.0074
65284,0,0.1547
65285,0,0.0422
65286,0,0.094
65287,0,0.0296
65288,0,0.0031
65289,0,0.007
65290,0,0.0133
65291,0,0.0247
65292,0,0.0664
65293,0,0.0576
65294,0,0.0238
65295,0,0.0921
65296,0,0.0181
65297,0,0.0044
65298,0,0.028
65299,0,0.0046
65300,0,0.0069
65301,0,0.0047
65302,0,0.061
65303,0,0.0342
65304,0,0.0039
65305,0,0.0267
65306,0,0.0618
65307,0,0.0754
65308,0,0.0117
65309,0,0.035
65310,0,0.0189
65311,0,0.0059
65312,0,0.106
65313,0,0.0314
65314,0,0.0288
65315,0,0.4063
65316,0,0.0384
65317,0,0.0049
65318,0,0.009
65319,1,0.8971
65320,0,0.1144
65321,0,0.1188
65322,1,0.961
65323,0,0.0342
65324,0,0.014
65325,0,0.0174
65326,0,0.232
65327,0,0.0075
65328,0,0.0093
65329,0,0.0159
65330,0,0.0033
65331,1,0.9392
65332,0,0.0867
65333,0,0.0066
65334,0,0.0004
65335,0,0.0327
65336,0,0.0214
65337,0,0.0182
65338,0,0.016
65339,0,0.0223
65340,0,0.0108
65341,0,0.0502
65342,0,0.0045
65343,0,0.0305
65344,0,0.0228
65345,0,0.1129
65346,0,0.0096
65347,1,0.9675
65348,0,0.0435
65349,0,0.0152
65350,0,0.0481
65351,0,0.023
65352,0,0.0066
65353,0,0.0266
65354,0,0.009
65355,0,0.0366
65356,0,0.046
65357,0,0.0023
65358,0,0.0091
65359,0,0.0575
65360,0,0.0082
65361,0,0.002
65362,0,0.0379
65363,0,0.0092
65364,0,0.0342
65365,0,0.0187
65366,1,0.9021
65367,0,0.0207
65368,0,0.0031
65369,0,0.1908
65370,0,0.1026
65371,0,0.0651
65372,0,0.0253
65373,0,0.0072
65374,0,0.0501
65375,0,0.0068
65376,0,0.0533
65377,0,0.1737
65378,0,0.0167
65379,0,0.0324
65380,0,0.0013
65381,0,0.0057
65382,0,0.0095
65383,1,0.9554
65384,0,0.0239
65385,0,0.0054
65386,0,0.177
65387,1,0.9594
65388,1,0.8445
65389,0,0.0637
65390,0,0.0529
65391,0,0.0024
65392,0,0.3001
65393,0,0.0153
65394,0,0.0329
65395,0,0.2556
65396,0,0.0246
65397,0,0.0086
65398,1,0.9473
65399,1,0.95
65400,0,0.0015
65401,0,0.0275
65402,0,0.009
65403,0,0.0015
65404,1,0.9204
65405,0,0.0268
65406,0,0.0166
65407,0,0.0083
65408,0,0.0356
65409,0,0.0324
65410,0,0.0044
65411,0,0.0225
65412,0,0.0156
65413,0,0.0163
65414,0,0.0029
65415,0,0.0451
65416,0,0.1401
65417,0,0.037
65418,0,0.0181
65419,1,0.977
65420,0,0.0233
65421,0,0.1279
65422,0,0.0512
65423,0,0.0109
65424,0,0.0317
65425,0,0.0993
65426,0,0.0419
65427,0,0.0279
65428,0,0.0044
65429,0,0.0041
65430,0,0.0309
65431,0,0.007
65432,0,0.0941
65433,1,0.9793
65434,0,0.3158
65435,0,0.0148
65436,1,0.9566
65437,0,0.0191
65438,0,0.2024
65439,1,0.9579
65440,0,0.0158
65441,1,0.9421
65442,0,0.0014
65443,0,0.0775
65444,0,0.0568
65445,0,0.0099
65446,0,0.0104
65447,0,0.0126
65448,0,0.1098
65449,1,0.9446
65450,0,0.0188
65451,0,0.0148
65452,0,0.3243
65453,0,0.0417
65454,0,0.0074
65455,0,0.0197
65456,1,0.9845
65457,0,0.0265
65458,0,0.0302
65459,0,0.0587
65460,0,0.0148
65461,0,0.0645
65462,0,0.1344
65463,0,0.0229
65464,0,0.0056
65465,0,0.1235
65466,0,0.0385
65467,1,0.9748
65468,0,0.379
65469,0,0.0087
65470,0,0.1018
65471,1,0.966
65472,0,0.2158
65473,0,0.0086
65474,0,0.1022
65475,0,0.159
65476,0,0.0789
65477,1,0.9847
65478,0,0.0126
65479,0,0.0078
65480,0,0.0729
65481,1,0.8367
65482,0,0.0919
65483,0,0.0076
65484,0,0.0408
65485,0,0.0023
65486,0,0.1026
65487,0,0.0454
65488,0,0.0012
65489,0,0.0296
65490,1,0.9919
65491,0,0.0032
65492,0,0.0091
65493,0,0.1006
65494,0,0.0071
65495,0,0.1732
65496,0,0.0124
65497,0,0.0094
65498,0,0.0334
65499,0,0.0234
65500,0,0.0087
65501,1,0.9396
65502,0,0.0469
65503,0,0.4759
65504,0,0.0131
65505,1,0.7949
65506,0,0.0077
65507,0,0.0321
65508,0,0.0065
65509,0,0.0392
65510,0,0.0949
65511,0,0.0518
65512,0,0.0111
65513,0,0.0119
65514,0,0.0159
65515,1,0.9367
65516,0,0.0163
65517,0,0.0599
65518,0,0.0351
65519,0,0.0128
65520,0,0.0143
65521,1,0.9368
65522,0,0.0533
65523,0,0.014
65524,0,0.0435
65525,0,0.0071
65526,0,0.003
65527,0,0.0172
65528,0,0.0105
65529,0,0.014
65530,0,0.0073
65531,0,0.0013
65532,0,0.0102
65533,0,0.076
65534,0,0.0041
65535,0,0.0063
65536,0,0.0451
65537,0,0.0014
65538,0,0.0443
65539,0,0.0006
65540,0,0.0018
65541,0,0.0088
65542,0,0.0152
65543,0,0.0259
65544,0,0.0139
65545,0,0.0327
65546,1,0.8729
65547,1,0.6676
65548,0,0.0287
65549,0,0.1084
65550,0,0.0878
65551,0,0.0084
65552,0,0.0167
65553,0,0.0217
65554,0,0.2011
65555,0,0.0064
65556,0,0.0103
65557,0,0.1153
65558,0,0.024
65559,0,0.0284
65560,1,0.9609
65561,0,0.0226
65562,0,0.0225
65563,0,0.0059
65564,0,0.0204
65565,0,0.0291
65566,0,0.0287
65567,0,0.0353
65568,0,0.0019
65569,0,0.0055
65570,0,0.0792
65571,0,0.0256
65572,0,0.0458
65573,0,0.0503
65574,0,0.0097
65575,0,0.0038
65576,0,0.0533
65577,0,0.0339
65578,0,0.0293
65579,1,0.8933
65580,0,0.1902
65581,0,0.065
65582,0,0.0511
65583,0,0.072
65584,0,0.1516
65585,0,0.0114
65586,0,0.002
65587,0,0.1911
65588,0,0.0019
65589,0,0.0531
65590,0,0.0792
65591,0,0.0011
65592,0,0.0101
65593,0,0.0395
65594,0,0.0169
65595,0,0.0758
65596,0,0.0054
65597,0,0.0042
65598,0,0.0098
65599,0,0.027
65600,0,0.029
65601,0,0.1147
65602,0,0.0382
65603,0,0.232
65604,0,0.0097
65605,0,0.0048
65606,0,0.0108
65607,0,0.0152
65608,0,0.0819
65609,0,0.0513
65610,1,0.8887
65611,0,0.0268
65612,0,0.0091
65613,0,0.018
65614,0,0.0055
65615,0,0.0054
65616,0,0.0687
65617,0,0.0061
65618,0,0.0831
65619,0,0.0077
65620,0,0.1233
65621,0,0.108
65622,0,0.0049
65623,0,0.0283
65624,0,0.0656
65625,0,0.0712
65626,1,0.9292
65627,0,0.0103
65628,0,0.0452
65629,0,0.0207
65630,0,0.0294
65631,0,0.023
65632,0,0.1149
65633,0,0.0136
65634,1,0.9574
65635,0,0.0224
65636,1,0.9726
65637,0,0.0066
65638,0,0.2793
65639,0,0.0229
65640,0,0.0029
65641,0,0.0423
65642,0,0.0135
65643,0,0.0045
65644,0,0.1715
65645,0,0.2202
65646,0,0.0104
65647,0,0.0472
65648,0,0.2061
65649,0,0.0185
65650,1,0.9449
65651,0,0.2251
65652,0,0.4295
65653,0,0.077
65654,0,0.0292
65655,0,0.0222
65656,0,0.0082
65657,1,0.8475
65658,0,0.0023
65659,0,0.0041
65660,0,0.0463
65661,1,0.9723
65662,0,0.0063
65663,0,0.0214
65664,0,0.0143
65665,1,0.7832
65666,0,0.0064
65667,0,0.4516
65668,0,0.018
65669,0,0.0556
65670,1,0.9958
65671,0,0.0041
65672,0,0.0414
65673,0,0.0767
65674,0,0.0632
65675,0,0.0014
65676,0,0.0278
65677,0,0.0123
65678,0,0.0144
65679,0,0.0179
65680,1,0.9603
65681,0,0.076
65682,1,0.9806
65683,0,0.0364
65684,0,0.0015
65685,0,0.075
65686,0,0.0576
65687,0,0.0052
65688,0,0.0151
65689,0,0.1952
65690,0,0.0237
65691,1,0.9492
65692,0,0.0124
65693,0,0.0988
65694,1,0.9691
65695,0,0.0097
65696,0,0.0437
65697,0,0.0088
65698,0,0.0525
65699,0,0.0302
65700,0,0.0078
65701,0,0.0409
65702,0,0.0646
65703,0,0.0211
65704,0,0.0815
65705,0,0.0143
65706,0,0.4466
65707,0,0.0553
65708,0,0.015
65709,0,0.0009
65710,0,0.0052
65711,0,0.0679
65712,0,0.0516
65713,1,0.9917
65714,0,0.0102
65715,0,0.006
65716,0,0.027
65717,0,0.0116
65718,0,0.0022
65719,0,0.078
65720,0,0.0155
65721,1,0.9714
65722,0,0.0333
65723,0,0.0267
65724,0,0.0147
65725,1,0.964
65726,1,0.9768
65727,0,0.0831
65728,0,0.0551
65729,0,0.0058
65730,0,0.0605
65731,0,0.0228
65732,0,0.0433
65733,0,0.3363
65734,0,0.001
65735,0,0.0087
65736,0,0.0323
65737,0,0.006
65738,0,0.0195
65739,0,0.0233
65740,0,0.0065
65741,0,0.0276
65742,0,0.1573
65743,0,0.0089
65744,0,0.0058
65745,0,0.0133
65746,0,0.0092
65747,0,0.0033
65748,0,0.0539
65749,0,0.1015
65750,1,0.8831
65751,0,0.0122
65752,1,0.9559
65753,0,0.0113
65754,0,0.0492
65755,0,0.0223
65756,0,0.0296
65757,0,0.0071
65758,1,0.9582
65759,0,0.0089
65760,0,0.0055
65761,0,0.122
65762,0,0.1502
65763,0,0.2327
65764,0,0.0377
65765,0,0.0113
65766,0,0.2389
65767,1,0.9638
65768,0,0.0627
65769,0,0.0279
65770,0,0.0044
65771,0,0.0969
65772,0,0.0053
65773,1,0.8808
65774,0,0.0202
65775,0,0.001
65776,0,0.0202
65777,0,0.0106
65778,0,0.0574
65779,1,0.9256
65780,0,0.0242
65781,0,0.0092
65782,1,0.8684
65783,0,0.4307
65784,0,0.0263
65785,0,0.1362
65786,1,0.8988
65787,0,0.0214
65788,0,0.0057
65789,0,0.0426
65790,0,0.0039
65791,0,0.0683
65792,1,0.9863
65793,0,0.0161
65794,0,0.0037
65795,0,0.0219
65796,0,0.0046
65797,0,0.034
65798,0,0.4217
65799,0,0.0258
65800,0,0.0289
65801,0,0.0331
65802,0,0.018
65803,0,0.01
65804,0,0.0337
65805,0,0.0105
65806,0,0.0467
65807,0,0.0097
65808,0,0.0671
65809,0,0.0114
65810,0,0.0257
65811,0,0.0084
65812,0,0.001
65813,0,0.0046
65814,0,0.0412
65815,0,0.0385
65816,0,0.0032
65817,0,0.0085
65818,0,0.0085
65819,0,0.0054
65820,0,0.0023
65821,0,0.1322
65822,0,0.0123
65823,0,0.0481
65824,0,0.0168
65825,0,0.0081
65826,0,0.0267
65827,0,0.0154
65828,0,0.0737
65829,0,0.0123
65830,0,0.0115
65831,0,0.0099
65832,0,0.0342
65833,0,0.0239
65834,0,0.0065
65835,0,0.0254
65836,0,0.0526
65837,0,0.0138
65838,0,0.001
65839,0,0.0059
65840,0,0.1988
65841,1,0.78
65842,0,0.0025
65843,0,0.0472
65844,0,0.0413
65845,0,0.0113
65846,0,0.0234
65847,0,0.0825
65848,0,0.0161
65849,0,0.0812
65850,0,0.0262
65851,0,0.0236
65852,0,0.2013
65853,0,0.2993
65854,0,0.0085
65855,0,0.0172
65856,0,0.0668
65857,0,0.0053
65858,0,0.2145
65859,0,0.004
65860,1,0.9393
65861,0,0.0069
65862,0,0.0871
65863,0,0.0046
65864,0,0.0125
65865,0,0.1518
65866,0,0.0067
65867,0,0.4124
65868,0,0.0317
65869,0,0.0037
65870,0,0.0093
65871,0,0.0058
65872,0,0.0759
65873,0,0.3698
65874,0,0.0087
65875,0,0.0109
65876,0,0.0777
65877,0,0.0665
65878,0,0.3137
65879,0,0.004
65880,0,0.1942
65881,0,0.0131
65882,0,0.0341
65883,0,0.1291
65884,1,0.9176
65885,0,0.0356
65886,0,0.0311
65887,0,0.0174
65888,0,0.0368
65889,0,0.1938
65890,0,0.0122
65891,0,0.0124
65892,1,0.9387
65893,0,0.0176
65894,0,0.2056
65895,0,0.0079
65896,0,0.2256
65897,0,0.018
65898,0,0.0074
65899,0,0.0334
65900,0,0.0564
65901,0,0.0076
65902,0,0.0972
65903,0,0.0326
65904,0,0.0094
65905,0,0.0584
65906,1,0.8243
65907,0,0.047
65908,0,0.0113
65909,0,0.0055
65910,0,0.0056
65911,0,0.02
65912,0,0.0117
65913,0,0.0133
65914,0,0.0362
65915,0,0.0093
65916,0,0.026
65917,0,0.0301
65918,0,0.031
65919,0,0.0601
65920,0,0.0411
65921,0,0.0091
65922,0,0.0178
65923,0,0.0057
65924,0,0.1215
65925,0,0.1067
65926,0,0.0097
65927,0,0.0326
65928,0,0.1947
65929,0,0.0229
65930,0,0.0603
65931,0,0.0916
65932,0,0.042
65933,0,0.0143
65934,0,0.0284
65935,0,0.0244
65936,0,0.2641
65937,0,0.1413
65938,0,0.1191
65939,0,0.1965
65940,0,0.0023
65941,0,0.0312
65942,0,0.0022
65943,0,0.0011
65944,0,0.0073
65945,0,0.237
65946,0,0.0073
65947,0,0.1695
65948,0,0.0063
65949,1,0.9752
65950,1,0.9672
65951,0,0.0237
65952,0,0.0018
65953,0,0.0162
65954,1,0.9074
65955,0,0.02
65956,0,0.0828
65957,0,0.0225
65958,0,0.0161
65959,0,0.0023
65960,0,0.0086
65961,0,0.0058
65962,0,0.0189
65963,0,0.0066
65964,1,0.984
65965,0,0.0391
65966,0,0.0074
65967,0,0.0017
65968,0,0.0095
65969,0,0.0118
65970,0,0.0038
65971,1,0.9698
65972,0,0.0504
65973,0,0.0111
65974,0,0.0207
65975,0,0.0278
65976,0,0.0057
65977,0,0.0301
65978,0,0.0704
65979,1,0.9845
65980,0,0.0306
65981,0,0.0314
65982,0,0.0893
65983,0,0.0143
65984,0,0.0035
65985,1,0.9258
65986,0,0.171
65987,0,0.028
65988,0,0.0132
65989,0,0.0117
65990,0,0.0571
65991,0,0.002
65992,0,0.0085
65993,0,0.0032
65994,0,0.0434
65995,0,0.089
65996,0,0.0087
65997,0,0.0286
65998,0,0.0692
65999,0,0.0681
66000,0,0.076
66001,1,0.9577
66002,0,0.0152
66003,0,0.0157
66004,0,0.1387
66005,0,0.0111
66006,0,0.0016
66007,0,0.0202
66008,0,0.0283
66009,1,0.9557
66010,1,0.979
66011,1,0.9801
66012,0,0.0254
66013,0,0.014
66014,0,0.0073
66015,0,0.0063
66016,1,0.9706
66017,0,0.0121
66018,0,0.0086
66019,0,0.0937
66020,1,0.9667
66021,1,0.9518
66022,1,0.9339
66023,0,0.0041
66024,0,0.0131
66025,0,0.0277
66026,0,0.0602
66027,0,0.0518
66028,0,0.0356
66029,1,0.9514
66030,0,0.0184
66031,0,0.0472
66032,0,0.1471
66033,0,0.0132
66034,0,0.1722
66035,0,0.017
66036,1,0.9033
66037,0,0.0164
66038,0,0.0231
66039,0,0.0059
66040,0,0.0153
66041,0,0.0529
66042,0,0.0413
66043,1,0.951
66044,0,0.0334
66045,0,0.1957
66046,0,0.004
66047,0,0.0263
66048,1,0.8499
66049,0,0.1685
66050,0,0.0102
66051,0,0.014
66052,0,0.0437
66053,0,0.0619
66054,0,0.1737
66055,0,0.0523
66056,1,0.8624
66057,0,0.0122
66058,0,0.0376
66059,0,0.0105
66060,0,0.1599
66061,0,0.0083
66062,0,0.008
66063,0,0.032
66064,0,0.0109
66065,0,0.024
66066,0,0.1176
66067,0,0.0134
66068,0,0.0738
66069,0,0.0158
66070,0,0.0368
66071,0,0.3485
66072,1,0.9531
66073,0,0.0072
66074,0,0.0311
66075,1,0.9825
66076,0,0.1513
66077,0,0.0153
66078,0,0.0059
66079,0,0.035
66080,0,0.492
66081,0,0.0375
66082,0,0.0174
66083,0,0.1175
66084,0,0.0398
66085,0,0.0017
66086,0,0.0416
66087,0,0.0463
66088,0,0.0134
66089,0,0.0084
66090,1,0.9737
66091,0,0.0663
66092,0,0.0096
66093,0,0.2156
66094,0,0.0012
66095,1,0.9717
66096,0,0.0106
66097,1,0.9023
66098,0,0.0322
66099,0,0.0052
66100,0,0.013
66101,0,0.0158
66102,1,0.9393
66103,0,0.0265
66104,0,0.0178
66105,0,0.0042
66106,0,0.0276
66107,0,0.0399
66108,1,0.9835
66109,0,0.0059
66110,0,0.0036
66111,0,0.002
66112,1,0.9911
66113,0,0.0037
66114,0,0.0172
66115,0,0.0081
66116,0,0.0075
66117,0,0.1054
66118,0,0.0078
66119,0,0.0199
66120,0,0.0126
66121,0,0.0142
66122,0,0.0439
66123,0,0.0161
66124,0,0.0484
66125,0,0.0302
66126,0,0.0316
66127,0,0.0146
66128,0,0.0134
66129,0,0.1438
66130,0,0.0054
66131,0,0.1352
66132,0,0.0016
66133,0,0.1719
66134,0,0.0112
66135,0,0.0112
66136,0,0.0011
66137,0,0.0194
66138,0,0.0581
66139,0,0.065
66140,0,0.0117
66141,0,0.0023
66142,0,0.0154
66143,0,0.0032
66144,1,0.9002
66145,0,0.1528
66146,0,0.0012
66147,0,0.0247
66148,0,0.0698
66149,0,0.2146
66150,0,0.0802
66151,0,0.0033
66152,0,0.0081
66153,0,0.007
66154,0,0.0063
66155,0,0.0137
66156,1,0.9813
66157,0,0.029
66158,0,0.2679
66159,0,0.0059
66160,0,0.0313
66161,0,0.0368
66162,0,0.0437
66163,0,0.0484
66164,0,0.0021
66165,0,0.0402
66166,1,0.9914
66167,1,0.9564
66168,0,0.1252
66169,0,0.0091
66170,1,0.9484
66171,0,0.002
66172,0,0.2554
66173,0,0.0123
66174,0,0.0617
66175,0,0.0201
66176,0,0.0582
66177,0,0.386
66178,0,0.02
66179,0,0.0102
66180,0,0.3179
66181,1,0.9778
66182,0,0.0219
66183,0,0.2025
66184,0,0.0033
66185,0,0.0282
66186,0,0.0244
66187,1,0.9841
66188,0,0.0154
66189,0,0.1297
66190,0,0.0167
66191,0,0.0042
66192,0,0.1257
66193,0,0.016
66194,0,0.0125
66195,0,0.0034
66196,0,0.0222
66197,0,0.0037
66198,0,0.0025
66199,0,0.0088
66200,0,0.0503
66201,0,0.0436
66202,0,0.008
66203,0,0.1815
66204,0,0.0152
66205,0,0.2368
66206,0,0.2333
66207,0,0.0645
66208,0,0.0083
66209,0,0.0583
66210,0,0.1096
66211,0,0.0105
66212,0,0.0053
66213,1,0.997
66214,0,0.0208
66215,0,0.0292
66216,0,0.0099
66217,0,0.0079
66218,0,0.0423
66219,0,0.146
66220,0,0.2586
66221,0,0.0069
66222,0,0.1028
66223,0,0.0478
66224,1,0.9883
66225,1,0.9429
66226,0,0.0354
66227,0,0.0183
66228,1,0.9795
66229,0,0.0094
66230,1,0.8895
66231,0,0.0126
66232,0,0.2973
66233,0,0.0215
66234,0,0.188
66235,0,0.009
66236,0,0.0104
66237,1,0.9829
66238,0,0.004
66239,0,0.0137
66240,0,0.0056
66241,1,0.98
66242,0,0.0117
66243,1,0.9711
66244,0,0.0099
66245,0,0.0051
66246,0,0.4319
66247,0,0.002
66248,0,0.0113
66249,0,0.0097
66250,0,0.0106
66251,0,0.0034
66252,0,0.0144
66253,0,0.0158
66254,0,0.01
66255,0,0.0094
66256,0,0.0865
66257,0,0.2796
66258,1,0.9549
66259,1,0.9786
66260,0,0.0502
66261,0,0.0368
66262,0,0.0121
66263,0,0.0315
66264,1,0.9452
66265,0,0.0127
66266,0,0.0028
66267,0,0.0057
66268,0,0.0103
66269,0,0.0184
66270,0,0.0311
66271,0,0.0275
66272,0,0.3599
66273,0,0.0094
66274,0,0.0337
66275,0,0.0841
66276,0,0.0985
66277,0,0.0063
66278,0,0.0804
66279,0,0.0116
66280,0,0.0023
66281,0,0.005
66282,0,0.0518
66283,0,0.0078
66284,0,0.0655
66285,0,0.0206
66286,0,0.0606
66287,0,0.0454
66288,0,0.3183
66289,0,0.0374
66290,0,0.0074
66291,0,0.0067
66292,0,0.0122
66293,1,0.7312
66294,0,0.0101
66295,0,0.0066
66296,0,0.0077
66297,0,0.0066
66298,0,0.0074
66299,0,0.0492
66300,0,0.0177
66301,0,0.0072
66302,0,0.0182
66303,0,0.0104
66304,0,0.0234
66305,0,0.006
66306,0,0.006
66307,0,0.0314
66308,0,0.0058
66309,1,0.9239
66310,0,0.0432
66311,0,0.013
66312,0,0.0126
66313,0,0.0432
66314,1,0.9858
66315,0,0.0523
66316,0,0.017
66317,0,0.0083
66318,0,0.0147
66319,0,0.0438
66320,0,0.0064
66321,0,0.0418
66322,0,0.0144
66323,0,0.0261
66324,0,0.005
66325,0,0.0082
66326,0,0.08
66327,0,0.2064
66328,1,0.6093
66329,0,0.0032
66330,0,0.4779
66331,0,0.0133
66332,0,0.0011
66333,0,0.0471
66334,0,0.0066
66335,0,0.0394
66336,0,0.0814
66337,0,0.0038
66338,0,0.1648
66339,0,0.057
66340,1,0.9934
66341,0,0.2562
66342,0,0.0178
66343,0,0.0048
66344,0,0.3605
66345,0,0.0167
66346,0,0.0641
66347,0,0.0143
66348,0,0.0374
66349,0,0.0196
66350,0,0.0109
66351,0,0.1855
66352,0,0.0114
66353,1,0.9131
66354,0,0.0155
66355,0,0.0017
66356,0,0.0124
66357,0,0.0116
66358,0,0.0971
66359,1,0.9464
66360,0,0.0007
66361,0,0.0104
66362,0,0.0182
66363,0,0.2451
66364,0,0.004
66365,0,0.0277
66366,0,0.0427
66367,0,0.0515
66368,0,0.2321
66369,0,0.0502
66370,0,0.0105
66371,0,0.0862
66372,1,0.9568
66373,1,0.9481
66374,0,0.0417
66375,0,0.032
66376,0,0.0135
66377,0,0.0953
66378,0,0.0995
66379,0,0.0329
66380,0,0.2867
66381,0,0.0156
66382,0,0.1088
66383,1,0.9213
66384,0,0.0165
66385,0,0.0406
66386,1,0.9736
66387,0,0.0706
66388,0,0.044
66389,0,0.0127
66390,0,0.0832
66391,1,0.9738
66392,1,0.9318
66393,0,0.0093
66394,0,0.0451
66395,0,0.0218
66396,0,0.1335
66397,1,0.9858
66398,0,0.0148
66399,1,0.9784
66400,1,0.9311
66401,0,0.0469
66402,1,0.7777
66403,0,0.0963
66404,0,0.0049
66405,0,0.0277
66406,0,0.0353
66407,0,0.0099
66408,0,0.0283
66409,0,0.064
66410,0,0.0363
66411,0,0.0196
66412,0,0.01
66413,0,0.4306
66414,0,0.0481
66415,0,0.0073
66416,0,0.0406
66417,0,0.2156
66418,0,0.0241
66419,0,0.0719
66420,0,0.1549
66421,0,0.0841
66422,0,0.3355
66423,0,0.067
66424,1,0.9554
66425,0,0.0081
66426,0,0.0117
66427,0,0.0076
66428,1,0.9474
66429,0,0.0012
66430,0,0.0553
66431,0,0.0453
66432,1,0.8334
66433,0,0.1906
66434,0,0.0025
66435,0,0.0287
66436,1,0.7745
66437,0,0.0576
66438,1,0.8954
66439,0,0.0073
66440,0,0.01
66441,0,0.0261
66442,0,0.0657
66443,0,0.1545
66444,0,0.0134
66445,0,0.0557
66446,0,0.255
66447,0,0.0109
66448,0,0.0708
66449,1,0.9481
66450,0,0.0071
66451,0,0.0017
66452,0,0.0662
66453,0,0.0095
66454,0,0.0536
66455,0,0.0157
66456,1,0.931
66457,0,0.1945
66458,0,0.0013
66459,0,0.0628
66460,0,0.0172
66461,0,0.1186
66462,0,0.0182
66463,0,0.0171
66464,0,0.0093
66465,0,0.1439
66466,0,0.031
66467,0,0.0925
66468,0,0.0168
66469,0,0.1352
66470,0,0.0085
66471,0,0.0611
66472,0,0.0086
66473,0,0.1001
66474,0,0.0179
66475,0,0.0618
66476,0,0.0131
66477,0,0.0253
66478,0,0.0056
66479,0,0.0084
66480,0,0.0606
66481,0,0.0106
66482,0,0.0814
66483,0,0.0064
66484,0,0.0223
66485,0,0.0096
66486,0,0.1077
66487,0,0.0089
66488,0,0.0672
66489,0,0.0051
66490,0,0.023
66491,0,0.0282
66492,0,0.0201
66493,1,0.8599
66494,0,0.0282
66495,0,0.0377
66496,1,0.9787
66497,0,0.004
66498,0,0.0038
66499,0,0.0043
66500,0,0.007
66501,0,0.0137
66502,0,0.0056
66503,0,0.0049
66504,0,0.0716
66505,1,0.9401
66506,0,0.0098
66507,0,0.0021
66508,0,0.0242
66509,0,0.0325
66510,0,0.0838
66511,0,0.0051
66512,0,0.0244
66513,0,0.0407
66514,0,0.0592
66515,0,0.0989
66516,0,0.014
66517,0,0.0992
66518,1,0.8998
66519,0,0.0035
66520,0,0.0245
66521,0,0.016
66522,0,0.0314
66523,0,0.0327
66524,0,0.013
66525,0,0.0052
66526,0,0.17
66527,0,0.0064
66528,1,0.5457
66529,0,0.0519
66530,0,0.1433
66531,0,0.0028
66532,0,0.0114
66533,0,0.0137
66534,0,0.0055
66535,0,0.0427
66536,0,0.0293
66537,0,0.0036
66538,0,0.0967
66539,0,0.0021
66540,0,0.101
66541,0,0.0744
66542,0,0.0736
66543,1,0.8266
66544,0,0.0198
66545,0,0.0041
66546,0,0.0313
66547,0,0.0062
66548,0,0.0031
66549,0,0.0216
66550,0,0.0105
66551,0,0.0067
66552,0,0.0431
66553,0,0.0286
66554,0,0.0639
66555,0,0.0025
66556,0,0.1247
66557,0,0.0345
66558,0,0.0053
66559,0,0.0753
66560,0,0.0157
66561,0,0.0096
66562,0,0.0244
66563,0,0.0198
66564,0,0.1155
66565,0,0.0085
66566,0,0.0011
66567,0,0.0312
66568,0,0.2198
66569,0,0.0177
66570,1,0.9814
66571,0,0.0656
66572,0,0.0288
66573,0,0.0362
66574,0,0.003
66575,0,0.0056
66576,0,0.046
66577,0,0.0439
66578,1,0.9417
66579,1,0.8243
66580,0,0.067
66581,0,0.0035
66582,0,0.0936
66583,0,0.0088
66584,0,0.0542
66585,0,0.0123
66586,0,0.0117
66587,0,0.0297
66588,0,0.4392
66589,0,0.0497
66590,0,0.3515
66591,0,0.0455
66592,0,0.0065
66593,0,0.0988
66594,0,0.0346
66595,0,0.0823
66596,0,0.0108
66597,1,0.9596
66598,0,0.0149
66599,0,0.0167
66600,0,0.0867
66601,0,0.0062
66602,0,0.0051
66603,0,0.0788
66604,0,0.0916
66605,0,0.0193
66606,0,0.01
66607,0,0.0056
66608,0,0.0118
66609,0,0.0029
66610,0,0.1443
66611,0,0.0065
66612,0,0.0302
66613,0,0.0055
66614,0,0.0383
66615,0,0.0027
66616,0,0.0612
66617,0,0.0051
66618,0,0.0361
66619,0,0.0261
66620,0,0.015
66621,0,0.0212
66622,0,0.0046
66623,0,0.0785
66624,0,0.0062
66625,0,0.0133
66626,0,0.0095
66627,0,0.0135
66628,0,0.0008
66629,0,0.0028
66630,0,0.0822
66631,0,0.1928
66632,0,0.053
66633,0,0.1186
66634,1,0.7794
66635,0,0.0031
66636,0,0.0135
66637,0,0.0422
66638,0,0.0036
66639,0,0.0531
66640,0,0.3151
66641,1,0.9731
66642,0,0.0149
66643,0,0.0095
66644,0,0.0131
66645,0,0.1691
66646,0,0.068
66647,0,0.0304
66648,0,0.0704
66649,0,0.0153
66650,0,0.0043
66651,0,0.0036
66652,0,0.0214
66653,0,0.0122
66654,0,0.0053
66655,0,0.0139
66656,0,0.0032
66657,0,0.0445
66658,0,0.0241
66659,0,0.3464
66660,0,0.168
66661,1,0.9411
66662,0,0.182
66663,0,0.0691
66664,0,0.0014
66665,0,0.0023
66666,0,0.0236
66667,0,0.0168
66668,0,0.014
66669,0,0.0231
66670,0,0.0987
66671,0,0.0323
66672,0,0.0182
66673,0,0.1165
66674,0,0.0048
66675,0,0.0149
66676,0,0.0066
66677,0,0.0952
66678,0,0.0247
66679,0,0.0587
66680,0,0.0079
66681,0,0.037
66682,0,0.041
66683,0,0.0071
66684,0,0.0388
66685,0,0.1038
66686,0,0.0462
66687,0,0.0285
66688,0,0.0086
66689,0,0.0693
66690,0,0.0082
66691,0,0.0249
66692,0,0.0134
66693,0,0.0181
66694,0,0.0165
66695,0,0.0133
66696,0,0.0758
66697,0,0.0194
66698,0,0.1166
66699,0,0.0228
66700,0,0.0134
66701,0,0.0186
66702,0,0.0211
66703,1,0.9916
66704,0,0.0111
66705,0,0.0088
66706,0,0.0048
66707,0,0.1855
66708,0,0.0763
66709,0,0.0221
66710,0,0.0249
66711,1,0.9608
66712,0,0.0312
66713,0,0.011
66714,0,0.0109
66715,0,0.0728
66716,0,0.0086
66717,0,0.1553
66718,0,0.0044
66719,0,0.0012
66720,0,0.032
66721,0,0.008
66722,0,0.0277
66723,0,0.0173
66724,0,0.1552
66725,0,0.0157
66726,0,0.0558
66727,0,0.0015
66728,0,0.0196
66729,0,0.0043
66730,1,0.9858
66731,0,0.0263
66732,0,0.0111
66733,0,0.3333
66734,0,0.0154
66735,0,0.0022
66736,0,0.0297
66737,0,0.0172
66738,0,0.0795
66739,0,0.0853
66740,0,0.0337
66741,1,0.9617
66742,0,0.1609
66743,0,0.0784
66744,0,0.0427
66745,0,0.021
66746,0,0.0081
66747,0,0.0367
66748,0,0.0141
66749,0,0.0028
66750,0,0.0034
66751,0,0.0244
66752,1,0.9687
66753,0,0.0075
66754,0,0.0372
66755,0,0.0301
66756,1,0.9928
66757,0,0.115
66758,0,0.0167
66759,0,0.0521
66760,0,0.0089
66761,0,0.0081
66762,0,0.0063
66763,0,0.0078
66764,0,0.0731
66765,0,0.0019
66766,0,0.0065
66767,0,0.0188
66768,0,0.2588
66769,0,0.0588
66770,0,0.0169
66771,0,0.2194
66772,0,0.0063
66773,0,0.0229
66774,1,0.9069
66775,0,0.1608
66776,0,0.023
66777,0,0.0982
66778,0,0.0122
66779,0,0.0586
66780,0,0.0201
66781,0,0.0868
66782,0,0.0084
66783,0,0.0059
66784,0,0.0279
66785,0,0.1332
66786,0,0.0101
66787,0,0.026
66788,0,0.0049
66789,0,0.0275
66790,0,0.0167
66791,0,0.0047
66792,0,0.1313
66793,0,0.0082
66794,0,0.0043
66795,0,0.0173
66796,1,0.9689
66797,0,0.0403
66798,0,0.0083
66799,0,0.0272
66800,0,0.0065
66801,0,0.0286
66802,0,0.0374
66803,0,0.0346
66804,0,0.0189
66805,0,0.0225
66806,0,0.069
66807,0,0.0006
66808,0,0.0032
66809,1,0.9632
66810,0,0.044
66811,0,0.0988
66812,0,0.015
66813,0,0.0213
66814,0,0.0091
66815,0,0.0219
66816,0,0.0053
66817,0,0.0083
66818,0,0.0286
66819,0,0.0426
66820,0,0.0626
66821,0,0.0212
66822,0,0.0249
66823,0,0.0792
66824,0,0.0083
66825,0,0.0522
66826,0,0.0596
66827,0,0.0089
66828,0,0.0166
66829,0,0.3198
66830,1,0.7462
66831,1,0.779
66832,0,0.0121
66833,0,0.0159
66834,0,0.011
66835,0,0.0468
66836,0,0.0942
66837,0,0.2167
66838,0,0.004
66839,0,0.0019
66840,0,0.0481
66841,0,0.0117
66842,1,0.9719
66843,0,0.018
66844,0,0.1865
66845,0,0.0359
66846,0,0.1012
66847,0,0.0284
66848,0,0.0085
66849,0,0.0045
66850,0,0.0237
66851,0,0.0817
66852,0,0.0449
66853,0,0.0166
66854,0,0.0072
66855,0,0.0229
66856,1,0.9173
66857,0,0.0082
66858,0,0.0022
66859,0,0.0046
66860,0,0.0069
66861,0,0.0219
66862,0,0.0612
66863,0,0.0051
66864,0,0.008
66865,1,0.5334
66866,0,0.0172
66867,0,0.0862
66868,0,0.0404
66869,0,0.0382
66870,0,0.0018
66871,0,0.1469
66872,0,0.0656
66873,0,0.047
66874,0,0.0067
66875,0,0.0109
66876,0,0.0391
66877,0,0.044
66878,0,0.2396
66879,0,0.0909
66880,0,0.0599
66881,0,0.0046
66882,0,0.0165
66883,1,0.9926
66884,0,0.0121
66885,0,0.0209
66886,0,0.0743
66887,0,0.0013
66888,0,0.0074
66889,0,0.2251
66890,0,0.0821
66891,1,0.9821
66892,0,0.02
66893,0,0.0505
66894,1,0.9471
66895,0,0.0053
66896,0,0.0254
66897,0,0.01
66898,0,0.0831
66899,1,0.7857
66900,0,0.0213
66901,0,0.0531
66902,0,0.0276
66903,0,0.014
66904,0,0.0389
66905,0,0.0512
66906,1,0.9682
66907,0,0.157
66908,0,0.0104
66909,0,0.0222
66910,0,0.0213
66911,0,0.0048
66912,0,0.0363
66913,0,0.0197
66914,0,0.2792
66915,0,0.0116
66916,0,0.0067
66917,0,0.046
66918,0,0.0253
66919,0,0.0032
66920,0,0.0339
66921,0,0.0007
66922,0,0.0161
66923,0,0.0315
66924,1,0.8051
66925,0,0.007
66926,0,0.0933
66927,0,0.074
66928,0,0.2108
66929,0,0.0091
66930,0,0.0169
66931,0,0.2572
66932,0,0.01
66933,0,0.0231
66934,0,0.0263
66935,0,0.0299
66936,0,0.0143
66937,0,0.0009
66938,0,0.0181
66939,0,0.2907
66940,0,0.007
66941,0,0.1091
66942,0,0.0014
66943,0,0.0199
66944,0,0.0731
66945,0,0.1391
66946,0,0.0447
66947,0,0.0332
66948,0,0.0367
66949,0,0.0085
66950,1,0.9798
66951,0,0.0021
66952,0,0.0008
66953,0,0.0079
66954,0,0.0339
66955,0,0.0222
66956,0,0.0066
66957,0,0.0069
66958,0,0.0359
66959,0,0.007
66960,0,0.0298
66961,0,0.1496
66962,0,0.3913
66963,0,0.057
66964,0,0.0289
66965,0,0.0206
66966,0,0.1965
66967,0,0.2178
66968,0,0.0086
66969,0,0.0188
66970,0,0.0139
66971,0,0.1174
66972,0,0.0839
66973,0,0.0566
66974,0,0.0165
66975,0,0.0672
66976,0,0.0045
66977,0,0.0067
66978,0,0.0458
66979,0,0.0473
66980,0,0.0026
66981,0,0.0512
66982,0,0.0234
66983,0,0.0795
66984,0,0.0084
66985,0,0.0076
66986,0,0.0145
66987,0,0.0168
66988,0,0.0168
66989,0,0.0031
66990,0,0.2679
66991,0,0.0726
66992,0,0.2474
66993,0,0.0379
66994,0,0.0129
66995,0,0.3529
66996,0,0.1123
66997,1,0.9039
66998,0,0.0045
66999,0,0.0175
67000,0,0.008
67001,0,0.0145
67002,0,0.0018
67003,0,0.0369
67004,0,0.1051
67005,0,0.0331
67006,0,0.1392
67007,0,0.0386
67008,0,0.0149
67009,0,0.0308
67010,0,0.0693
67011,0,0.0248
67012,0,0.0263
67013,1,0.9811
67014,0,0.2255
67015,0,0.006
67016,0,0.0277
67017,0,0.0923
67018,0,0.0264
67019,0,0.0789
67020,0,0.0316
67021,0,0.1158
67022,0,0.0766
67023,0,0.0041
67024,0,0.1534
67025,0,0.0059
67026,0,0.0122
67027,0,0.031
67028,0,0.3427
67029,0,0.0227
67030,0,0.0063
67031,1,0.9226
67032,0,0.058
67033,0,0.0079
67034,0,0.0061
67035,0,0.0018
67036,0,0.0177
67037,0,0.1957
67038,0,0.0154
67039,0,0.0182
67040,0,0.0655
67041,0,0.0048
67042,0,0.0598
67043,0,0.0125
67044,0,0.0125
67045,1,0.9358
67046,0,0.4638
67047,1,0.9465
67048,0,0.0321
67049,0,0.1463
67050,0,0.0038
67051,0,0.0147
67052,0,0.0156
67053,0,0.0202
67054,0,0.0322
67055,0,0.0167
67056,0,0.0017
67057,0,0.0956
67058,0,0.0285
67059,1,0.9473
67060,0,0.0067
67061,0,0.2156
67062,0,0.1602
67063,0,0.021
67064,0,0.0816
67065,0,0.0047
67066,0,0.0023
67067,0,0.0048
67068,0,0.4111
67069,0,0.0354
67070,0,0.0263
67071,0,0.0127
67072,0,0.0341
67073,0,0.0128
67074,0,0.0489
67075,0,0.0134
67076,0,0.0015
67077,1,0.9613
67078,0,0.0136
67079,0,0.0067
67080,0,0.0104
67081,0,0.0659
67082,0,0.0164
67083,0,0.0313
67084,0,0.0583
67085,0,0.3722
67086,0,0.0151
67087,0,0.0133
67088,1,0.9405
67089,0,0.0139
67090,0,0.0211
67091,0,0.0073
67092,1,0.9714
67093,0,0.0219
67094,0,0.0677
67095,0,0.0366
67096,0,0.0247
67097,0,0.0203
67098,0,0.057
67099,0,0.0265
67100,0,0.0097
67101,0,0.2198
67102,0,0.0055
67103,0,0.0247
67104,0,0.0092
67105,0,0.0435
67106,0,0.009
67107,1,0.9343
67108,1,0.9638
67109,0,0.0195
67110,0,0.0684
67111,1,0.942
67112,0,0.0119
67113,0,0.0396
67114,0,0.0578
67115,0,0.0458
67116,0,0.0055
67117,0,0.1125
67118,0,0.1931
67119,1,0.9679
67120,0,0.0158
67121,0,0.0139
67122,0,0.03
67123,0,0.0067
67124,0,0.0266
67125,0,0.0222
67126,0,0.0437
67127,0,0.0305
67128,0,0.0132
67129,0,0.0084
67130,0,0.0268
67131,0,0.0056
67132,0,0.023
67133,0,0.0022
67134,0,0.0338
67135,1,0.9361
67136,1,0.998
67137,0,0.0511
67138,0,0.0118
67139,0,0.0061
67140,0,0.0095
67141,0,0.0537
67142,0,0.0236
67143,0,0.0097
67144,1,0.8615
67145,0,0.0375
67146,0,0.1218
67147,0,0.3339
67148,0,0.0067
67149,0,0.047
67150,0,0.1611
67151,0,0.033
67152,0,0.1746
67153,0,0.014
67154,0,0.0106
67155,0,0.1271
67156,0,0.0577
67157,0,0.0654
67158,0,0.0283
67159,0,0.0162
67160,0,0.0165
67161,0,0.0087
67162,0,0.0071
67163,0,0.0031
67164,0,0.0078
67165,0,0.2292
67166,0,0.0133
67167,0,0.0331
67168,0,0.0044
67169,0,0.006
67170,1,0.9449
67171,0,0.0195
67172,0,0.1126
67173,0,0.0165
67174,0,0.1201
67175,0,0.0533
67176,1,0.9757
67177,0,0.0045
67178,0,0.0745
67179,0,0.0598
67180,1,0.6533
67181,0,0.318
67182,0,0.0297
67183,0,0.0073
67184,0,0.0256
67185,1,0.7221
67186,1,0.9974
67187,0,0.0067
67188,0,0.0223
67189,0,0.0457
67190,0,0.0154
67191,0,0.0937
67192,0,0.0215
67193,0,0.012
67194,0,0.0194
67195,0,0.005
67196,0,0.4155
67197,0,0.0219
67198,0,0.006
67199,1,0.9645
67200,0,0.0075
67201,0,0.0247
67202,0,0.0878
67203,0,0.0161
67204,0,0.0196
67205,0,0.0071
67206,0,0.0954
67207,0,0.0255
67208,0,0.0137
67209,0,0.1122
67210,0,0.0233
67211,0,0.0109
67212,0,0.1057
67213,0,0.0217
67214,0,0.027
67215,0,0.007
67216,0,0.0171
67217,0,0.0171
67218,0,0.0148
67219,1,0.9234
67220,1,0.5309
67221,0,0.0009
67222,0,0.0504
67223,0,0.0052
67224,0,0.0024
67225,0,0.0198
67226,0,0.0839
67227,0,0.0188
67228,0,0.0167
67229,1,0.9084
67230,0,0.072
67231,0,0.007
67232,0,0.4777
67233,0,0.0292
67234,0,0.0084
67235,0,0.0086
67236,0,0.2336
67237,0,0.0368
67238,1,0.9601
67239,0,0.013
67240,1,0.5342
67241,0,0.0087
67242,0,0.024
67243,0,0.0028
67244,0,0.0309
67245,0,0.0341
67246,1,0.9562
67247,0,0.0133
67248,0,0.0233
67249,0,0.0032
67250,0,0.0523
67251,0,0.1589
67252,0,0.0063
67253,1,0.9281
67254,0,0.1056
67255,0,0.0478
67256,1,0.9409
67257,0,0.0328
67258,0,0.0068
67259,0,0.0245
67260,0,0.0676
67261,0,0.0112
67262,0,0.0194
67263,1,0.8646
67264,1,0.9262
67265,0,0.0112
67266,0,0.0064
67267,1,0.965
67268,0,0.0183
67269,1,0.9749
67270,0,0.028
67271,0,0.138
67272,0,0.036
67273,0,0.0776
67274,0,0.1165
67275,0,0.003
67276,0,0.0017
67277,0,0.0539
67278,0,0.183
67279,1,0.9871
67280,0,0.042
67281,0,0.0126
67282,0,0.1702
67283,0,0.078
67284,0,0.0154
67285,0,0.0318
67286,0,0.0651
67287,0,0.1096
67288,0,0.0054
67289,0,0.0116
67290,0,0.0051
67291,0,0.0491
67292,0,0.0074
67293,0,0.0928
67294,0,0.046
67295,0,0.032
67296,0,0.1653
67297,0,0.0327
67298,0,0.0146
67299,0,0.019
67300,0,0.0098
67301,0,0.0089
67302,1,0.9853
67303,0,0.0685
67304,0,0.0636
67305,0,0.004
67306,0,0.0244
67307,0,0.2656
67308,0,0.0039
67309,0,0.0103
67310,1,0.9593
67311,1,0.9859
67312,0,0.0225
67313,0,0.0137
67314,0,0.0124
67315,1,0.97
67316,0,0.0137
67317,1,0.9458
67318,0,0.0089
67319,0,0.0011
67320,0,0.0262
67321,0,0.0141
67322,0,0.0798
67323,0,0.0155
67324,0,0.0687
67325,0,0.0181
67326,0,0.0072
67327,0,0.0019
67328,0,0.0245
67329,0,0.0277
67330,0,0.0146
67331,0,0.0439
67332,0,0.0284
67333,0,0.0246
67334,1,0.7322
67335,0,0.0108
67336,0,0.0669
67337,0,0.0187
67338,0,0.0063
67339,1,0.8828
67340,0,0.0255
67341,0,0.2552
67342,0,0.0401
67343,0,0.0157
67344,0,0.0516
67345,0,0.0104
67346,0,0.0017
67347,0,0.0243
67348,0,0.0019
67349,0,0.0489
67350,0,0.029
67351,1,0.8851
67352,0,0.0198
67353,0,0.1364
67354,0,0.0106
67355,0,0.0044
67356,0,0.0081
67357,0,0.0019
67358,0,0.0015
67359,0,0.0131
67360,1,0.9746
67361,0,0.018
67362,0,0.015
67363,0,0.0077
67364,0,0.0014
67365,0,0.0234
67366,0,0.0156
67367,0,0.0046
67368,0,0.0627
67369,0,0.0147
67370,0,0.0062
67371,0,0.0105
67372,1,0.9492
67373,0,0.0038
67374,0,0.1705
67375,0,0.0067
67376,0,0.0169
67377,0,0.0124
67378,0,0.0251
67379,0,0.005
67380,0,0.0031
67381,1,0.9768
67382,0,0.0057
67383,1,0.9643
67384,0,0.0056
67385,0,0.012
67386,0,0.0103
67387,0,0.0064
67388,0,0.0037
67389,0,0.0242
67390,0,0.0493
67391,1,0.9612
67392,0,0.0258
67393,1,0.5683
67394,0,0.0072
67395,0,0.0032
67396,0,0.1447
67397,0,0.0144
67398,1,0.9756
67399,0,0.0188
67400,0,0.0101
67401,0,0.0117
67402,0,0.0275
67403,0,0.0106
67404,0,0.0122
67405,1,0.9014
67406,1,0.8376
67407,0,0.074
67408,0,0.1964
67409,1,0.9689
67410,0,0.131
67411,0,0.0031
67412,0,0.0222
67413,0,0.018
67414,0,0.03
67415,0,0.0682
67416,1,0.8035
67417,0,0.0084
67418,0,0.2033
67419,0,0.0017
67420,0,0.085
67421,0,0.0053
67422,0,0.0756
67423,0,0.0593
67424,0,0.1198
67425,1,0.982
67426,0,0.0323
67427,0,0.0051
67428,0,0.004
67429,0,0.0314
67430,1,0.9435
67431,0,0.0085
67432,0,0.0779
67433,0,0.0027
67434,0,0.2778
67435,0,0.0087
67436,0,0.0756
67437,0,0.0519
67438,0,0.0265
67439,0,0.0097
67440,0,0.0247
67441,1,0.9372
67442,0,0.012
67443,0,0.0161
67444,1,0.9838
67445,0,0.008
67446,0,0.1023
67447,0,0.0031
67448,0,0.012
67449,0,0.0229
67450,0,0.0078
67451,0,0.0045
67452,0,0.0661
67453,0,0.0013
67454,0,0.0419
67455,0,0.1354
67456,0,0.0076
67457,0,0.0435
67458,0,0.0041
67459,0,0.1245
67460,0,0.0377
67461,0,0.0092
67462,1,0.9818
67463,0,0.0239
67464,1,0.938
67465,0,0.0266
67466,0,0.0123
67467,0,0.0194
67468,1,0.9056
67469,0,0.0121
67470,0,0.0122
67471,0,0.2177
67472,0,0.0024
67473,0,0.0566
67474,0,0.0489
67475,0,0.1784
67476,0,0.0052
67477,0,0.0197
67478,0,0.0089
67479,0,0.2188
67480,0,0.0104
67481,0,0.0142
67482,0,0.0146
67483,0,0.005
67484,0,0.008
67485,0,0.0379
67486,0,0.0061
67487,0,0.0242
67488,0,0.0486
67489,0,0.0065
67490,0,0.0647
67491,1,0.7819
67492,1,0.6924
67493,0,0.0304
67494,1,0.8844
67495,0,0.0582
67496,0,0.0337
67497,0,0.0011
67498,0,0.0247
67499,0,0.0359
67500,0,0.0375
67501,1,0.9564
67502,0,0.0236
67503,0,0.0213
67504,0,0.0466
67505,0,0.0077
67506,1,0.9474
67507,0,0.0348
67508,0,0.0019
67509,0,0.0076
67510,1,0.9036
67511,0,0.0808
67512,0,0.0836
67513,0,0.0082
67514,0,0.0542
67515,1,0.978
67516,1,0.9466
67517,0,0.0744
67518,0,0.0356
67519,0,0.0197
67520,0,0.0301
67521,0,0.009
67522,0,0.0305
67523,0,0.0918
67524,0,0.0374
67525,0,0.0032
67526,0,0.095
67527,1,0.9912
67528,0,0.1089
67529,0,0.0126
67530,0,0.0127
67531,0,0.0178
67532,0,0.0085
67533,0,0.174
67534,0,0.0562
67535,0,0.0227
67536,0,0.0094
67537,0,0.067
67538,0,0.0365
67539,0,0.0202
67540,0,0.0302
67541,0,0.002
67542,0,0.0131
67543,0,0.0012
67544,0,0.0752
67545,0,0.003
67546,0,0.0144
67547,0,0.0015
67548,0,0.0252
67549,0,0.0135
67550,0,0.0081
67551,0,0.0063
67552,0,0.0122
67553,0,0.0069
67554,0,0.0217
67555,0,0.1565
67556,0,0.0318
67557,0,0.0075
67558,1,0.9652
67559,0,0.0082
67560,0,0.0421
67561,0,0.0275
67562,0,0.0042
67563,0,0.019
67564,0,0.0714
67565,0,0.0167
67566,0,0.0073
67567,0,0.004
67568,0,0.0206
67569,0,0.046
67570,0,0.0188
67571,0,0.006
67572,0,0.0104
67573,0,0.0217
67574,0,0.0795
67575,0,0.0614
67576,0,0.346
67577,0,0.0804
67578,1,0.9446
67579,0,0.0423
67580,0,0.0282
67581,0,0.0032
67582,0,0.0083
67583,0,0.0954
67584,1,0.8796
67585,1,0.9901
67586,0,0.0153
67587,0,0.0324
67588,0,0.1357
67589,1,0.9906
67590,0,0.0043
67591,0,0.0034
67592,0,0.0163
67593,0,0.0084
67594,0,0.0753
67595,0,0.0417
67596,0,0.0162
67597,0,0.0138
67598,0,0.0059
67599,0,0.0417
67600,0,0.0056
67601,0,0.0756
67602,0,0.0074
67603,1,0.9449
67604,0,0.0359
67605,0,0.0073
67606,0,0.0185
67607,0,0.0054
67608,0,0.0167
67609,0,0.0237
67610,0,0.0039
67611,0,0.0038
67612,0,0.0609
67613,0,0.0211
67614,0,0.0148
67615,0,0.0221
67616,0,0.0311
67617,0,0.0236
67618,0,0.3538
67619,0,0.0137
67620,0,0.0182
67621,0,0.0179
67622,0,0.0542
67623,0,0.018
67624,0,0.002
67625,0,0.0332
67626,0,0.0952
67627,0,0.0026
67628,0,0.0233
67629,0,0.0041
67630,0,0.0378
67631,0,0.0024
67632,0,0.0931
67633,0,0.1002
67634,0,0.0091
67635,1,0.9714
67636,0,0.2996
67637,0,0.0096
67638,0,0.1124
67639,0,0.0016
67640,0,0.0014
67641,0,0.0205
67642,0,0.0075
67643,0,0.028
67644,1,0.611
67645,0,0.0097
67646,0,0.0071
67647,0,0.0047
67648,0,0.0101
67649,0,0.0154
67650,0,0.0407
67651,0,0.0016
67652,0,0.0234
67653,0,0.0589
67654,0,0.195
67655,0,0.1941
67656,0,0.0154
67657,0,0.1672
67658,0,0.0243
67659,0,0.3037
67660,0,0.0072
67661,0,0.0082
67662,1,0.9786
67663,0,0.1335
67664,1,0.8806
67665,1,0.9571
67666,0,0.021
67667,0,0.0139
67668,0,0.0032
67669,0,0.0141
67670,0,0.012
67671,0,0.0275
67672,0,0.0664
67673,0,0.0084
67674,0,0.1381
67675,0,0.0379
67676,0,0.0213
67677,0,0.0517
67678,0,0.0801
67679,0,0.0712
67680,0,0.0452
67681,0,0.3277
67682,1,0.9162
67683,1,0.9613
67684,0,0.0172
67685,0,0.062
67686,0,0.0087
67687,0,0.0101
67688,0,0.0106
67689,0,0.0064
67690,0,0.2477
67691,0,0.1896
67692,0,0.0192
67693,0,0.0281
67694,0,0.0477
67695,1,0.9621
67696,0,0.0326
67697,0,0.0135
67698,0,0.0136
67699,0,0.1112
67700,0,0.0128
67701,0,0.0789
67702,0,0.0037
67703,0,0.0123
67704,1,0.9645
67705,0,0.0444
67706,0,0.0142
67707,0,0.0076
67708,0,0.0085
67709,0,0.045
67710,0,0.0056
67711,0,0.0745
67712,0,0.0088
67713,0,0.0267
67714,0,0.0546
67715,0,0.0187
67716,0,0.0663
67717,0,0.0406
67718,0,0.1739
67719,1,0.9546
67720,0,0.0129
67721,0,0.2256
67722,0,0.0166
67723,0,0.0172
67724,0,0.0262
67725,0,0.0136
67726,0,0.3211
67727,0,0.0712
67728,1,0.9602
67729,0,0.0234
67730,0,0.0974
67731,1,0.8212
67732,0,0.0165
67733,0,0.1931
67734,1,0.8316
67735,0,0.0139
67736,0,0.0365
67737,1,0.9298
67738,0,0.0117
67739,0,0.0055
67740,0,0.0063
67741,0,0.0315
67742,0,0.0213
67743,0,0.0084
67744,0,0.0145
67745,0,0.0117
67746,0,0.0111
67747,0,0.019
67748,0,0.0036
67749,0,0.0056
67750,0,0.0018
67751,1,0.9476
67752,0,0.0329
67753,0,0.0596
67754,0,0.0577
67755,0,0.0478
67756,0,0.0678
67757,0,0.0203
67758,0,0.0432
67759,1,0.9583
67760,0,0.0482
67761,0,0.0168
67762,0,0.0093
67763,0,0.067
67764,0,0.0249
67765,0,0.0347
67766,0,0.0136
67767,0,0.0263
67768,0,0.0157
67769,0,0.0325
67770,0,0.027
67771,0,0.023
67772,1,0.6121
67773,0,0.0081
67774,0,0.0459
67775,0,0.0739
67776,0,0.054
67777,0,0.0095
67778,1,0.9514
67779,1,0.9196
67780,0,0.0148
67781,0,0.0056
67782,0,0.0133
67783,0,0.0032
67784,0,0.0071
67785,1,0.9907
67786,0,0.0254
67787,0,0.1817
67788,0,0.0163
67789,0,0.0582
67790,0,0.0271
67791,0,0.0033
67792,0,0.0187
67793,0,0.0214
67794,0,0.0145
67795,0,0.0048
67796,0,0.0122
67797,0,0.002
67798,0,0.0011
67799,0,0.005
67800,0,0.0048
67801,0,0.0252
67802,0,0.2502
67803,0,0.0087
67804,1,0.9682
67805,1,0.5707
67806,0,0.1249
67807,0,0.1034
67808,0,0.0071
67809,0,0.1471
67810,0,0.0098
67811,0,0.0096
67812,0,0.009
67813,0,0.1625
67814,0,0.0015
67815,0,0.0113
67816,0,0.0138
67817,0,0.0038
67818,0,0.0273
67819,0,0.0402
67820,0,0.0196
67821,1,0.9527
67822,0,0.0264
67823,0,0.0304
67824,0,0.0072
67825,0,0.0055
67826,0,0.0026
67827,0,0.0266
67828,0,0.0203
67829,0,0.1188
67830,0,0.0933
67831,0,0.0171
67832,0,0.0674
67833,0,0.3577
67834,0,0.0133
67835,0,0.0114
67836,0,0.1308
67837,0,0.0146
67838,0,0.0372
67839,0,0.0032
67840,0,0.0271
67841,0,0.0225
67842,0,0.0226
67843,0,0.098
67844,0,0.0088
67845,0,0.0236
67846,0,0.021
67847,0,0.0147
67848,0,0.0376
67849,0,0.0145
67850,0,0.0068
67851,0,0.0093
67852,0,0.0017
67853,0,0.0722
67854,0,0.0142
67855,0,0.0015
67856,0,0.0072
67857,0,0.029
67858,0,0.0013
67859,0,0.0049
67860,0,0.0225
67861,0,0.0722
67862,0,0.1001
67863,0,0.002
67864,0,0.0467
67865,0,0.0341
67866,0,0.0444
67867,0,0.2064
67868,0,0.0129
67869,0,0.0377
67870,0,0.0419
67871,0,0.0135
67872,0,0.0145
67873,0,0.015
67874,0,0.0225
67875,0,0.0111
67876,0,0.3044
67877,0,0.1552
67878,0,0.1887
67879,0,0.0496
67880,0,0.1442
67881,0,0.0181
67882,0,0.0198
67883,0,0.0241
67884,0,0.0815
67885,0,0.0009
67886,1,0.8764
67887,0,0.022
67888,0,0.0824
67889,0,0.0163
67890,0,0.0191
67891,0,0.0633
67892,0,0.0113
67893,1,0.937
67894,0,0.0296
67895,0,0.0158
67896,0,0.0123
67897,0,0.0083
67898,0,0.034
67899,0,0.139
67900,0,0.0583
67901,0,0.0044
67902,0,0.0116
67903,0,0.0354
67904,1,0.9968
67905,0,0.0156
67906,0,0.0509
67907,0,0.0363
67908,0,0.0276
67909,0,0.0204
67910,0,0.1962
67911,0,0.129
67912,0,0.2529
67913,0,0.4577
67914,0,0.0062
67915,0,0.0323
67916,0,0.0013
67917,0,0.011
67918,0,0.0068
67919,0,0.0472
67920,0,0.0578
67921,0,0.0095
67922,0,0.0306
67923,0,0.4331
67924,0,0.0279
67925,0,0.0094
67926,0,0.0219
67927,0,0.0897
67928,0,0.0663
67929,0,0.0658
67930,0,0.0224
67931,1,0.558
67932,0,0.0087
67933,0,0.011
67934,0,0.1199
67935,0,0.0036
67936,0,0.0285
67937,0,0.0687
67938,0,0.0127
67939,0,0.0261
67940,0,0.0116
67941,0,0.0574
67942,0,0.0088
67943,0,0.0397
67944,0,0.0189
67945,0,0.0057
67946,0,0.0253
67947,0,0.0736
67948,0,0.0159
67949,0,0.0172
67950,0,0.0128
67951,0,0.0695
67952,0,0.01
67953,0,0.0098
67954,0,0.0073
67955,0,0.0211
67956,0,0.0044
67957,0,0.0651
67958,0,0.0123
67959,0,0.0379
67960,0,0.0154
67961,0,0.0453
67962,0,0.021
67963,0,0.0772
67964,0,0.006
67965,0,0.0451
67966,0,0.0569
67967,0,0.0044
67968,0,0.1071
67969,0,0.0166
67970,0,0.0213
67971,0,0.0222
67972,0,0.0334
67973,0,0.0325
67974,0,0.0177
67975,1,0.8476
67976,0,0.0291
67977,1,0.9581
67978,0,0.0501
67979,0,0.2019
67980,0,0.0797
67981,0,0.0177
67982,1,0.9527
67983,0,0.05
67984,0,0.1219
67985,0,0.0134
67986,0,0.03
67987,0,0.2163
67988,1,0.8808
67989,0,0.011
67990,0,0.0215
67991,0,0.0049
67992,0,0.0822
67993,0,0.0151
67994,0,0.0594
67995,0,0.2241
67996,0,0.0023
67997,0,0.0165
67998,0,0.006
67999,1,0.9502
68000,0,0.0032
68001,0,0.1024
68002,0,0.0099
68003,1,0.968
68004,0,0.0323
68005,0,0.0774
68006,0,0.0563
68007,0,0.0139
68008,0,0.0521
68009,0,0.015
68010,0,0.1661
68011,0,0.0161
68012,0,0.0038
68013,1,0.979
68014,0,0.0116
68015,0,0.0553
68016,1,0.9722
68017,0,0.0092
68018,0,0.0192
68019,0,0.0683
68020,0,0.027
68021,0,0.1068
68022,0,0.0275
68023,0,0.1116
68024,0,0.0069
68025,0,0.0351
68026,0,0.0141
68027,1,0.9601
68028,0,0.075
68029,0,0.0156
68030,0,0.008
68031,0,0.0143
68032,0,0.0057
68033,0,0.0251
68034,1,0.9645
68035,1,0.9731
68036,0,0.0022
68037,0,0.0085
68038,0,0.0063
68039,0,0.1203
68040,1,0.9765
68041,0,0.0582
68042,0,0.0425
68043,0,0.0732
68044,0,0.0171
68045,0,0.0887
68046,0,0.0322
68047,0,0.1884
68048,0,0.0457
68049,1,0.9235
68050,0,0.0151
68051,0,0.0251
68052,0,0.0423
68053,0,0.0094
68054,0,0.0156
68055,0,0.0126
68056,0,0.0259
68057,0,0.0865
68058,0,0.2845
68059,0,0.0027
68060,0,0.0132
68061,0,0.0285
68062,0,0.0174
68063,1,0.9812
68064,0,0.0133
68065,0,0.0134
68066,0,0.0107
68067,1,0.9735
68068,0,0.0049
68069,0,0.0237
68070,0,0.0418
68071,0,0.0208
68072,0,0.0224
68073,1,0.9666
68074,1,0.9966
68075,0,0.0158
68076,0,0.043
68077,0,0.0421
68078,1,0.9747
68079,0,0.0189
68080,0,0.0227
68081,0,0.0545
68082,0,0.0341
68083,0,0.025
68084,0,0.0183
68085,0,0.0253
68086,0,0.0302
68087,0,0.0018
68088,0,0.0861
68089,0,0.0101
68090,0,0.0012
68091,1,0.8647
68092,0,0.0629
68093,0,0.023
68094,0,0.0038
68095,0,0.051
68096,0,0.0575
68097,0,0.0179
68098,1,0.9846
68099,1,0.9394
68100,0,0.0161
68101,0,0.014
68102,0,0.0081
68103,0,0.2588
68104,0,0.056
68105,0,0.0383
68106,0,0.0193
68107,0,0.0108
68108,0,0.0351
68109,0,0.3604
68110,0,0.0929
68111,0,0.0448
68112,0,0.0738
68113,0,0.0149
68114,0,0.0643
68115,0,0.0721
68116,0,0.0087
68117,0,0.009
68118,0,0.0307
68119,0,0.0127
68120,0,0.063
68121,0,0.0097
68122,0,0.0228
68123,0,0.0275
68124,0,0.0426
68125,0,0.0135
68126,0,0.0719
68127,0,0.0249
68128,0,0.0046
68129,0,0.1015
68130,1,0.9415
68131,0,0.0284
68132,0,0.0826
68133,0,0.1158
68134,0,0.0173
68135,0,0.0679
68136,0,0.0129
68137,0,0.0629
68138,0,0.0226
68139,0,0.047
68140,0,0.0802
68141,0,0.0354
68142,0,0.0074
68143,0,0.0081
68144,0,0.3227
68145,0,0.0202
68146,0,0.0381
68147,0,0.0199
68148,0,0.0209
68149,0,0.007
68150,0,0.0454
68151,0,0.021
68152,0,0.2894
68153,0,0.0337
68154,0,0.0606
68155,0,0.0214
68156,0,0.0097
68157,0,0.0121
68158,1,0.9391
68159,0,0.0089
68160,0,0.0138
68161,0,0.001
68162,0,0.0162
68163,1,0.7729
68164,0,0.0258
68165,0,0.2016
68166,0,0.0525
68167,0,0.0237
68168,0,0.0091
68169,0,0.0374
68170,0,0.0594
68171,0,0.0108
68172,0,0.007
68173,0,0.0013
68174,0,0.0264
68175,0,0.018
68176,1,0.9712
68177,0,0.0101
68178,0,0.0283
68179,0,0.0045
68180,0,0.0225
68181,0,0.0996
68182,0,0.039
68183,1,0.9887
68184,0,0.0078
68185,0,0.0703
68186,0,0.0238
68187,0,0.0095
68188,0,0.0102
68189,0,0.003
68190,0,0.0332
68191,0,0.0354
68192,0,0.0043
68193,0,0.0278
68194,0,0.0091
68195,0,0.0049
68196,0,0.0272
68197,0,0.123
68198,1,0.7273
68199,0,0.0369
68200,0,0.0166
68201,0,0.0202
68202,0,0.0132
68203,0,0.2993
68204,1,0.985
68205,1,0.6662
68206,0,0.0853
68207,0,0.0081
68208,0,0.217
68209,0,0.0075
68210,1,0.9943
68211,0,0.0108
68212,0,0.0119
68213,0,0.0222
68214,0,0.0215
68215,0,0.0407
68216,0,0.2966
68217,0,0.0035
68218,0,0.1111
68219,0,0.2627
68220,0,0.0259
68221,0,0.0605
68222,0,0.1104
68223,0,0.0628
68224,0,0.0631
68225,0,0.0105
68226,0,0.0081
68227,1,0.9162
68228,0,0.22
68229,0,0.0195
68230,0,0.0038
68231,0,0.0363
68232,0,0.0456
68233,0,0.0094
68234,0,0.0136
68235,0,0.0662
68236,0,0.0458
68237,0,0.1163
68238,0,0.0027
68239,0,0.0881
68240,0,0.0355
68241,0,0.0349
68242,0,0.0203
68243,0,0.0553
68244,0,0.0282
68245,0,0.0072
68246,0,0.0043
68247,0,0.0154
68248,0,0.0129
68249,0,0.012
68250,0,0.0113
68251,0,0.0133
68252,0,0.1214
68253,0,0.0031
68254,0,0.0103
68255,0,0.0462
68256,0,0.0093
68257,0,0.001
68258,1,0.9298
68259,0,0.042
68260,0,0.042
68261,0,0.0042
68262,0,0.0053
68263,0,0.0086
68264,0,0.0204
68265,1,0.9878
68266,0,0.0165
68267,0,0.0671
68268,0,0.0512
68269,0,0.0128
68270,0,0.0102
68271,0,0.0085
68272,0,0.2343
68273,0,0.0086
68274,0,0.0052
68275,0,0.4747
68276,0,0.329
68277,0,0.0055
68278,0,0.0065
68279,0,0.0666
68280,0,0.0137
68281,0,0.0409
68282,0,0.0455
68283,0,0.0173
68284,0,0.0112
68285,0,0.0661
68286,0,0.0021
68287,0,0.005
68288,0,0.0863
68289,0,0.0088
68290,0,0.0109
68291,0,0.0881
68292,0,0.01
68293,0,0.0009
68294,0,0.1151
68295,1,0.92
68296,1,0.9076
68297,0,0.0198
68298,0,0.0077
68299,0,0.0167
68300,0,0.0578
68301,0,0.0024
68302,0,0.0137
68303,0,0.0134
68304,0,0.0108
68305,0,0.0103
68306,0,0.026
68307,0,0.0032
68308,0,0.0551
68309,0,0.028
68310,0,0.0539
68311,0,0.0514
68312,0,0.0152
68313,0,0.0011
68314,0,0.0261
68315,1,0.8255
68316,0,0.0736
68317,0,0.016
68318,0,0.0385
68319,0,0.0052
68320,0,0.0265
68321,0,0.0084
68322,0,0.1565
68323,0,0.0129
68324,0,0.0665
68325,0,0.0049
68326,0,0.0135
68327,0,0.0751
68328,0,0.0232
68329,0,0.017
68330,0,0.0292
68331,0,0.0674
68332,0,0.087
68333,0,0.0088
68334,0,0.0679
68335,0,0.1721
68336,1,0.9487
68337,0,0.013
68338,0,0.0035
68339,1,0.948
68340,0,0.0087
68341,0,0.0268
68342,1,0.8299
68343,0,0.0267
68344,0,0.0018
68345,1,0.9278
68346,0,0.0031
68347,0,0.001
68348,0,0.0351
68349,0,0.0269
68350,1,0.914
68351,0,0.0391
68352,0,0.0009
68353,0,0.0138
68354,1,0.9785
68355,0,0.0105
68356,0,0.0149
68357,1,0.9195
68358,0,0.0307
68359,0,0.0157
68360,0,0.3446
68361,0,0.0296
68362,0,0.1173
68363,0,0.0078
68364,0,0.0052
68365,0,0.0067
68366,0,0.0267
68367,0,0.0291
68368,0,0.0739
68369,1,0.8933
68370,1,0.9629
68371,0,0.2599
68372,0,0.4895
68373,0,0.0553
68374,0,0.0594
68375,0,0.0102
68376,0,0.1068
68377,0,0.0774
68378,0,0.0148
68379,0,0.0102
68380,0,0.0431
68381,0,0.0146
68382,0,0.0212
68383,0,0.0461
68384,0,0.0234
68385,0,0.064
68386,0,0.0226
68387,0,0.0548
68388,0,0.0413
68389,0,0.1324
68390,0,0.0384
68391,0,0.0595
68392,0,0.0196
68393,0,0.0528
68394,1,0.9483
68395,0,0.0078
68396,0,0.1629
68397,0,0.0329
68398,0,0.2271
68399,0,0.0129
68400,0,0.0945
68401,0,0.2758
68402,0,0.0297
68403,0,0.1384
68404,1,0.9511
68405,0,0.0224
68406,0,0.0148
68407,1,0.9491
68408,0,0.3677
68409,0,0.0423
68410,0,0.0749
68411,0,0.0121
68412,0,0.0913
68413,0,0.0411
68414,1,0.9502
68415,0,0.3569
68416,0,0.0401
68417,0,0.1619
68418,0,0.0523
68419,0,0.0487
68420,0,0.0374
68421,1,0.696
68422,0,0.003
68423,0,0.0094
68424,1,0.9584
68425,0,0.014
68426,0,0.0051
68427,0,0.0895
68428,0,0.1395
68429,0,0.021
68430,0,0.0058
68431,0,0.0093
68432,0,0.0028
68433,0,0.0099
68434,0,0.0279
68435,1,0.9948
68436,0,0.0765
68437,0,0.0501
68438,0,0.037
68439,0,0.0087
68440,0,0.0053
68441,0,0.1386
68442,0,0.0103
68443,0,0.0597
68444,1,0.9798
68445,0,0.0257
68446,0,0.0274
68447,0,0.0038
68448,0,0.15
68449,0,0.0143
68450,1,0.8475
68451,0,0.0357
68452,0,0.0066
68453,0,0.0333
68454,0,0.0563
68455,0,0.0488
68456,0,0.2794
68457,0,0.1216
68458,0,0.011
68459,0,0.0346
68460,0,0.0096
68461,0,0.0106
68462,0,0.0076
68463,0,0.0086
68464,0,0.0533
68465,0,0.0289
68466,0,0.0089
68467,0,0.0352
68468,0,0.0157
68469,0,0.0601
68470,0,0.0048
68471,1,0.9237
68472,0,0.0084
68473,0,0.0564
68474,1,0.8328
68475,0,0.0214
68476,0,0.0056
68477,0,0.0324
68478,0,0.0033
68479,0,0.0189
68480,0,0.0567
68481,0,0.013
68482,0,0.0969
68483,0,0.0465
68484,0,0.0193
68485,0,0.0113
68486,0,0.0718
68487,0,0.0092
68488,1,0.9618
68489,0,0.0861
68490,0,0.0256
68491,0,0.0965
68492,0,0.3315
68493,0,0.0142
68494,0,0.0042
68495,0,0.0075
68496,0,0.1049
68497,0,0.0746
68498,0,0.0045
68499,0,0.0152
68500,0,0.0971
68501,0,0.0076
68502,0,0.0814
68503,0,0.0257
68504,0,0.0173
68505,0,0.0052
68506,0,0.0438
68507,0,0.0093
68508,0,0.0071
68509,0,0.2054
68510,0,0.0049
68511,0,0.0098
68512,0,0.0727
68513,0,0.0061
68514,1,0.9479
68515,0,0.0592
68516,0,0.0352
68517,0,0.0035
68518,1,0.9658
68519,0,0.0272
68520,0,0.0276
68521,0,0.0084
68522,0,0.2252
68523,0,0.005
68524,0,0.3843
68525,0,0.0074
68526,0,0.1819
68527,0,0.0649
68528,0,0.0686
68529,0,0.0073
68530,0,0.0202
68531,0,0.0105
68532,0,0.0024
68533,1,0.9626
68534,0,0.0302
68535,0,0.2624
68536,0,0.0095
68537,0,0.069
68538,0,0.0233
68539,0,0.0123
68540,0,0.0229
68541,0,0.0143
68542,0,0.0057
68543,0,0.0156
68544,0,0.0158
68545,0,0.0223
68546,0,0.0139
68547,1,0.9495
68548,0,0.007
68549,0,0.0036
68550,1,0.9579
68551,1,0.8571
68552,0,0.0023
68553,0,0.155
68554,0,0.0518
68555,0,0.0548
68556,0,0.1557
68557,0,0.0562
68558,1,0.9242
68559,0,0.0237
68560,1,0.9388
68561,0,0.1359
68562,0,0.2882
68563,1,0.5056
68564,0,0.0297
68565,0,0.0138
68566,0,0.0043
68567,0,0.0098
68568,0,0.0189
68569,0,0.0633
68570,0,0.0142
68571,1,0.9725
68572,0,0.1431
68573,0,0.0125
68574,0,0.019
68575,0,0.0055
68576,0,0.0111
68577,0,0.1649
68578,0,0.0569
68579,0,0.0078
68580,0,0.0104
68581,0,0.0489
68582,0,0.0983
68583,1,0.9897
68584,0,0.0128
68585,1,0.9582
68586,0,0.3504
68587,0,0.0135
68588,0,0.0343
68589,0,0.0104
68590,1,0.9717
68591,0,0.0247
68592,1,0.971
68593,0,0.0094
68594,0,0.0513
68595,0,0.0041
68596,0,0.0566
68597,0,0.2636
68598,0,0.015
68599,0,0.0244
68600,0,0.014
68601,0,0.01
68602,0,0.0696
68603,0,0.049
68604,0,0.4319
68605,0,0.0796
68606,0,0.0444
68607,0,0.0085
68608,0,0.0327
68609,0,0.003
68610,0,0.135
68611,0,0.0187
68612,1,0.9363
68613,0,0.0261
68614,0,0.0341
68615,0,0.0816
68616,0,0.0066
68617,0,0.0468
68618,0,0.0518
68619,0,0.2233
68620,0,0.0268
68621,0,0.077
68622,0,0.003
68623,0,0.017
68624,0,0.0037
68625,0,0.2602
68626,0,0.029
68627,0,0.0284
68628,0,0.0144
68629,0,0.0325
68630,1,0.8958
68631,0,0.0088
68632,0,0.0647
68633,0,0.0072
68634,0,0.0015
68635,1,0.9474
68636,0,0.0555
68637,0,0.0166
68638,0,0.0458
68639,1,0.8291
68640,0,0.0328
68641,1,0.6669
68642,0,0.0258
68643,0,0.007
68644,0,0.0353
68645,1,0.9652
68646,0,0.0254
68647,0,0.0117
68648,0,0.0081
68649,0,0.0184
68650,1,0.9173
68651,0,0.0648
68652,0,0.0232
68653,1,0.9657
68654,0,0.0836
68655,0,0.0332
68656,0,0.019
68657,0,0.0363
68658,1,0.8853
68659,0,0.0133
68660,0,0.04
68661,0,0.0419
68662,0,0.0224
68663,0,0.0364
68664,0,0.0012
68665,0,0.0203
68666,0,0.034
68667,0,0.0331
68668,0,0.0021
68669,0,0.1161
68670,0,0.0516
68671,0,0.0227
68672,0,0.0516
68673,0,0.0276
68674,0,0.0232
68675,0,0.0172
68676,0,0.01
68677,0,0.0634
68678,0,0.0214
68679,0,0.0384
68680,0,0.0228
68681,0,0.0043
68682,0,0.0273
68683,0,0.1166
68684,0,0.0637
68685,0,0.0263
68686,0,0.0061
68687,0,0.0093
68688,0,0.1365
68689,0,0.0011
68690,0,0.0108
68691,0,0.0186
68692,0,0.007
68693,0,0.1723
68694,0,0.0127
68695,0,0.06
68696,1,0.974
68697,0,0.0023
68698,0,0.0079
68699,0,0.3581
68700,1,0.9769
68701,0,0.0413
68702,0,0.0177
68703,0,0.0604
68704,0,0.159
68705,0,0.0194
68706,0,0.0648
68707,1,0.9058
68708,0,0.0179
68709,0,0.0091
68710,0,0.0952
68711,0,0.1249
68712,0,0.0157
68713,0,0.0887
68714,0,0.0812
68715,0,0.0019
68716,0,0.0092
68717,0,0.1158
68718,0,0.057
68719,0,0.062
68720,0,0.0642
68721,0,0.0602
68722,0,0.011
68723,1,0.9837
68724,0,0.0697
68725,0,0.0165
68726,0,0.0533
68727,0,0.0126
68728,0,0.0133
68729,0,0.186
68730,0,0.0059
68731,0,0.057
68732,0,0.0348
68733,0,0.0091
68734,0,0.0071
68735,0,0.2128
68736,0,0.0311
68737,0,0.0118
68738,0,0.0053
68739,0,0.014
68740,0,0.0134
68741,0,0.1407
68742,0,0.0043
68743,0,0.0103
68744,1,0.9851
68745,0,0.0109
68746,0,0.1278
68747,0,0.007
68748,1,0.9829
68749,0,0.0328
68750,0,0.118
68751,0,0.0157
68752,0,0.076
68753,0,0.0008
68754,0,0.0585
68755,0,0.007
68756,0,0.0363
68757,0,0.0188
68758,0,0.1724
68759,0,0.0167
68760,0,0.0527
68761,0,0.0442
68762,1,0.8163
68763,0,0.001
68764,1,0.99
68765,0,0.0904
68766,0,0.0605
68767,0,0.001
68768,0,0.0083
68769,0,0.0267
68770,0,0.0042
68771,0,0.0454
68772,0,0.0095
68773,0,0.0018
68774,0,0.0134
68775,1,0.9714
68776,0,0.0038
68777,0,0.005
68778,0,0.005
68779,1,0.9881
68780,0,0.1022
68781,0,0.0652
68782,0,0.0898
68783,0,0.0504
68784,0,0.0745
68785,0,0.001
68786,0,0.0149
68787,0,0.0127
68788,0,0.0451
68789,0,0.0022
68790,0,0.0058
68791,0,0.0021
68792,0,0.0033
68793,0,0.0375
68794,0,0.0062
68795,0,0.002
68796,0,0.0821
68797,0,0.089
68798,0,0.0451
68799,0,0.0539
68800,0,0.0082
68801,0,0.1024
68802,0,0.01
68803,1,0.8233
68804,1,0.7157
68805,0,0.0291
68806,1,0.8976
68807,0,0.1184
68808,0,0.035
68809,0,0.0426
68810,0,0.053
68811,1,0.959
68812,0,0.0317
68813,0,0.033
68814,0,0.0048
68815,0,0.0285
68816,0,0.014
68817,0,0.1555
68818,0,0.0503
68819,0,0.042
68820,0,0.0561
68821,0,0.0024
68822,0,0.0173
68823,0,0.0522
68824,1,0.6181
68825,1,0.9227
68826,0,0.0312
68827,0,0.0146
68828,0,0.0113
68829,1,0.9841
68830,0,0.0228
68831,0,0.0043
68832,0,0.0223
68833,1,0.9663
68834,0,0.0787
68835,0,0.01
68836,0,0.0462
68837,1,0.5427
68838,0,0.0413
68839,0,0.0297
68840,0,0.0127
68841,0,0.0121
68842,0,0.0414
68843,0,0.4385
68844,0,0.0426
68845,1,0.9078
68846,1,0.802
68847,0,0.0374
68848,0,0.1564
68849,0,0.0352
68850,0,0.0254
68851,0,0.0177
68852,0,0.0449
68853,0,0.0224
68854,0,0.0085
68855,1,0.9649
68856,0,0.0349
68857,0,0.0152
68858,0,0.0161
68859,0,0.0122
68860,0,0.0162
68861,0,0.0028
68862,0,0.1214
68863,0,0.1355
68864,0,0.0883
68865,0,0.0184
68866,0,0.1066
68867,0,0.0176
68868,1,0.9483
68869,0,0.2552
68870,0,0.0024
68871,0,0.0371
68872,0,0.0427
68873,0,0.1165
68874,0,0.0425
68875,0,0.0252
68876,0,0.0314
68877,0,0.0058
68878,1,0.8299
68879,0,0.0173
68880,0,0.0129
68881,0,0.0251
68882,0,0.0218
68883,0,0.0283
68884,0,0.031
68885,0,0.0167
68886,0,0.1936
68887,0,0.0323
68888,0,0.0134
68889,0,0.0225
68890,0,0.0154
68891,1,0.9641
68892,0,0.0531
68893,0,0.0055
68894,0,0.0324
68895,0,0.0026
68896,0,0.0013
68897,0,0.4431
68898,0,0.0191
68899,1,0.8648
68900,1,0.9544
68901,0,0.0099
68902,0,0.0248
68903,0,0.01
68904,0,0.0585
68905,0,0.0178
68906,0,0.0064
68907,0,0.0068
68908,0,0.0422
68909,0,0.0279
68910,0,0.0304
68911,1,0.8817
68912,0,0.0035
68913,0,0.0063
68914,0,0.0332
68915,0,0.0127
68916,0,0.0062
68917,0,0.2148
68918,0,0.008
68919,0,0.0047
68920,0,0.0146
68921,0,0.1861
68922,0,0.0044
68923,0,0.0089
68924,0,0.0602
68925,0,0.0437
68926,1,0.9537
68927,0,0.0325
68928,1,0.9027
68929,0,0.0112
68930,1,0.9486
68931,0,0.1991
68932,0,0.0288
68933,0,0.0154
68934,0,0.0162
68935,0,0.0064
68936,0,0.0183
68937,0,0.0122
68938,0,0.2481
68939,0,0.0306
68940,0,0.073
68941,0,0.0015
68942,0,0.0522
68943,0,0.0113
68944,0,0.1079
68945,0,0.0682
68946,0,0.0093
68947,0,0.0086
68948,0,0.0347
68949,0,0.0073
68950,1,0.9691
68951,0,0.0059
68952,0,0.028
68953,0,0.0167
68954,0,0.0099
68955,0,0.0145
68956,0,0.0013
68957,0,0.0175
68958,0,0.0571
68959,1,0.9939
68960,0,0.0345
68961,0,0.0339
68962,0,0.0179
68963,1,0.9557
68964,0,0.0221
68965,0,0.0354
68966,0,0.0231
68967,0,0.0556
68968,0,0.1619
68969,0,0.0182
68970,0,0.0152
68971,0,0.0346
68972,0,0.0307
68973,0,0.013
68974,0,0.0043
68975,0,0.0826
68976,0,0.0395
68977,0,0.0078
68978,0,0.0571
68979,0,0.1988
68980,0,0.001
68981,0,0.0088
68982,0,0.0094
68983,0,0.007
68984,0,0.0492
68985,0,0.0745
68986,0,0.0412
68987,0,0.0218
68988,0,0.0013
68989,0,0.0057
68990,1,0.9765
68991,1,0.9728
68992,0,0.0188
68993,0,0.0929
68994,0,0.0529
68995,0,0.0333
68996,1,0.8961
68997,0,0.007
68998,0,0.0262
68999,0,0.0522
69000,0,0.0571
69001,1,0.9794
69002,0,0.0096
69003,0,0.0444
69004,0,0.0036
69005,0,0.0065
69006,0,0.0447
69007,0,0.0596
69008,0,0.1653
69009,0,0.0068
69010,0,0.4066
69011,0,0.0096
69012,0,0.0008
69013,0,0.2079
69014,1,0.9508
69015,0,0.0131
69016,0,0.0144
69017,1,0.9783
69018,0,0.0667
69019,0,0.0524
69020,0,0.0084
69021,0,0.0083
69022,0,0.0721
69023,0,0.0579
69024,0,0.0236
69025,0,0.0052
69026,0,0.0071
69027,0,0.0557
69028,0,0.0514
69029,0,0.0007
69030,1,0.9398
69031,0,0.0134
69032,0,0.0833
69033,0,0.0308
69034,0,0.0325
69035,0,0.0324
69036,0,0.0104
69037,0,0.0093
69038,0,0.0096
69039,0,0.0336
69040,0,0.0582
69041,0,0.009
69042,0,0.0071
69043,0,0.0432
69044,0,0.0007
69045,0,0.0009
69046,0,0.0117
69047,1,0.9459
69048,1,0.9772
69049,0,0.0163
69050,0,0.1388
69051,0,0.0112
69052,1,0.9542
69053,0,0.0043
69054,0,0.1554
69055,0,0.0181
69056,0,0.0276
69057,0,0.3089
69058,0,0.0309
69059,0,0.4569
69060,0,0.0303
69061,0,0.0236
69062,0,0.0341
69063,0,0.0115
69064,0,0.0894
69065,0,0.0204
69066,0,0.0602
69067,1,0.8443
69068,0,0.0194
69069,0,0.0114
69070,0,0.007
69071,0,0.1362
69072,1,0.9835
69073,0,0.1701
69074,0,0.0599
69075,0,0.015
69076,0,0.0076
69077,1,0.8254
69078,0,0.0107
69079,0,0.0131
69080,0,0.0172
69081,0,0.0155
69082,0,0.0138
69083,0,0.0283
69084,0,0.0148
69085,0,0.0499
69086,0,0.0113
69087,0,0.0363
69088,0,0.3169
69089,0,0.0221
69090,0,0.0018
69091,0,0.1613
69092,0,0.0087
69093,0,0.2034
69094,0,0.0373
69095,0,0.0373
69096,0,0.0171
69097,0,0.0269
69098,0,0.0191
69099,0,0.0272
69100,0,0.0199
69101,0,0.0991
69102,0,0.0053
69103,0,0.039
69104,1,0.9783
69105,0,0.0116
69106,0,0.0148
69107,0,0.0403
69108,1,0.9506
69109,0,0.0085
69110,0,0.0204
69111,0,0.0195
69112,0,0.0273
69113,0,0.019
69114,0,0.0204
69115,0,0.0432
69116,0,0.0812
69117,0,0.0024
69118,0,0.0032
69119,0,0.0057
69120,0,0.0076
69121,0,0.0782
69122,0,0.0131
69123,1,0.996
69124,0,0.0217
69125,0,0.0085
69126,0,0.0359
69127,0,0.0506
69128,0,0.0062
69129,0,0.0606
69130,0,0.0203
69131,0,0.0228
69132,0,0.0295
69133,0,0.0055
69134,0,0.0359
69135,0,0.0383
69136,0,0.0033
69137,0,0.0144
69138,0,0.0013
69139,0,0.032
69140,0,0.011
69141,0,0.1124
69142,0,0.3034
69143,1,0.9831
69144,0,0.0013
69145,0,0.2984
69146,0,0.1801
69147,0,0.0819
69148,0,0.0358
69149,0,0.0807
69150,0,0.1763
69151,0,0.0334
69152,0,0.0272
69153,0,0.0273
69154,0,0.0264
69155,0,0.3477
69156,0,0.0388
69157,0,0.0205
69158,0,0.0236
69159,0,0.0053
69160,1,0.9575
69161,0,0.0185
69162,0,0.0453
69163,0,0.0595
69164,0,0.0048
69165,0,0.0611
69166,0,0.0119
69167,1,0.9458
69168,0,0.0131
69169,0,0.1186
69170,0,0.0339
69171,0,0.0385
69172,0,0.0153
69173,1,0.8586
69174,0,0.0024
69175,0,0.0642
69176,0,0.008
69177,0,0.0445
69178,0,0.0157
69179,0,0.1124
69180,1,0.7258
69181,0,0.0234
69182,0,0.0043
69183,0,0.0884
69184,0,0.0302
69185,0,0.0096
69186,0,0.0874
69187,0,0.0304
69188,0,0.0078
69189,0,0.0207
69190,0,0.3811
69191,0,0.0825
69192,0,0.0105
69193,0,0.0312
69194,1,0.9624
69195,0,0.0156
69196,0,0.0624
69197,0,0.0255
69198,0,0.0242
69199,0,0.0075
69200,0,0.0334
69201,0,0.0348
69202,0,0.038
69203,0,0.0237
69204,0,0.0169
69205,0,0.0501
69206,0,0.0323
69207,0,0.0067
69208,0,0.0104
69209,0,0.048
69210,0,0.0295
69211,0,0.0429
69212,0,0.0181
69213,0,0.0455
69214,0,0.007
69215,0,0.0169
69216,0,0.0501
69217,0,0.0179
69218,0,0.0013
69219,0,0.0661
69220,0,0.1041
69221,0,0.0127
69222,0,0.2258
69223,1,0.967
69224,0,0.0096
69225,0,0.0721
69226,0,0.0027
69227,0,0.025
69228,0,0.0141
69229,0,0.2075
69230,1,0.9735
69231,0,0.0339
69232,0,0.013
69233,0,0.0354
69234,0,0.0068
69235,1,0.7925
69236,0,0.0171
69237,1,0.9692
69238,0,0.0079
69239,1,0.8706
69240,1,0.8931
69241,0,0.0117
69242,1,0.9909
69243,0,0.0089
69244,0,0.0465
69245,0,0.0244
69246,0,0.0715
69247,0,0.0181
69248,1,0.9341
69249,0,0.0431
69250,0,0.0042
69251,0,0.007
69252,0,0.0112
69253,0,0.0093
69254,0,0.0223
69255,0,0.0163
69256,0,0.0563
69257,0,0.0492
69258,0,0.0301
69259,0,0.196
69260,0,0.017
69261,0,0.1745
69262,0,0.0742
69263,0,0.0093
69264,0,0.0143
69265,0,0.0317
69266,0,0.0069
69267,0,0.0488
69268,0,0.0015
69269,0,0.0026
69270,0,0.0285
69271,0,0.2262
69272,0,0.0563
69273,0,0.1161
69274,0,0.0137
69275,1,0.9446
69276,0,0.0067
69277,0,0.0085
69278,1,0.9918
69279,0,0.1007
69280,0,0.0076
69281,1,0.9153
69282,1,0.9866
69283,0,0.0079
69284,0,0.0125
69285,0,0.0229
69286,0,0.0019
69287,0,0.0078
69288,0,0.0062
69289,0,0.0111
69290,0,0.025
69291,0,0.0099
69292,0,0.0481
69293,0,0.0294
69294,0,0.0191
69295,0,0.0067
69296,0,0.005
69297,0,0.007
69298,0,0.0213
69299,0,0.0128
69300,0,0.0902
69301,0,0.009
69302,1,0.9067
69303,0,0.1799
69304,0,0.0086
69305,0,0.036
69306,0,0.0443
69307,0,0.0815
69308,0,0.0077
69309,0,0.0283
69310,1,0.9771
69311,0,0.0269
69312,0,0.0191
69313,0,0.1602
69314,0,0.0042
69315,0,0.0459
69316,0,0.0008
69317,0,0.0163
69318,0,0.0036
69319,0,0.0043
69320,0,0.0061
69321,0,0.0159
69322,0,0.0212
69323,0,0.0211
69324,0,0.0442
69325,0,0.0976
69326,0,0.0384
69327,0,0.001
69328,1,0.8321
69329,0,0.0152
69330,0,0.0181
69331,0,0.0257
69332,0,0.0851
69333,0,0.2495
69334,0,0.0126
69335,0,0.0016
69336,0,0.085
69337,0,0.0491
69338,0,0.001
69339,0,0.0095
69340,0,0.0263
69341,0,0.0127
69342,0,0.0328
69343,0,0.0037
69344,0,0.0302
69345,0,0.0139
69346,0,0.0154
69347,0,0.0007
69348,0,0.0248
69349,0,0.0512
69350,0,0.0695
69351,0,0.0439
69352,0,0.0137
69353,0,0.0286
69354,0,0.009
69355,0,0.004
69356,0,0.0236
69357,0,0.0043
69358,0,0.0313
69359,0,0.0121
69360,0,0.0622
69361,0,0.0657
69362,0,0.2265
69363,0,0.0156
69364,0,0.0514
69365,0,0.0161
69366,0,0.0342
69367,0,0.0189
69368,0,0.0417
69369,0,0.0276
69370,0,0.0068
69371,0,0.0075
69372,0,0.0389
69373,0,0.0601
69374,0,0.0012
69375,0,0.0328
69376,0,0.0102
69377,1,0.9373
69378,0,0.0346
69379,0,0.0146
69380,1,0.9501
69381,0,0.0183
69382,0,0.0094
69383,0,0.0141
69384,0,0.0668
69385,0,0.143
69386,0,0.0055
69387,1,0.9912
69388,0,0.1669
69389,0,0.0205
69390,0,0.04
69391,0,0.0081
69392,0,0.0678
69393,0,0.0077
69394,0,0.0077
69395,0,0.0333
69396,0,0.0131
69397,0,0.1498
69398,0,0.1387
69399,1,0.9508
69400,0,0.0214
69401,0,0.0087
69402,0,0.0006
69403,0,0.0131
69404,1,0.6532
69405,0,0.0027
69406,0,0.0203
69407,0,0.0498
69408,0,0.0633
69409,0,0.0288
69410,0,0.0349
69411,0,0.0944
69412,0,0.0273
69413,0,0.0064
69414,0,0.0376
69415,0,0.1588
69416,0,0.0322
69417,0,0.0175
69418,0,0.0171
69419,0,0.1025
69420,0,0.0243
69421,0,0.0027
69422,0,0.1312
69423,0,0.0834
69424,0,0.317
69425,0,0.021
69426,0,0.0534
69427,0,0.0222
69428,0,0.3302
69429,0,0.1993
69430,0,0.0159
69431,0,0.0083
69432,0,0.002
69433,0,0.0378
69434,0,0.0433
69435,0,0.011
69436,0,0.0218
69437,0,0.0706
69438,0,0.0309
69439,0,0.0059
69440,0,0.0187
69441,0,0.0109
69442,0,0.0067
69443,1,0.9627
69444,0,0.004
69445,0,0.0178
69446,0,0.0063
69447,0,0.0058
69448,0,0.0222
69449,0,0.0091
69450,0,0.0199
69451,0,0.0366
69452,0,0.1032
69453,0,0.0636
69454,0,0.0075
69455,0,0.0592
69456,0,0.0564
69457,0,0.0631
69458,0,0.0587
69459,0,0.0287
69460,0,0.0529
69461,1,0.816
69462,0,0.1293
69463,0,0.001
69464,0,0.0326
69465,0,0.0406
69466,0,0.1088
69467,0,0.0148
69468,0,0.0243
69469,0,0.0502
69470,0,0.0433
69471,0,0.0097
69472,0,0.0058
69473,0,0.0068
69474,0,0.0211
69475,0,0.0318
69476,0,0.0725
69477,0,0.0054
69478,0,0.036
69479,0,0.0622
69480,0,0.0809
69481,0,0.0151
69482,0,0.0474
69483,0,0.0015
69484,0,0.0183
69485,0,0.0573
69486,0,0.005
69487,0,0.0064
69488,0,0.0185
69489,0,0.0175
69490,0,0.0488
69491,0,0.0259
69492,0,0.0305
69493,0,0.0978
69494,0,0.1667
69495,0,0.0836
69496,0,0.0116
69497,0,0.033
69498,0,0.0241
69499,0,0.2107
69500,0,0.1306
69501,0,0.0571
69502,0,0.0154
69503,0,0.0171
69504,0,0.0471
69505,0,0.0362
69506,0,0.0074
69507,0,0.0202
69508,0,0.1891
69509,0,0.0043
69510,0,0.0183
69511,0,0.0119
69512,0,0.0242
69513,0,0.0596
69514,0,0.429
69515,0,0.0131
69516,0,0.0695
69517,0,0.0412
69518,0,0.0091
69519,0,0.0295
69520,0,0.0223
69521,0,0.1555
69522,0,0.0401
69523,1,0.9301
69524,1,0.6045
69525,1,0.985
69526,1,0.9791
69527,0,0.0244
69528,0,0.004
69529,0,0.0187
69530,1,0.5439
69531,0,0.0278
69532,0,0.0091
69533,0,0.0714
69534,0,0.1824
69535,0,0.0742
69536,0,0.0075
69537,0,0.1902
69538,0,0.1426
69539,0,0.0034
69540,0,0.0666
69541,0,0.014
69542,0,0.0562
69543,0,0.0526
69544,0,0.1528
69545,1,0.9878
69546,0,0.206
69547,0,0.092
69548,0,0.0135
69549,0,0.0095
69550,0,0.0139
69551,0,0.0094
69552,0,0.0329
69553,0,0.0275
69554,0,0.2588
69555,0,0.0665
69556,0,0.0494
69557,0,0.0035
69558,0,0.0123
69559,1,0.9417
69560,1,0.8762
69561,0,0.0679
69562,0,0.4001
69563,0,0.0288
69564,1,0.975
69565,0,0.0259
69566,0,0.0156
69567,0,0.053
69568,0,0.0863
69569,0,0.0014
69570,0,0.0207
69571,0,0.0023
69572,0,0.0058
69573,1,0.9611
69574,0,0.0055
69575,0,0.0299
69576,0,0.0147
69577,1,0.9668
69578,1,0.9843
69579,0,0.3512
69580,0,0.062
69581,0,0.0097
69582,1,0.9261
69583,0,0.2272
69584,0,0.023
69585,0,0.0223
69586,0,0.1666
69587,0,0.0093
69588,0,0.005
69589,0,0.1072
69590,0,0.0077
69591,0,0.021
69592,0,0.1409
69593,1,0.6286
69594,0,0.0334
69595,0,0.0099
69596,0,0.0264
69597,1,0.9262
69598,0,0.0438
69599,0,0.0586
69600,0,0.0047
69601,0,0.0159
69602,0,0.0282
69603,1,0.9466
69604,0,0.0434
69605,0,0.0668
69606,0,0.0012
69607,0,0.1113
69608,0,0.0333
69609,0,0.0564
69610,1,0.9744
69611,0,0.0113
69612,0,0.0278
69613,0,0.0431
69614,0,0.0642
69615,0,0.0077
69616,0,0.0245
69617,0,0.049
69618,0,0.0041
69619,1,0.9897
69620,0,0.0155
69621,0,0.0762
69622,0,0.0127
69623,0,0.1369
69624,0,0.0945
69625,0,0.0643
69626,0,0.0783
69627,0,0.0043
69628,0,0.0303
69629,0,0.1603
69630,1,0.9753
69631,1,0.954
69632,0,0.0178
69633,1,0.6091
69634,0,0.0024
69635,0,0.0144
69636,0,0.0035
69637,0,0.1899
69638,0,0.0465
69639,1,0.9561
69640,0,0.0052
69641,0,0.1018
69642,0,0.0028
69643,0,0.0773
69644,1,0.9787
69645,0,0.0303
69646,0,0.0056
69647,0,0.0256
69648,1,0.9898
69649,0,0.1036
69650,0,0.0375
69651,0,0.0188
69652,0,0.0049
69653,0,0.0028
69654,0,0.0117
69655,0,0.0044
69656,0,0.011
69657,0,0.024
69658,0,0.021
69659,0,0.0555
69660,0,0.122
69661,0,0.0846
69662,1,0.919
69663,0,0.0011
69664,0,0.0177
69665,1,0.9159
69666,0,0.096
69667,0,0.0218
69668,1,0.8634
69669,0,0.0048
69670,0,0.0044
69671,0,0.0101
69672,0,0.1101
69673,1,0.538
69674,0,0.4166
69675,0,0.0194
69676,0,0.0378
69677,0,0.0473
69678,0,0.0354
69679,1,0.9802
69680,0,0.0166
69681,0,0.0221
69682,0,0.018
69683,0,0.0136
69684,0,0.1739
69685,0,0.083
69686,0,0.0384
69687,0,0.0579
69688,0,0.0007
69689,0,0.0995
69690,0,0.0318
69691,0,0.0124
69692,0,0.0388
69693,0,0.193
69694,0,0.0111
69695,0,0.004
69696,0,0.1549
69697,1,0.9875
69698,0,0.0481
69699,0,0.0166
69700,0,0.0488
69701,0,0.0138
69702,0,0.0227
69703,0,0.0366
69704,0,0.2194
69705,0,0.0071
69706,0,0.0206
69707,0,0.0995
69708,0,0.3329
69709,0,0.0322
69710,0,0.0312
69711,0,0.1236
69712,0,0.0626
69713,0,0.0139
69714,1,0.9556
69715,0,0.0236
69716,0,0.0407
69717,0,0.0506
69718,0,0.0832
69719,0,0.0173
69720,1,0.8584
69721,0,0.0302
69722,0,0.0343
69723,0,0.0172
69724,0,0.014
69725,0,0.0107
69726,0,0.0155
69727,0,0.021
69728,0,0.1548
69729,0,0.0089
69730,0,0.0507
69731,0,0.0413
69732,0,0.0112
69733,0,0.0069
69734,0,0.0012
69735,0,0.009
69736,0,0.0047
69737,0,0.048
69738,0,0.1271
69739,0,0.003
69740,0,0.0093
69741,0,0.0744
69742,0,0.0114
69743,0,0.0142
69744,0,0.0169
69745,0,0.0061
69746,0,0.0271
69747,0,0.0287
69748,0,0.0097
69749,0,0.0794
69750,0,0.0071
69751,0,0.0184
69752,0,0.1218
69753,0,0.0609
69754,0,0.0099
69755,1,0.9658
69756,0,0.0387
69757,0,0.0049
69758,0,0.0036
69759,0,0.0135
69760,0,0.0112
69761,0,0.0021
69762,0,0.0652
69763,0,0.0614
69764,0,0.0125
69765,0,0.0176
69766,0,0.0492
69767,0,0.0064
69768,0,0.0696
69769,1,0.8497
69770,0,0.016
69771,0,0.0164
69772,0,0.0347
69773,1,0.6382
69774,1,0.835
69775,0,0.0228
69776,0,0.0275
69777,0,0.0132
69778,0,0.0784
69779,0,0.0352
69780,0,0.0625
69781,0,0.0254
69782,1,0.895
69783,0,0.0047
69784,0,0.0216
69785,0,0.0754
69786,0,0.0458
69787,0,0.0767
69788,0,0.0063
69789,0,0.0093
69790,0,0.017
69791,0,0.0176
69792,0,0.0115
69793,0,0.0789
69794,0,0.0196
69795,0,0.0109
69796,0,0.0025
69797,0,0.0435
69798,0,0.01
69799,0,0.0111
69800,0,0.0032
69801,1,0.9488
69802,0,0.0163
69803,0,0.0202
69804,1,0.8891
69805,0,0.0521
69806,0,0.006
69807,0,0.0212
69808,0,0.0607
69809,0,0.029
69810,1,0.9036
69811,0,0.0225
69812,0,0.0112
69813,0,0.0089
69814,0,0.0695
69815,0,0.0129
69816,0,0.0016
69817,0,0.0534
69818,0,0.0037
69819,0,0.1004
69820,0,0.0021
69821,1,0.9527
69822,0,0.1413
69823,0,0.1867
69824,0,0.1572
69825,0,0.0204
69826,0,0.0118
69827,0,0.0185
69828,0,0.0548
69829,1,0.9929
69830,0,0.0163
69831,0,0.3216
69832,0,0.0358
69833,0,0.0888
69834,0,0.0116
69835,0,0.0065
69836,0,0.2274
69837,0,0.0627
69838,0,0.0349
69839,0,0.1327
69840,0,0.0135
69841,0,0.0062
69842,0,0.0224
69843,0,0.0408
69844,0,0.2057
69845,0,0.0029
69846,0,0.0141
69847,0,0.1193
69848,0,0.0573
69849,0,0.026
69850,0,0.0741
69851,0,0.0222
69852,0,0.0737
69853,0,0.0281
69854,0,0.0983
69855,0,0.0279
69856,0,0.0517
69857,1,0.739
69858,0,0.07
69859,0,0.0062
69860,0,0.0096
69861,1,0.9862
69862,0,0.018
69863,0,0.0019
69864,1,0.9491
69865,0,0.1044
69866,0,0.0061
69867,1,0.9228
69868,0,0.0125
69869,0,0.0536
69870,0,0.0035
69871,0,0.0086
69872,1,0.8584
69873,0,0.0673
69874,0,0.0273
69875,0,0.0065
69876,0,0.1436
69877,0,0.0177
69878,0,0.0131
69879,0,0.0149
69880,0,0.0214
69881,0,0.0589
69882,0,0.0099
69883,0,0.0872
69884,1,0.9122
69885,0,0.3429
69886,0,0.0183
69887,0,0.0653
69888,0,0.0525
69889,0,0.2198
69890,0,0.0569
69891,0,0.0236
69892,0,0.0459
69893,0,0.1846
69894,0,0.0064
69895,1,0.9791
69896,1,0.9072
69897,0,0.0407
69898,0,0.036
69899,0,0.0009
69900,0,0.0344
69901,1,0.9683
69902,0,0.0396
69903,0,0.0514
69904,0,0.0247
69905,0,0.0086
69906,0,0.0046
69907,0,0.0951
69908,0,0.034
69909,0,0.0082
69910,0,0.0447
69911,0,0.1116
69912,0,0.0036
69913,0,0.225
69914,0,0.0655
69915,0,0.1337
69916,0,0.0064
69917,0,0.3079
69918,0,0.162
69919,0,0.0437
69920,0,0.0239
69921,0,0.0322
69922,0,0.0314
69923,0,0.0699
69924,0,0.0396
69925,0,0.0025
69926,1,0.9045
69927,0,0.0194
69928,0,0.1117
69929,0,0.0102
69930,0,0.0514
69931,0,0.0107
69932,0,0.0994
69933,0,0.0289
69934,0,0.0688
69935,0,0.1278
69936,0,0.024
69937,0,0.0179
69938,0,0.0294
69939,0,0.2324
69940,0,0.0025
69941,0,0.0285
69942,0,0.001
69943,0,0.0327
69944,0,0.0162
69945,0,0.0586
69946,1,0.9326
69947,0,0.0011
69948,0,0.0174
69949,0,0.0152
69950,0,0.0797
69951,0,0.3531
69952,0,0.051
69953,0,0.0179
69954,0,0.2476
69955,1,0.9344
69956,0,0.0289
69957,0,0.0493
69958,1,0.9721
69959,1,0.9855
69960,0,0.0033
69961,0,0.0088
69962,1,0.8658
69963,0,0.0567
69964,0,0.1332
69965,0,0.3783
69966,0,0.0081
69967,0,0.0478
69968,0,0.0145
69969,0,0.0088
69970,0,0.0014
69971,0,0.013
69972,0,0.1277
69973,0,0.0428
69974,0,0.0077
69975,0,0.0083
69976,1,0.9794
69977,0,0.0094
69978,0,0.3391
69979,0,0.0223
69980,0,0.0927
69981,0,0.0214
69982,0,0.0565
69983,0,0.0115
69984,0,0.0042
69985,0,0.0045
69986,0,0.0387
69987,0,0.0118
69988,0,0.0571
69989,0,0.0086
69990,1,0.6639
69991,0,0.0524
69992,0,0.0138
69993,0,0.0156
69994,0,0.0045
69995,0,0.0309
69996,0,0.0029
69997,0,0.0802
69998,0,0.0456
69999,0,0.0082
70000,0,0.0317
70001,0,0.0742
70002,0,0.0142
70003,0,0.0264
70004,0,0.0042
70005,0,0.0201
70006,0,0.0098
70007,0,0.0039
70008,0,0.0358
70009,0,0.0398
70010,1,0.7425
70011,0,0.1008
70012,0,0.3632
70013,0,0.0771
70014,0,0.0322
70015,0,0.0594
70016,0,0.0287
70017,0,0.0213
70018,0,0.0055
70019,0,0.022
70020,0,0.0221
70021,0,0.0158
70022,0,0.0088
70023,0,0.0896
70024,0,0.0164
70025,0,0.0217
70026,0,0.0169
70027,0,0.0093
70028,0,0.0101
70029,0,0.0144
70030,0,0.0017
70031,0,0.0373
70032,1,0.9358
70033,1,0.9803
70034,0,0.0236
70035,0,0.027
70036,0,0.0465
70037,0,0.0041
70038,0,0.0031
70039,1,0.9848
70040,0,0.0169
70041,0,0.0942
70042,1,0.9578
70043,0,0.0051
70044,0,0.0196
70045,0,0.0746
70046,0,0.0098
70047,0,0.0148
70048,0,0.0391
70049,0,0.0062
70050,0,0.1325
70051,0,0.2399
70052,0,0.0172
70053,1,0.9843
70054,1,0.9716
70055,0,0.006
70056,0,0.0085
70057,0,0.0172
70058,0,0.0039
70059,0,0.1148
70060,0,0.0572
70061,0,0.0251
70062,0,0.036
70063,0,0.104
70064,0,0.0754
70065,0,0.0161
70066,1,0.9756
70067,0,0.0201
70068,0,0.0117
70069,0,0.0762
70070,0,0.0267
70071,0,0.027
70072,1,0.9816
70073,0,0.0149
70074,0,0.0009
70075,0,0.0017
70076,0,0.0069
70077,0,0.0341
70078,0,0.0143
70079,0,0.0115
70080,0,0.0117
70081,0,0.0295
70082,0,0.0219
70083,0,0.0174
70084,0,0.0129
70085,1,0.9403
70086,0,0.0137
70087,0,0.0087
70088,0,0.0331
70089,0,0.0466
70090,0,0.0706
70091,0,0.0263
70092,1,0.9802
70093,0,0.0398
70094,1,0.9299
70095,0,0.0785
70096,0,0.0196
70097,1,0.8189
70098,0,0.0288
70099,0,0.0087
70100,0,0.0089
70101,0,0.0068
70102,1,0.9711
70103,0,0.013
70104,0,0.0075
70105,0,0.175
70106,1,0.958
70107,0,0.0278
70108,0,0.0167
70109,0,0.0349
70110,0,0.0056
70111,0,0.1023
70112,1,0.9747
70113,0,0.0156
70114,0,0.1586
70115,0,0.0681
70116,0,0.0069
70117,0,0.0015
70118,0,0.0481
70119,0,0.0191
70120,0,0.0935
70121,0,0.0682
70122,0,0.108
70123,0,0.0199
70124,0,0.0509
70125,0,0.0352
70126,0,0.0007
70127,0,0.0209
70128,0,0.008
70129,0,0.0072
70130,0,0.0101
70131,1,0.9508
70132,0,0.0522
70133,1,0.9211
70134,1,0.9542
70135,0,0.0119
70136,0,0.0095
70137,1,0.9863
70138,0,0.0011
70139,0,0.012
70140,0,0.0041
70141,0,0.0204
70142,0,0.0535
70143,0,0.0475
70144,0,0.006
70145,0,0.003
70146,0,0.0045
70147,0,0.0233
70148,1,0.972
70149,0,0.0064
70150,0,0.0051
70151,0,0.0032
70152,0,0.0098
70153,0,0.05
70154,0,0.0061
70155,0,0.1172
70156,0,0.0296
70157,0,0.051
70158,0,0.007
70159,1,0.9183
70160,0,0.0241
70161,0,0.0655
70162,0,0.0096
70163,0,0.0277
70164,0,0.0054
70165,0,0.1067
70166,0,0.0108
70167,1,0.9789
70168,0,0.0094
70169,0,0.0184
70170,0,0.0019
70171,1,0.9584
70172,1,0.9041
70173,0,0.0066
70174,0,0.0069
70175,0,0.0391
70176,0,0.0017
70177,0,0.0142
70178,0,0.0045
70179,1,0.9783
70180,0,0.2003
70181,0,0.0276
70182,0,0.0592
70183,0,0.0181
70184,0,0.0185
70185,0,0.0208
70186,1,0.8835
70187,0,0.0185
70188,0,0.0046
70189,0,0.044
70190,0,0.0257
70191,0,0.0229
70192,0,0.0142
70193,0,0.0191
70194,0,0.0062
70195,0,0.1599
70196,0,0.0234
70197,1,0.9511
70198,0,0.0566
70199,0,0.0421
70200,0,0.1133
70201,1,0.9728
70202,0,0.0796
70203,1,0.9452
70204,0,0.0079
70205,0,0.0209
70206,0,0.1135
70207,0,0.0656
70208,0,0.1142
70209,0,0.0443
70210,0,0.0335
70211,0,0.1914
70212,0,0.0273
70213,0,0.1296
70214,0,0.0895
70215,0,0.0333
70216,1,0.8958
70217,0,0.0006
70218,0,0.0113
70219,0,0.3143
70220,0,0.0139
70221,0,0.0223
70222,0,0.0088
70223,0,0.0214
70224,1,0.6845
70225,0,0.0412
70226,0,0.0662
70227,0,0.0426
70228,0,0.1091
70229,0,0.0159
70230,1,0.9722
70231,0,0.1653
70232,0,0.0096
70233,0,0.0136
70234,0,0.0246
70235,0,0.0164
70236,0,0.0015
70237,0,0.0491
70238,0,0.2675
70239,0,0.0073
70240,0,0.03
70241,0,0.0344
70242,0,0.0958
70243,0,0.0478
70244,0,0.2007
70245,0,0.0101
70246,0,0.0093
70247,0,0.0185
70248,0,0.0078
70249,0,0.0133
70250,0,0.0359
70251,0,0.0415
70252,0,0.0788
70253,1,0.7584
70254,0,0.0695
70255,0,0.0421
70256,0,0.0164
70257,0,0.0958
70258,0,0.0143
70259,0,0.0076
70260,0,0.0081
70261,0,0.0066
70262,0,0.0102
70263,0,0.0621
70264,0,0.0032
70265,0,0.0102
70266,0,0.0186
70267,0,0.0093
70268,0,0.0154
70269,0,0.0214
70270,1,0.9355
70271,0,0.0327
70272,0,0.0108
70273,0,0.0248
70274,0,0.053
70275,0,0.0333
70276,1,0.5339
70277,0,0.0388
70278,0,0.0587
70279,0,0.0063
70280,0,0.0029
70281,0,0.0122
70282,0,0.2035
70283,0,0.0432
70284,1,0.9586
70285,0,0.0095
70286,0,0.0631
70287,0,0.3731
70288,0,0.0103
70289,0,0.3282
70290,0,0.0448
70291,0,0.0989
70292,0,0.0251
70293,0,0.0193
70294,0,0.0167
70295,0,0.0357
70296,0,0.0127
70297,0,0.3685
70298,0,0.0194
70299,0,0.0028
70300,0,0.0382
70301,1,0.9263
70302,0,0.0368
70303,0,0.0098
70304,0,0.0128
70305,0,0.1525
70306,0,0.0243
70307,1,0.8567
70308,0,0.0192
70309,0,0.0087
70310,0,0.002
70311,1,0.9951
70312,0,0.006
70313,0,0.0055
70314,0,0.0334
70315,0,0.0778
70316,0,0.0023
70317,1,0.8186
70318,0,0.0491
70319,0,0.0229
70320,0,0.0148
70321,0,0.0092
70322,0,0.0586
70323,0,0.104
70324,0,0.022
70325,0,0.0164
70326,0,0.0268
70327,1,0.7933
70328,1,0.779
70329,0,0.0322
70330,0,0.0013
70331,0,0.0069
70332,0,0.0023
70333,0,0.0155
70334,0,0.3377
70335,0,0.0956
70336,0,0.0613
70337,1,0.9689
70338,0,0.3044
70339,0,0.0038
70340,0,0.0885
70341,0,0.0029
70342,0,0.111
70343,0,0.1052
70344,0,0.1203
70345,0,0.0542
70346,1,0.9537
70347,0,0.009
70348,0,0.0601
70349,0,0.0795
70350,0,0.0439
70351,0,0.0163
70352,0,0.0043
70353,0,0.0268
70354,0,0.0445
70355,0,0.131
70356,0,0.0384
70357,0,0.0404
70358,0,0.0067
70359,0,0.0104
70360,0,0.026
70361,0,0.0156
70362,0,0.0074
70363,0,0.055
70364,0,0.0014
70365,0,0.0392
70366,0,0.0144
70367,0,0.0268
70368,0,0.0348
70369,0,0.0259
70370,0,0.0756
70371,0,0.0051
70372,0,0.0422
70373,0,0.0575
70374,0,0.0197
70375,0,0.024
70376,0,0.0078
70377,0,0.0807
70378,0,0.0721
70379,0,0.0371
70380,0,0.0247
70381,0,0.0901
70382,0,0.1076
70383,0,0.1218
70384,0,0.0848
70385,0,0.0113
70386,1,0.979
70387,0,0.0304
70388,0,0.4404
70389,0,0.021
70390,0,0.0132
70391,0,0.0179
70392,0,0.0008
70393,0,0.0042
70394,0,0.0071
70395,0,0.1218
70396,0,0.0458
70397,0,0.124
70398,0,0.0015
70399,1,0.9695
70400,0,0.1695
70401,0,0.009
70402,0,0.0699
70403,0,0.0607
70404,0,0.1485
70405,0,0.0278
70406,0,0.09
70407,1,0.9776
70408,0,0.1539
70409,0,0.0225
70410,0,0.1316
70411,0,0.043
70412,0,0.0025
70413,0,0.0241
70414,0,0.0467
70415,0,0.0241
70416,0,0.0091
70417,0,0.0072
70418,0,0.0026
70419,0,0.0212
70420,0,0.0261
70421,0,0.0034
70422,0,0.0684
70423,0,0.0948
70424,0,0.0413
70425,0,0.0363
70426,0,0.0276
70427,0,0.0252
70428,0,0.0126
70429,0,0.1407
70430,0,0.0416
70431,0,0.0304
70432,0,0.0399
70433,0,0.0922
70434,0,0.154
70435,0,0.057
70436,0,0.0141
70437,0,0.0135
70438,0,0.0829
70439,0,0.0043
70440,0,0.1376
70441,0,0.0203
70442,0,0.0783
70443,1,0.9567
70444,0,0.0128
70445,1,0.7063
70446,1,0.8998
70447,0,0.0826
70448,0,0.0623
70449,0,0.0164
70450,0,0.0791
70451,0,0.1061
70452,1,0.9602
70453,0,0.1185
70454,0,0.0129
70455,0,0.0237
70456,0,0.0836
70457,0,0.0043
70458,0,0.0175
70459,0,0.0104
70460,1,0.9759
70461,0,0.1028
70462,0,0.0752
70463,0,0.0054
70464,0,0.0913
70465,0,0.0133
70466,0,0.0184
70467,1,0.9178
70468,1,0.9736
70469,0,0.0038
70470,0,0.0199
70471,0,0.0019
70472,0,0.0254
70473,1,0.944
70474,0,0.0041
70475,1,0.968
70476,0,0.0737
70477,0,0.0161
70478,0,0.0314
70479,1,0.9609
70480,0,0.0962
70481,0,0.4083
70482,0,0.0035
70483,0,0.0294
70484,0,0.0859
70485,0,0.068
70486,0,0.0349
70487,1,0.9452
70488,0,0.008
70489,0,0.0722
70490,0,0.0172
70491,0,0.3746
70492,0,0.0208
70493,0,0.0399
70494,0,0.2757
70495,0,0.0074
70496,0,0.0128
70497,0,0.057
70498,0,0.0279
70499,1,0.9176
70500,0,0.019
70501,0,0.0021
70502,1,0.9433
70503,0,0.0371
70504,0,0.0355
70505,0,0.0545
70506,0,0.0105
70507,0,0.0276
70508,1,0.9084
70509,1,0.5667
70510,0,0.1139
70511,0,0.0046
70512,0,0.0109
70513,0,0.0253
70514,0,0.0046
70515,0,0.0882
70516,0,0.0215
70517,0,0.0336
70518,0,0.0052
70519,0,0.0028
70520,0,0.0177
70521,0,0.0078
70522,0,0.0191
70523,0,0.0036
70524,0,0.0127
70525,0,0.0594
70526,1,0.844
70527,0,0.067
70528,0,0.0219
70529,0,0.1485
70530,0,0.0045
70531,0,0.0496
70532,0,0.0388
70533,0,0.071
70534,0,0.0113
70535,0,0.004
70536,0,0.0137
70537,0,0.003
70538,0,0.01
70539,0,0.0461
70540,0,0.0088
70541,0,0.0078
70542,0,0.0334
70543,1,0.9733
70544,0,0.1422
70545,0,0.0068
70546,0,0.024
70547,0,0.01
70548,0,0.063
70549,0,0.0068
70550,1,0.9576
70551,0,0.0237
70552,0,0.0137
70553,0,0.0322
70554,0,0.008
70555,0,0.0396
70556,0,0.0043
70557,0,0.0149
70558,0,0.0088
70559,0,0.0144
70560,0,0.0067
70561,0,0.0047
70562,0,0.0011
70563,1,0.8405
70564,0,0.1648
70565,0,0.0109
70566,0,0.0081
70567,1,0.9844
70568,0,0.0527
70569,0,0.0518
70570,0,0.0012
70571,0,0.0247
70572,0,0.0626
70573,0,0.0093
70574,0,0.0384
70575,0,0.0881
70576,0,0.4909
70577,0,0.0125
70578,0,0.0053
70579,0,0.0077
70580,0,0.043
70581,0,0.0074
70582,0,0.077
70583,0,0.0173
70584,0,0.0113
70585,0,0.0269
70586,0,0.0297
70587,0,0.0028
70588,0,0.0088
70589,0,0.0183
70590,0,0.053
70591,0,0.009
70592,0,0.0112
70593,0,0.063
70594,0,0.0702
70595,0,0.0114
70596,1,0.9021
70597,0,0.0092
70598,0,0.0562
70599,0,0.008
70600,0,0.0022
70601,0,0.095
70602,0,0.0347
70603,0,0.0633
70604,0,0.0696
70605,0,0.0365
70606,0,0.0358
70607,0,0.0249
70608,0,0.0373
70609,0,0.0109
70610,0,0.0084
70611,0,0.009
70612,0,0.0933
70613,1,0.9717
70614,0,0.1034
70615,0,0.0309
70616,0,0.005
70617,0,0.022
70618,0,0.0038
70619,0,0.0865
70620,0,0.0145
70621,0,0.0164
70622,0,0.2175
70623,0,0.0211
70624,0,0.2737
70625,0,0.0169
70626,0,0.0053
70627,0,0.0138
70628,0,0.0096
70629,0,0.0094
70630,0,0.016
70631,0,0.007
70632,0,0.1489
70633,0,0.0425
70634,0,0.0119
70635,0,0.0082
70636,0,0.0532
70637,1,0.9821
70638,0,0.0164
70639,0,0.0038
70640,0,0.0074
70641,0,0.3392
70642,0,0.0038
70643,0,0.0393
70644,0,0.0052
70645,0,0.0073
70646,0,0.006
70647,0,0.0178
70648,0,0.0217
70649,0,0.0136
70650,0,0.0048
70651,0,0.0241
70652,0,0.0127
70653,0,0.1587
70654,0,0.0412
70655,0,0.0421
70656,0,0.05
70657,0,0.0088
70658,0,0.0184
70659,0,0.1283
70660,1,0.9736
70661,1,0.8934
70662,0,0.013
70663,0,0.0112
70664,0,0.0063
70665,0,0.0353
70666,0,0.0501
70667,0,0.0247
70668,0,0.0027
70669,1,0.9615
70670,0,0.0182
70671,0,0.1175
70672,0,0.0441
70673,0,0.044
70674,0,0.0161
70675,0,0.0379
70676,0,0.0051
70677,0,0.0102
70678,1,0.9015
70679,0,0.1315
70680,0,0.0454
70681,0,0.0122
70682,0,0.1172
70683,0,0.0147
70684,0,0.0047
70685,0,0.0104
70686,0,0.0052
70687,0,0.0345
70688,0,0.0162
70689,0,0.0052
70690,0,0.011
70691,0,0.0588
70692,0,0.0353
70693,0,0.01
70694,0,0.0108
70695,0,0.1294
70696,0,0.4118
70697,0,0.0008
70698,0,0.178
70699,0,0.0243
70700,0,0.0028
70701,1,0.5201
70702,0,0.0122
70703,0,0.3994
70704,0,0.0126
70705,0,0.0044
70706,0,0.0133
70707,0,0.1548
70708,0,0.0735
70709,0,0.047
70710,0,0.0103
70711,0,0.008
70712,0,0.0233
70713,0,0.056
70714,0,0.211
70715,1,0.9652
70716,0,0.0224
70717,0,0.0172
70718,0,0.0462
70719,0,0.0301
70720,0,0.0085
70721,0,0.0297
70722,0,0.002
70723,0,0.0173
70724,0,0.2752
70725,0,0.0074
70726,1,0.8204
70727,0,0.0132
70728,0,0.0033
70729,0,0.0742
70730,0,0.0681
70731,0,0.0169
70732,0,0.0367
70733,0,0.077
70734,0,0.0789
70735,0,0.0022
70736,0,0.0116
70737,0,0.0192
70738,0,0.0707
70739,0,0.0119
70740,0,0.0096
70741,0,0.0365
70742,0,0.0174
70743,0,0.0483
70744,1,0.9309
70745,0,0.0076
70746,0,0.0756
70747,0,0.0164
70748,0,0.0139
70749,0,0.029
70750,0,0.0152
70751,0,0.0436
70752,0,0.0385
70753,0,0.0148
70754,0,0.0184
70755,0,0.0136
70756,0,0.3666
70757,1,0.9519
70758,1,0.985
70759,0,0.1158
70760,0,0.0046
70761,0,0.0413
70762,0,0.2513
70763,0,0.0103
70764,0,0.1904
70765,0,0.0271
70766,0,0.0371
70767,0,0.0264
70768,0,0.0211
70769,1,0.9854
70770,0,0.0257
70771,0,0.0015
70772,0,0.0176
70773,0,0.0015
70774,0,0.0039
70775,0,0.0027
70776,0,0.0266
70777,0,0.0471
70778,1,0.9335
70779,0,0.1005
70780,0,0.046
70781,0,0.0154
70782,0,0.0019
70783,0,0.0014
70784,0,0.0118
70785,0,0.0316
70786,1,0.9136
70787,0,0.1063
70788,0,0.0073
70789,0,0.0125
70790,0,0.0197
70791,1,0.9099
70792,0,0.0067
70793,0,0.0091
70794,0,0.0298
70795,1,0.9509
70796,0,0.2524
70797,0,0.0035
70798,0,0.0029
70799,0,0.0091
70800,0,0.0437
70801,1,0.9161
70802,0,0.0299
70803,0,0.0262
70804,1,0.9865
70805,0,0.0033
70806,0,0.0606
70807,0,0.0478
70808,1,0.9724
70809,0,0.0092
70810,0,0.2807
70811,0,0.0494
70812,0,0.0067
70813,1,0.6988
70814,1,0.9833
70815,0,0.0053
70816,0,0.0037
70817,0,0.0291
70818,0,0.0154
70819,0,0.0081
70820,0,0.0139
70821,0,0.0594
70822,0,0.0243
70823,0,0.0613
70824,0,0.12
70825,0,0.0197
70826,0,0.1153
70827,0,0.049
70828,1,0.9787
70829,1,0.995
70830,0,0.0078
70831,0,0.025
70832,0,0.0087
70833,0,0.0092
70834,1,0.9699
70835,1,0.9701
70836,0,0.015
70837,0,0.0385
70838,0,0.0141
70839,0,0.0074
70840,1,0.9593
70841,0,0.0467
70842,0,0.0068
70843,0,0.0087
70844,0,0.0133
70845,0,0.0155
70846,0,0.3718
70847,0,0.0088
70848,0,0.0126
70849,0,0.0215
70850,0,0.0047
70851,0,0.008
70852,0,0.0367
70853,0,0.0011
70854,0,0.0021
70855,0,0.1272
70856,0,0.0162
70857,0,0.0651
70858,0,0.1678
70859,1,0.973
70860,0,0.001
70861,0,0.1524
70862,0,0.0264
70863,0,0.4214
70864,1,0.9617
70865,0,0.0086
70866,0,0.0051
70867,0,0.0042
70868,0,0.039
70869,0,0.0026
70870,0,0.0108
70871,0,0.0306
70872,1,0.9882
70873,0,0.0044
70874,0,0.0399
70875,0,0.0424
70876,0,0.0148
70877,0,0.0533
70878,0,0.0014
70879,0,0.0825
70880,1,0.9524
70881,1,0.9466
70882,0,0.0031
70883,0,0.0785
70884,1,0.9587
70885,0,0.011
70886,0,0.0039
70887,0,0.0125
70888,0,0.2158
70889,0,0.0048
70890,0,0.0117
70891,0,0.005
70892,0,0.0095
70893,0,0.0633
70894,0,0.0348
70895,0,0.0943
70896,0,0.0885
70897,1,0.7041
70898,0,0.0123
70899,0,0.0489
70900,0,0.0693
70901,0,0.005
70902,0,0.0437
70903,0,0.0445
70904,0,0.007
70905,0,0.0309
70906,0,0.0062
70907,0,0.0925
70908,0,0.0086
70909,0,0.0263
70910,0,0.0834
70911,1,0.9674
70912,0,0.0176
70913,0,0.0072
70914,0,0.0512
70915,0,0.0074
70916,0,0.0068
70917,0,0.1533
70918,0,0.0154
70919,0,0.1004
70920,0,0.0135
70921,0,0.0569
70922,0,0.0194
70923,0,0.0141
70924,0,0.0239
70925,1,0.9682
70926,0,0.0072
70927,1,0.9211
70928,1,0.9789
70929,1,0.9832
70930,0,0.0108
70931,0,0.0093
70932,0,0.0095
70933,1,0.9304
70934,0,0.0295
70935,1,0.8523
70936,0,0.134
70937,0,0.2393
70938,0,0.0176
70939,0,0.0053
70940,0,0.0565
70941,0,0.0214
70942,0,0.0262
70943,0,0.1206
70944,0,0.0063
70945,0,0.1012
70946,0,0.0389
70947,0,0.0266
70948,0,0.027
70949,0,0.0997
70950,0,0.2272
70951,0,0.0146
70952,0,0.015
70953,1,0.9352
70954,0,0.0551
70955,0,0.0105
70956,0,0.0635
70957,0,0.0051
70958,0,0.0087
70959,0,0.0139
70960,0,0.0068
70961,0,0.0298
70962,0,0.0544
70963,0,0.1295
70964,0,0.2629
70965,0,0.0176
70966,0,0.0825
70967,0,0.0891
70968,0,0.0236
70969,0,0.01
70970,0,0.0135
70971,0,0.0281
70972,0,0.0635
70973,0,0.048
70974,0,0.0568
70975,0,0.494
70976,0,0.0098
70977,0,0.0076
70978,1,0.9727
70979,0,0.0327
70980,1,0.9628
70981,0,0.0674
70982,0,0.0343
70983,0,0.058
70984,0,0.0038
70985,0,0.0049
70986,0,0.0089
70987,1,0.5977
70988,0,0.0163
70989,0,0.0122
70990,1,0.9813
70991,0,0.0118
70992,0,0.0111
70993,0,0.0074
70994,0,0.0287
70995,0,0.0269
70996,0,0.0212
70997,0,0.0363
70998,0,0.0057
70999,0,0.0193
71000,1,0.9078
71001,0,0.0019
71002,0,0.0192
71003,0,0.0076
71004,0,0.0092
71005,0,0.0044
71006,0,0.0323
71007,1,0.9659
71008,0,0.0133
71009,0,0.0035
71010,0,0.1829
71011,0,0.0307
71012,0,0.0101
71013,0,0.0134
71014,0,0.0338
71015,0,0.0018
71016,0,0.012
71017,0,0.0233
71018,1,0.948
71019,0,0.0631
71020,0,0.0281
71021,0,0.0057
71022,0,0.0199
71023,0,0.0763
71024,0,0.003
71025,0,0.0103
71026,0,0.0067
71027,0,0.0065
71028,0,0.0108
71029,0,0.0318
71030,0,0.0143
71031,1,0.9861
71032,0,0.0043
71033,0,0.0358
71034,0,0.0134
71035,0,0.0117
71036,0,0.0089
71037,0,0.0246
71038,0,0.0415
71039,0,0.069
71040,1,0.514
71041,0,0.0149
71042,0,0.0672
71043,0,0.0042
71044,0,0.0125
71045,0,0.0325
71046,0,0.0325
71047,1,0.8707
71048,0,0.0278
71049,1,0.9823
71050,0,0.0148
71051,1,0.8705
71052,0,0.1043
71053,0,0.0174
71054,0,0.0088
71055,0,0.0987
71056,0,0.0566
71057,0,0.012
71058,0,0.0205
71059,0,0.0059
71060,1,0.7347
71061,0,0.0168
71062,0,0.003
71063,0,0.2163
71064,0,0.0039
71065,0,0.0177
71066,0,0.0134
71067,0,0.0651
71068,0,0.0982
71069,0,0.1525
71070,1,0.9862
71071,0,0.0019
71072,0,0.002
71073,0,0.0013
71074,1,0.7587
71075,0,0.0279
71076,0,0.0113
71077,0,0.0806
71078,0,0.112
71079,0,0.0392
71080,0,0.0065
71081,0,0.0332
71082,0,0.3379
71083,0,0.0071
71084,0,0.0386
71085,0,0.0426
71086,0,0.0267
71087,0,0.0192
71088,0,0.0416
71089,1,0.9921
71090,0,0.0441
71091,0,0.0108
71092,0,0.0226
71093,0,0.1094
71094,0,0.0063
71095,1,0.9744
71096,0,0.1027
71097,0,0.0162
71098,0,0.0209
71099,0,0.0601
71100,0,0.0142
71101,0,0.0329
71102,1,0.9895
71103,0,0.0108
71104,0,0.0718
71105,0,0.0222
71106,1,0.8856
71107,0,0.0112
71108,0,0.0125
71109,0,0.073
71110,0,0.0493
71111,0,0.0186
71112,0,0.0132
71113,0,0.0085
71114,0,0.0231
71115,1,0.5315
71116,0,0.0096
71117,0,0.0043
71118,0,0.0697
71119,0,0.4413
71120,0,0.029
71121,0,0.0367
71122,0,0.0138
71123,1,0.9915
71124,0,0.028
71125,0,0.0372
71126,0,0.1334
71127,0,0.2079
71128,0,0.063
71129,0,0.0631
71130,0,0.2991
71131,0,0.0426
71132,0,0.047
71133,0,0.0139
71134,0,0.0085
71135,0,0.0077
71136,0,0.0007
71137,0,0.0074
71138,0,0.0439
71139,0,0.0627
71140,0,0.0222
71141,0,0.3756
71142,0,0.0121
71143,1,0.9923
71144,0,0.0078
71145,0,0.0131
71146,0,0.0327
71147,0,0.0145
71148,0,0.0159
71149,0,0.0089
71150,0,0.0056
71151,0,0.0338
71152,0,0.0232
71153,0,0.0071
71154,0,0.0267
71155,0,0.105
71156,0,0.0595
71157,0,0.0465
71158,0,0.0076
71159,0,0.0037
71160,0,0.024
71161,0,0.0252
71162,0,0.2037
71163,0,0.1224
71164,1,0.9648
71165,0,0.0139
71166,0,0.0354
71167,1,0.8045
71168,0,0.0826
71169,1,0.9683
71170,0,0.0419
71171,0,0.0286
71172,0,0.0131
71173,0,0.0518
71174,0,0.0147
71175,0,0.0834
71176,0,0.1973
71177,0,0.0433
71178,0,0.0405
71179,0,0.0099
71180,0,0.2047
71181,0,0.1324
71182,0,0.0664
71183,0,0.0221
71184,0,0.0166
71185,0,0.1175
71186,0,0.3135
71187,1,0.9665
71188,0,0.0051
71189,0,0.0217
71190,0,0.0091
71191,0,0.0057
71192,0,0.3823
71193,0,0.0148
71194,1,0.9442
71195,0,0.0351
71196,1,0.9766
71197,0,0.0461
71198,0,0.0223
71199,0,0.0286
71200,0,0.0339
71201,0,0.0123
71202,0,0.0069
71203,0,0.0415
71204,0,0.0514
71205,0,0.2694
71206,0,0.1315
71207,0,0.0056
71208,1,0.988
71209,0,0.0125
71210,0,0.003
71211,0,0.113
71212,0,0.0249
71213,0,0.1106
71214,0,0.3424
71215,0,0.0601
71216,0,0.0162
71217,0,0.0167
71218,0,0.4851
71219,1,0.9343
71220,0,0.0007
71221,0,0.0113
71222,0,0.0488
71223,0,0.0227
71224,0,0.0431
71225,0,0.0318
71226,0,0.0227
71227,1,0.9597
71228,0,0.0037
71229,0,0.0378
71230,0,0.0316
71231,0,0.0031
71232,0,0.0049
71233,0,0.055
71234,0,0.0355
71235,0,0.0174
71236,1,0.9486
71237,0,0.0064
71238,1,0.9682
71239,0,0.008
71240,0,0.0073
71241,0,0.0377
71242,0,0.1185
71243,0,0.0374
71244,0,0.0027
71245,0,0.0182
71246,1,0.9663
71247,0,0.0422
71248,0,0.0135
71249,0,0.0055
71250,0,0.0178
71251,0,0.0281
71252,0,0.0134
71253,0,0.0041
71254,0,0.0579
71255,0,0.0277
71256,0,0.0074
71257,0,0.0429
71258,0,0.003
71259,0,0.032
71260,0,0.1124
71261,0,0.0029
71262,0,0.0363
71263,0,0.0009
71264,0,0.0032
71265,1,0.8658
71266,0,0.0187
71267,0,0.1165
71268,0,0.0011
71269,0,0.0182
71270,0,0.1613
71271,1,0.8918
71272,0,0.0892
71273,0,0.0169
71274,0,0.0132
71275,0,0.0639
71276,0,0.0062
71277,0,0.0545
71278,0,0.0185
71279,0,0.0865
71280,0,0.0068
71281,1,0.9022
71282,0,0.0552
71283,0,0.0628
71284,0,0.0588
71285,0,0.0087
71286,0,0.0241
71287,0,0.0088
71288,0,0.0009
71289,1,0.9837
71290,0,0.0639
71291,0,0.0153
71292,0,0.0446
71293,0,0.0184
71294,0,0.0027
71295,0,0.0169
71296,0,0.0499
71297,0,0.0233
71298,0,0.228
71299,0,0.0824
71300,1,0.8877
71301,0,0.0016
71302,0,0.0177
71303,0,0.0142
71304,0,0.2731
71305,0,0.0269
71306,0,0.0438
71307,0,0.0939
71308,0,0.0122
71309,1,0.9731
71310,0,0.3866
71311,0,0.0283
71312,0,0.0046
71313,0,0.2056
71314,0,0.0354
71315,0,0.0071
71316,0,0.045
71317,0,0.0479
71318,0,0.0025
71319,0,0.0209
71320,0,0.0066
71321,0,0.0553
71322,0,0.0086
71323,0,0.0174
71324,0,0.0642
71325,0,0.0447
71326,0,0.1198
71327,0,0.0085
71328,0,0.0427
71329,0,0.0159
71330,0,0.1199
71331,0,0.0221
71332,0,0.0155
71333,0,0.0017
71334,0,0.0262
71335,0,0.0208
71336,0,0.0248
71337,0,0.0241
71338,0,0.0049
71339,0,0.0211
71340,0,0.016
71341,1,0.9216
71342,0,0.0858
71343,0,0.007
71344,0,0.0515
71345,0,0.0247
71346,0,0.1384
71347,0,0.0095
71348,1,0.9025
71349,0,0.0023
71350,0,0.1227
71351,1,0.9811
71352,1,0.5942
71353,0,0.0148
71354,0,0.0335
71355,0,0.007
71356,0,0.0248
71357,0,0.0073
71358,0,0.0119
71359,0,0.0422
71360,1,0.8465
71361,0,0.0415
71362,0,0.0219
71363,0,0.015
71364,0,0.0239
71365,0,0.0294
71366,0,0.0595
71367,0,0.0045
71368,0,0.0234
71369,0,0.0495
71370,0,0.0538
71371,0,0.0232
71372,0,0.0079
71373,0,0.0126
71374,0,0.0647
71375,1,0.9563
71376,0,0.0361
71377,0,0.0081
71378,0,0.061
71379,0,0.0091
71380,0,0.0253
71381,1,0.6534
71382,0,0.1692
71383,0,0.0517
71384,0,0.0096
71385,0,0.1387
71386,0,0.0169
71387,0,0.1505
71388,0,0.0193
71389,0,0.0077
71390,0,0.0042
71391,0,0.0065
71392,0,0.008
71393,0,0.0921
71394,1,0.8995
71395,0,0.0138
71396,0,0.0131
71397,0,0.0242
71398,0,0.0193
71399,0,0.0501
71400,0,0.0636
71401,0,0.0042
71402,0,0.0075
71403,0,0.0412
71404,0,0.0456
71405,0,0.0081
71406,0,0.0039
71407,1,0.9737
71408,0,0.0054
71409,0,0.0279
71410,0,0.0084
71411,0,0.0113
71412,1,0.9832
71413,0,0.0023
71414,0,0.0122
71415,0,0.0077
71416,0,0.1563
71417,0,0.0222
71418,0,0.1966
71419,0,0.0297
71420,0,0.0819
71421,0,0.0497
71422,0,0.0074
71423,0,0.0412
71424,0,0.0521
71425,1,0.9569
71426,0,0.0131
71427,0,0.0555
71428,0,0.0008
71429,1,0.9787
71430,0,0.0242
71431,0,0.1681
71432,0,0.0145
71433,0,0.0021
71434,0,0.0255
71435,0,0.0236
71436,0,0.0037
71437,0,0.0266
71438,0,0.0025
71439,1,0.8703
71440,1,0.9885
71441,0,0.0223
71442,0,0.0085
71443,0,0.0304
71444,0,0.15
71445,0,0.0232
71446,0,0.0293
71447,0,0.0202
71448,0,0.02
71449,0,0.0089
71450,0,0.0069
71451,0,0.0331
71452,1,0.938
71453,0,0.0079
71454,0,0.0094
71455,0,0.0451
71456,0,0.3709
71457,0,0.3985
71458,0,0.4954
71459,0,0.1585
71460,0,0.0032
71461,0,0.0162
71462,0,0.0281
71463,0,0.013
71464,0,0.1222
71465,0,0.0407
71466,0,0.0286
71467,0,0.0009
71468,1,0.6007
71469,0,0.046
71470,0,0.0014
71471,0,0.0118
71472,1,0.7251
71473,1,0.9802
71474,0,0.0355
71475,0,0.0163
71476,0,0.0116
71477,0,0.1078
71478,0,0.1532
71479,0,0.146
71480,1,0.9662
71481,0,0.0606
71482,0,0.0449
71483,0,0.0069
71484,0,0.0192
71485,0,0.0109
71486,0,0.0161
71487,0,0.0281
71488,0,0.0374
71489,0,0.0071
71490,0,0.0073
71491,0,0.0352
71492,1,0.9852
71493,1,0.9401
71494,0,0.0356
71495,0,0.0258
71496,1,0.7746
71497,0,0.1137
71498,0,0.0181
71499,0,0.0666
71500,0,0.0062
71501,0,0.0645
71502,0,0.0369
71503,1,0.9787
71504,0,0.0424
71505,0,0.0225
71506,0,0.003
71507,0,0.0012
71508,0,0.1062
71509,0,0.0093
71510,1,0.8622
71511,0,0.0152
71512,0,0.02
71513,0,0.0078
71514,0,0.0062
71515,0,0.1944
71516,1,0.978
71517,0,0.0094
71518,0,0.019
71519,1,0.966
71520,0,0.0166
71521,0,0.0214
71522,0,0.0214
71523,0,0.007
71524,0,0.0031
71525,0,0.0143
71526,0,0.0379
71527,0,0.0338
71528,0,0.0069
71529,0,0.0348
71530,0,0.01
71531,0,0.0657
71532,0,0.0173
71533,0,0.0281
71534,1,0.92
71535,0,0.0029
71536,0,0.0118
71537,0,0.0791
71538,0,0.0219
71539,0,0.0778
71540,0,0.0814
71541,1,0.9832
71542,0,0.0035
71543,1,0.9843
71544,0,0.224
71545,0,0.0159
71546,0,0.0357
71547,0,0.0998
71548,0,0.1782
71549,0,0.0345
71550,0,0.0091
71551,0,0.0068
71552,1,0.9628
71553,0,0.0361
71554,0,0.2824
71555,0,0.0307
71556,0,0.0474
71557,0,0.052
71558,0,0.0032
71559,0,0.0952
71560,0,0.0586
71561,0,0.0469
71562,0,0.0069
71563,0,0.01
71564,0,0.0494
71565,0,0.172
71566,0,0.0166
71567,0,0.0242
71568,0,0.0113
71569,0,0.0156
71570,0,0.12
71571,0,0.0033
71572,0,0.0026
71573,1,0.9547
71574,0,0.0259
71575,0,0.0645
71576,0,0.0512
71577,1,0.9507
71578,0,0.0631
71579,0,0.0281
71580,0,0.1234
71581,0,0.0427
71582,0,0.0036
71583,0,0.0055
71584,0,0.005
71585,0,0.0574
71586,1,0.9714
71587,1,0.9779
71588,1,0.9662
71589,0,0.199
71590,0,0.1913
71591,0,0.0047
71592,0,0.0377
71593,0,0.0509
71594,0,0.0604
71595,0,0.1054
71596,0,0.0201
71597,0,0.0056
71598,0,0.0169
71599,0,0.0094
71600,0,0.0535
71601,0,0.0081
71602,0,0.0036
71603,0,0.0891
71604,0,0.052
71605,1,0.967
71606,0,0.0602
71607,0,0.0918
71608,0,0.0145
71609,0,0.0239
71610,0,0.0257
71611,0,0.1462
71612,0,0.0492
71613,0,0.0591
71614,1,0.9282
71615,1,0.9639
71616,0,0.0027
71617,0,0.0026
71618,0,0.0286
71619,0,0.1106
71620,0,0.0041
71621,0,0.0012
71622,0,0.0327
71623,0,0.0456
71624,0,0.0088
71625,0,0.0133
71626,1,0.9452
71627,0,0.0153
71628,0,0.3492
71629,0,0.0525
71630,0,0.0072
71631,0,0.0132
71632,0,0.0327
71633,0,0.0518
71634,0,0.0645
71635,0,0.0337
71636,0,0.0081
71637,0,0.0217
71638,1,0.9895
71639,0,0.0143
71640,0,0.0267
71641,0,0.0642
71642,0,0.0347
71643,0,0.0221
71644,0,0.0035
71645,0,0.0154
71646,0,0.0547
71647,0,0.0013
71648,0,0.3588
71649,0,0.0187
71650,0,0.0891
71651,0,0.0093
71652,0,0.0113
71653,0,0.0623
71654,0,0.0016
71655,0,0.0103
71656,1,0.9808
71657,0,0.0537
71658,0,0.0101
71659,0,0.0126
71660,0,0.001
71661,0,0.0365
71662,0,0.1198
71663,0,0.172
71664,0,0.0254
71665,0,0.3281
71666,0,0.065
71667,0,0.0088
71668,0,0.0019
71669,0,0.0569
71670,0,0.0112
71671,0,0.0229
71672,0,0.0155
71673,0,0.0273
71674,0,0.096
71675,1,0.9525
71676,0,0.1866
71677,0,0.0076
71678,0,0.0283
71679,0,0.0296
71680,0,0.0439
71681,0,0.0068
71682,0,0.0145
71683,0,0.0175
71684,1,0.9855
71685,0,0.0438
71686,1,0.9578
71687,0,0.0063
71688,0,0.1093
71689,0,0.0226
71690,0,0.0623
71691,0,0.0192
71692,0,0.0663
71693,0,0.1563
71694,0,0.0039
71695,0,0.1561
71696,0,0.0908
71697,0,0.0203
71698,0,0.0088
71699,0,0.0187
71700,0,0.0523
71701,0,0.0244
71702,0,0.0084
71703,0,0.0217
71704,0,0.0412
71705,0,0.0052
71706,0,0.011
71707,0,0.0251
71708,0,0.006
71709,0,0.0015
71710,0,0.0887
71711,0,0.1553
71712,0,0.0103
71713,0,0.0087
71714,0,0.3973
71715,0,0.0014
71716,0,0.0146
71717,0,0.0867
71718,0,0.0525
71719,0,0.0019
71720,0,0.0109
71721,0,0.0477
71722,0,0.1231
71723,0,0.3679
71724,1,0.9685
71725,0,0.0469
71726,0,0.0052
71727,0,0.0638
71728,0,0.0731
71729,0,0.0052
71730,0,0.1701
71731,0,0.3194
71732,0,0.0096
71733,0,0.0359
71734,0,0.0161
71735,0,0.0126
71736,0,0.0511
71737,0,0.0596
71738,0,0.0096
71739,0,0.0177
71740,0,0.0039
71741,0,0.0022
71742,0,0.016
71743,0,0.0199
71744,1,0.9524
71745,0,0.0356
71746,0,0.0041
71747,0,0.0291
71748,0,0.0578
71749,0,0.0111
71750,0,0.1048
71751,0,0.004
71752,0,0.0106
71753,0,0.0527
71754,0,0.036
71755,0,0.0047
71756,0,0.1592
71757,0,0.0939
71758,0,0.0309
71759,0,0.0925
71760,0,0.0067
71761,0,0.0288
71762,0,0.0431
71763,0,0.0499
71764,0,0.0158
71765,0,0.0037
71766,0,0.0299
71767,0,0.038
71768,0,0.1656
71769,1,0.9715
71770,1,0.9538
71771,0,0.0194
71772,1,0.8717
71773,0,0.0058
71774,0,0.0436
71775,0,0.0807
71776,0,0.0106
71777,1,0.8624
71778,0,0.0657
71779,0,0.0196
71780,0,0.0183
71781,0,0.144
71782,0,0.029
71783,0,0.0413
71784,0,0.14
71785,0,0.0272
71786,0,0.0474
71787,0,0.1098
71788,1,0.961
71789,1,0.9637
71790,0,0.0488
71791,0,0.0117
71792,0,0.067
71793,0,0.3394
71794,0,0.0872
71795,0,0.0227
71796,0,0.0108
71797,1,0.9764
71798,0,0.0167
71799,0,0.0272
71800,0,0.0048
71801,0,0.0094
71802,0,0.024
71803,0,0.0134
71804,0,0.0266
71805,0,0.16
71806,0,0.0073
71807,0,0.0117
71808,0,0.1848
71809,1,0.9706
71810,0,0.0286
71811,1,0.9764
71812,0,0.0153
71813,0,0.0107
71814,0,0.2327
71815,0,0.0067
71816,0,0.0854
71817,0,0.0354
71818,0,0.0699
71819,0,0.0141
71820,0,0.0232
71821,1,0.7537
71822,1,0.9431
71823,0,0.0386
71824,1,0.981
71825,0,0.0356
71826,0,0.0131
71827,0,0.0066
71828,0,0.0174
71829,0,0.0061
71830,0,0.0037
71831,0,0.0644
71832,0,0.0063
71833,0,0.0086
71834,1,0.9682
71835,0,0.0323
71836,0,0.069
71837,0,0.0556
71838,0,0.0064
71839,0,0.1911
71840,0,0.0443
71841,0,0.0367
71842,0,0.0076
71843,0,0.0025
71844,0,0.0072
71845,0,0.0194
71846,0,0.0019
71847,0,0.0308
71848,0,0.0092
71849,0,0.0131
71850,0,0.0403
71851,1,0.6253
71852,0,0.0091
71853,0,0.0152
71854,0,0.0068
71855,0,0.0253
71856,0,0.0963
71857,0,0.0304
71858,0,0.0033
71859,0,0.0113
71860,0,0.0207
71861,1,0.9464
71862,0,0.0848
71863,0,0.0135
71864,0,0.0265
71865,0,0.014
71866,0,0.0023
71867,0,0.0126
71868,0,0.0104
71869,1,0.8525
71870,0,0.0135
71871,0,0.4084
71872,0,0.0848
71873,0,0.0026
71874,0,0.0012
71875,0,0.0887
71876,0,0.0183
71877,0,0.1261
71878,0,0.0032
71879,0,0.0108
71880,0,0.0277
71881,0,0.0052
71882,0,0.0198
71883,0,0.0344
71884,1,0.9515
71885,0,0.0086
71886,0,0.0719
71887,1,0.8592
71888,1,0.9881
71889,0,0.0439
71890,0,0.0093
71891,0,0.007
71892,0,0.023
71893,0,0.1093
71894,0,0.0361
71895,0,0.0239
71896,1,0.9475
71897,0,0.0416
71898,0,0.0195
71899,1,0.7679
71900,0,0.0965
71901,0,0.0092
71902,0,0.0143
71903,0,0.0266
71904,0,0.0111
71905,1,0.929
71906,0,0.0025
71907,0,0.0629
71908,0,0.0466
71909,0,0.0109
71910,0,0.004
71911,1,0.9832
71912,0,0.0019
71913,0,0.0229
71914,0,0.0334
71915,0,0.0086
71916,0,0.0243
71917,1,0.9793
71918,0,0.0563
71919,0,0.0028
71920,0,0.0287
71921,0,0.0032
71922,1,0.8366
71923,0,0.0026
71924,0,0.3478
71925,0,0.0548
71926,0,0.0023
71927,0,0.0065
71928,0,0.0088
71929,0,0.0114
71930,0,0.0101
71931,0,0.0885
71932,0,0.0163
71933,0,0.0993
71934,0,0.0033
71935,0,0.0251
71936,0,0.0804
71937,0,0.0946
71938,0,0.0855
71939,0,0.0168
71940,0,0.0293
71941,0,0.0208
71942,0,0.0127
71943,0,0.0177
71944,0,0.0091
71945,0,0.0129
71946,0,0.1142
71947,0,0.0236
71948,0,0.0813
71949,0,0.1063
71950,0,0.1184
71951,0,0.1946
71952,1,0.9784
71953,0,0.0302
71954,0,0.0466
71955,0,0.0166
71956,0,0.0952
71957,0,0.0095
71958,0,0.0028
71959,0,0.014
71960,0,0.003
71961,0,0.0194
71962,0,0.4299
71963,0,0.07
71964,0,0.0236
71965,0,0.0162
71966,0,0.0079
71967,0,0.2475
71968,0,0.0029
71969,0,0.0019
71970,1,0.9491
71971,0,0.0012
71972,0,0.0692
71973,0,0.0631
71974,0,0.0142
71975,0,0.0229
71976,0,0.0158
71977,0,0.024
71978,0,0.0645
71979,0,0.0055
71980,0,0.0127
71981,0,0.0056
71982,0,0.0905
71983,1,0.9942
71984,0,0.0203
71985,0,0.033
71986,0,0.105
71987,0,0.003
71988,1,0.9495
71989,0,0.0767
71990,0,0.0061
71991,0,0.0284
71992,0,0.4369
71993,0,0.0705
71994,1,0.9895
71995,0,0.0063
71996,0,0.0393
71997,1,0.7654
71998,0,0.0058
71999,0,0.0625
72000,1,0.9271
72001,0,0.0457
72002,0,0.0405
72003,1,0.9727
72004,0,0.0154
72005,0,0.0028
72006,0,0.0016
72007,0,0.0104
72008,0,0.0405
72009,0,0.0062
72010,0,0.097
72011,0,0.0849
72012,0,0.0599
72013,0,0.0271
72014,0,0.0203
72015,0,0.0139
72016,0,0.0164
72017,0,0.0646
72018,0,0.0058
72019,0,0.0252
72020,0,0.1174
72021,0,0.0442
72022,0,0.0126
72023,0,0.0066
72024,0,0.0059
72025,0,0.1129
72026,0,0.0078
72027,0,0.0105
72028,0,0.0117
72029,0,0.0516
72030,0,0.0706
72031,0,0.0333
72032,0,0.0126
72033,0,0.0041
72034,0,0.0515
72035,0,0.0466
72036,1,0.9692
72037,0,0.029
72038,0,0.0303
72039,0,0.0705
72040,0,0.0324
72041,0,0.0085
72042,0,0.0214
72043,0,0.0029
72044,0,0.0066
72045,0,0.0157
72046,1,0.9819
72047,0,0.0741
72048,1,0.5197
72049,0,0.0557
72050,0,0.0142
72051,0,0.0275
72052,0,0.006
72053,0,0.0055
72054,0,0.0116
72055,0,0.0305
72056,0,0.0529
72057,0,0.0497
72058,0,0.0019
72059,0,0.0854
72060,0,0.063
72061,0,0.0448
72062,1,0.9731
72063,0,0.0064
72064,0,0.0048
72065,0,0.0087
72066,0,0.032
72067,1,0.6231
72068,1,0.9726
72069,0,0.0317
72070,1,0.969
72071,0,0.0813
72072,0,0.0044
72073,0,0.0168
72074,0,0.0123
72075,0,0.0308
72076,0,0.0184
72077,0,0.013
72078,0,0.085
72079,0,0.0029
72080,0,0.0735
72081,0,0.0298
72082,0,0.0505
72083,0,0.0123
72084,0,0.0436
72085,0,0.016
72086,0,0.0097
72087,0,0.0221
72088,0,0.2855
72089,0,0.0026
72090,1,0.9821
72091,0,0.0162
72092,0,0.0053
72093,0,0.0321
72094,0,0.0208
72095,0,0.0211
72096,0,0.0413
72097,0,0.0079
72098,0,0.0086
72099,1,0.9553
72100,0,0.0032
72101,1,0.9361
72102,0,0.0351
72103,0,0.2354
72104,1,0.9359
72105,1,0.8981
72106,0,0.135
72107,0,0.065
72108,0,0.0117
72109,0,0.0016
72110,0,0.0616
72111,0,0.0472
72112,0,0.0262
72113,0,0.0444
72114,1,0.8038
72115,0,0.0027
72116,0,0.0084
72117,0,0.0244
72118,1,0.9239
72119,0,0.0207
72120,0,0.0276
72121,1,0.9112
72122,0,0.0294
72123,0,0.0088
72124,0,0.043
72125,0,0.0031
72126,0,0.0447
72127,0,0.0371
72128,0,0.0204
72129,0,0.0184
72130,0,0.0054
72131,0,0.1255
72132,0,0.0402
72133,0,0.0066
72134,0,0.0021
72135,0,0.01
72136,0,0.0625
72137,0,0.0773
72138,0,0.3774
72139,0,0.0893
72140,0,0.0275
72141,0,0.0451
72142,0,0.1625
72143,0,0.0487
72144,0,0.013
72145,0,0.0204
72146,0,0.0339
72147,1,0.9797
72148,0,0.0348
72149,0,0.089
72150,0,0.0223
72151,0,0.0619
72152,0,0.0112
72153,0,0.0274
72154,0,0.0147
72155,0,0.019
72156,0,0.0072
72157,1,0.9036
72158,1,0.9457
72159,0,0.0138
72160,0,0.0116
72161,1,0.9709
72162,0,0.1476
72163,0,0.0292
72164,0,0.2887
72165,0,0.0643
72166,1,0.987
72167,1,0.9755
72168,0,0.0852
72169,0,0.0138
72170,0,0.0159
72171,0,0.0243
72172,0,0.0142
72173,0,0.0007
72174,0,0.0064
72175,0,0.0009
72176,0,0.0184
72177,0,0.1518
72178,0,0.0535
72179,0,0.1029
72180,0,0.0115
72181,0,0.0062
72182,0,0.0242
72183,0,0.008
72184,0,0.0871
72185,1,0.9009
72186,1,0.9592
72187,1,0.9791
72188,0,0.0444
72189,1,0.9727
72190,0,0.0908
72191,0,0.007
72192,0,0.0211
72193,0,0.0033
72194,0,0.1161
72195,0,0.0475
72196,0,0.0178
72197,0,0.0493
72198,0,0.0273
72199,0,0.0088
72200,1,0.9323
72201,0,0.0074
72202,0,0.0066
72203,0,0.0096
72204,0,0.0139
72205,0,0.0047
72206,0,0.0416
72207,0,0.0014
72208,0,0.0014
72209,0,0.0239
72210,0,0.0112
72211,0,0.2078
72212,1,0.9742
72213,0,0.015
72214,0,0.0169
72215,0,0.0041
72216,1,0.6291
72217,0,0.0022
72218,0,0.0061
72219,0,0.0045
72220,0,0.0349
72221,0,0.0034
72222,0,0.0568
72223,0,0.0022
72224,1,0.8813
72225,0,0.016
72226,0,0.0012
72227,0,0.0056
72228,0,0.0202
72229,0,0.0219
72230,0,0.0267
72231,0,0.008
72232,0,0.0029
72233,0,0.0087
72234,0,0.0051
72235,0,0.0509
72236,0,0.2651
72237,0,0.0122
72238,0,0.0255
72239,0,0.0139
72240,0,0.0037
72241,0,0.0122
72242,0,0.0502
72243,0,0.0163
72244,0,0.0431
72245,0,0.0375
72246,0,0.0152
72247,0,0.0479
72248,0,0.0087
72249,0,0.0028
72250,0,0.0158
72251,0,0.0138
72252,0,0.0018
72253,0,0.0532
72254,0,0.0032
72255,0,0.0136
72256,0,0.0156
72257,0,0.0034
72258,0,0.0294
72259,0,0.0054
72260,0,0.0273
72261,1,0.6939
72262,0,0.0099
72263,0,0.0452
72264,0,0.0026
72265,0,0.17
72266,1,0.8219
72267,0,0.0056
72268,0,0.0055
72269,0,0.0067
72270,0,0.0024
72271,0,0.0069
72272,0,0.0086
72273,0,0.026
72274,0,0.0161
72275,0,0.1127
72276,0,0.1053
72277,0,0.0061
72278,0,0.0008
72279,1,0.9783
72280,0,0.0253
72281,0,0.0042
72282,0,0.0168
72283,0,0.0473
72284,0,0.0303
72285,1,0.8865
72286,0,0.0007
72287,0,0.0796
72288,0,0.0265
72289,0,0.0136
72290,0,0.0148
72291,1,0.9532
72292,0,0.1171
72293,0,0.1006
72294,0,0.0061
72295,0,0.0079
72296,0,0.0089
72297,0,0.0376
72298,0,0.0021
72299,0,0.035
72300,0,0.0278
72301,0,0.0175
72302,0,0.024
72303,0,0.0683
72304,0,0.005
72305,0,0.0011
72306,0,0.0081
72307,0,0.0079
72308,0,0.0085
72309,0,0.011
72310,0,0.0267
72311,0,0.0295
72312,0,0.0093
72313,0,0.0396
72314,1,0.9506
72315,0,0.0118
72316,0,0.1197
72317,0,0.0108
72318,1,0.9742
72319,0,0.0182
72320,0,0.006
72321,0,0.0344
72322,0,0.0067
72323,0,0.1559
72324,0,0.1604
72325,0,0.0464
72326,0,0.2523
72327,0,0.0378
72328,0,0.0303
72329,0,0.0847
72330,0,0.4121
72331,0,0.1758
72332,0,0.0127
72333,0,0.0069
72334,0,0.0089
72335,0,0.0077
72336,0,0.0304
72337,0,0.0135
72338,0,0.1613
72339,0,0.0191
72340,0,0.0106
72341,0,0.0237
72342,0,0.0909
72343,0,0.0291
72344,0,0.0045
72345,0,0.0246
72346,0,0.0395
72347,0,0.0066
72348,1,0.9608
72349,0,0.0025
72350,0,0.0204
72351,0,0.0029
72352,1,0.8917
72353,0,0.0217
72354,0,0.1177
72355,0,0.0029
72356,0,0.0432
72357,0,0.0216
72358,0,0.0032
72359,0,0.1247
72360,0,0.0144
72361,0,0.0137
72362,0,0.0163
72363,0,0.0336
72364,0,0.0175
72365,0,0.0158
72366,0,0.0129
72367,0,0.0283
72368,0,0.1016
72369,0,0.0176
72370,0,0.0073
72371,1,0.973
72372,0,0.0162
72373,0,0.0133
72374,0,0.0084
72375,1,0.9759
72376,0,0.0109
72377,1,0.6227
72378,0,0.0081
72379,0,0.0128
72380,0,0.1512
72381,0,0.0027
72382,0,0.0137
72383,0,0.009
72384,0,0.0587
72385,0,0.0214
72386,0,0.0062
72387,0,0.0309
72388,0,0.181
72389,0,0.0147
72390,0,0.0101
72391,0,0.0282
72392,0,0.0069
72393,1,0.8894
72394,0,0.02
72395,0,0.0034
72396,0,0.0851
72397,0,0.0088
72398,0,0.0175
72399,0,0.0843
72400,0,0.01
72401,0,0.0884
72402,0,0.0025
72403,0,0.0837
72404,1,0.9627
72405,0,0.0048
72406,1,0.7881
72407,0,0.0042
72408,0,0.0059
72409,0,0.0475
72410,0,0.0305
72411,0,0.0076
72412,0,0.0544
72413,0,0.014
72414,1,0.9148
72415,0,0.0864
72416,0,0.0119
72417,0,0.1374
72418,0,0.0106
72419,0,0.0105
72420,0,0.0035
72421,0,0.1179
72422,0,0.0964
72423,0,0.0017
72424,0,0.0631
72425,0,0.0079
72426,1,0.9192
72427,1,0.972
72428,0,0.0274
72429,0,0.0392
72430,0,0.0047
72431,0,0.0185
72432,0,0.1273
72433,0,0.0097
72434,1,0.968
72435,0,0.0234
72436,0,0.1174
72437,0,0.0102
72438,0,0.0681
72439,0,0.016
72440,0,0.0362
72441,0,0.0342
72442,0,0.0586
72443,0,0.0048
72444,0,0.0041
72445,0,0.1146
72446,0,0.0141
72447,0,0.0075
72448,1,0.9471
72449,0,0.0195
72450,0,0.013
72451,0,0.0052
72452,0,0.0312
72453,0,0.1932
72454,0,0.0035
72455,0,0.0114
72456,0,0.0141
72457,0,0.0321
72458,0,0.0155
72459,0,0.0105
72460,0,0.0161
72461,0,0.0553
72462,0,0.0046
72463,0,0.0091
72464,0,0.0807
72465,0,0.0436
72466,0,0.0035
72467,1,0.9342
72468,1,0.9658
72469,0,0.4031
72470,0,0.0325
72471,0,0.0086
72472,0,0.0163
72473,0,0.0232
72474,1,0.9151
72475,0,0.0019
72476,0,0.0069
72477,0,0.0329
72478,0,0.2063
72479,0,0.0484
72480,0,0.1843
72481,0,0.0044
72482,0,0.0084
72483,0,0.0269
72484,0,0.2617
72485,0,0.0195
72486,0,0.0281
72487,0,0.0116
72488,0,0.0012
72489,0,0.0319
72490,0,0.0098
72491,0,0.0083
72492,1,0.9626
72493,0,0.2133
72494,0,0.0136
72495,0,0.0229
72496,0,0.0222
72497,0,0.0047
72498,1,0.9606
72499,0,0.0464
72500,1,0.9836
72501,1,0.9202
72502,0,0.05
72503,0,0.0269
72504,1,0.9767
72505,0,0.1487
72506,0,0.0861
72507,1,0.9234
72508,0,0.1048
72509,0,0.0321
72510,0,0.0581
72511,1,0.8871
72512,0,0.0858
72513,0,0.0029
72514,0,0.0684
72515,0,0.0122
72516,0,0.0647
72517,0,0.0196
72518,0,0.1048
72519,0,0.0131
72520,0,0.0355
72521,0,0.2694
72522,0,0.0055
72523,0,0.0073
72524,0,0.0222
72525,0,0.0288
72526,0,0.0207
72527,1,0.9723
72528,1,0.9365
72529,0,0.0766
72530,0,0.0085
72531,0,0.0194
72532,0,0.0274
72533,0,0.0503
72534,0,0.0324
72535,0,0.0594
72536,0,0.246
72537,0,0.0009
72538,0,0.1498
72539,0,0.4604
72540,0,0.0016
72541,0,0.0865
72542,1,0.9818
72543,0,0.0143
72544,0,0.0144
72545,0,0.0099
72546,0,0.0074
72547,1,0.9712
72548,0,0.0926
72549,1,0.9416
72550,1,0.9505
72551,0,0.0036
72552,0,0.0091
72553,0,0.2425
72554,0,0.0901
72555,0,0.0569
72556,1,0.8904
72557,0,0.0208
72558,0,0.0718
72559,0,0.0359
72560,0,0.0086
72561,0,0.0088
72562,0,0.0016
72563,0,0.0091
72564,0,0.0927
72565,0,0.013
72566,0,0.0107
72567,0,0.0025
72568,0,0.032
72569,0,0.1023
72570,0,0.0123
72571,0,0.0108
72572,0,0.1028
72573,0,0.002
72574,0,0.0494
72575,0,0.0602
72576,1,0.8979
72577,0,0.0168
72578,0,0.0494
72579,0,0.0155
72580,0,0.007
72581,0,0.0179
72582,0,0.07
72583,1,0.9274
72584,0,0.053
72585,1,0.9291
72586,0,0.004
72587,0,0.0075
72588,0,0.0248
72589,0,0.0223
72590,0,0.0098
72591,0,0.0194
72592,0,0.0128
72593,0,0.021
72594,0,0.0209
72595,0,0.0078
72596,0,0.0681
72597,0,0.0023
72598,0,0.0024
72599,0,0.1027
72600,0,0.0152
72601,0,0.0079
72602,0,0.0008
72603,1,0.8021
72604,0,0.1457
72605,0,0.0045
72606,0,0.057
72607,0,0.019
72608,0,0.0594
72609,0,0.006
72610,0,0.0769
72611,0,0.0214
72612,0,0.0215
72613,0,0.0074
72614,0,0.0516
72615,0,0.0134
72616,0,0.0116
72617,0,0.0074
72618,1,0.9298
72619,0,0.0031
72620,0,0.2623
72621,0,0.0099
72622,0,0.2421
72623,0,0.0755
72624,0,0.0023
72625,0,0.0289
72626,0,0.0019
72627,0,0.0221
72628,0,0.0156
72629,0,0.1268
72630,0,0.0687
72631,0,0.0131
72632,0,0.1308
72633,1,0.9539
72634,1,0.9489
72635,0,0.0012
72636,0,0.0387
72637,0,0.0114
72638,1,0.7987
72639,1,0.967
72640,0,0.4206
72641,0,0.09
72642,0,0.0273
72643,0,0.0093
72644,0,0.0489
72645,0,0.0415
72646,0,0.0209
72647,0,0.4561
72648,0,0.0057
72649,0,0.061
72650,0,0.0201
72651,0,0.017
72652,0,0.0098
72653,0,0.0005
72654,0,0.0317
72655,0,0.0108
72656,0,0.0223
72657,0,0.0085
72658,0,0.0256
72659,0,0.12
72660,0,0.0203
72661,0,0.0123
72662,1,0.5285
72663,0,0.0465
72664,0,0.074
72665,0,0.0013
72666,0,0.0263
72667,0,0.0301
72668,0,0.0225
72669,0,0.2342
72670,0,0.011
72671,0,0.0428
72672,0,0.0068
72673,0,0.0083
72674,0,0.019
72675,0,0.0102
72676,0,0.0008
72677,0,0.0072
72678,0,0.1028
72679,0,0.0785
72680,0,0.0195
72681,0,0.0122
72682,0,0.015
72683,0,0.1001
72684,1,0.9529
72685,0,0.0542
72686,0,0.0954
72687,0,0.0099
72688,0,0.0231
72689,0,0.0316
72690,0,0.296
72691,0,0.0131
72692,0,0.0011
72693,0,0.0282
72694,0,0.0257
72695,0,0.1336
72696,0,0.0306
72697,0,0.0066
72698,1,0.8832
72699,0,0.0432
72700,0,0.0781
72701,0,0.0075
72702,0,0.0571
72703,0,0.0238
72704,0,0.0264
72705,0,0.0133
72706,0,0.0605
72707,0,0.0232
72708,0,0.1384
72709,0,0.011
72710,0,0.0063
72711,0,0.1489
72712,0,0.0116
72713,0,0.1553
72714,0,0.1053
72715,1,0.9883
72716,0,0.0488
72717,1,0.9779
72718,0,0.0881
72719,0,0.0276
72720,0,0.0569
72721,0,0.0115
72722,0,0.0075
72723,0,0.0092
72724,0,0.021
72725,0,0.0629
72726,0,0.0705
72727,0,0.0157
72728,0,0.0124
72729,0,0.0083
72730,0,0.0329
72731,0,0.0461
72732,1,0.943
72733,0,0.04
72734,1,0.9231
72735,0,0.004
72736,0,0.074
72737,0,0.0663
72738,0,0.0091
72739,0,0.0256
72740,0,0.0165
72741,0,0.1377
72742,1,0.9704
72743,0,0.0076
72744,0,0.0449
72745,0,0.0499
72746,0,0.0459
72747,0,0.0199
72748,0,0.0058
72749,0,0.003
72750,0,0.0167
72751,0,0.0026
72752,0,0.0136
72753,0,0.0203
72754,0,0.4124
72755,0,0.0037
72756,0,0.0127
72757,0,0.0073
72758,0,0.0656
72759,0,0.0047
72760,0,0.0019
72761,0,0.0215
72762,1,0.9829
72763,0,0.0077
72764,0,0.0139
72765,0,0.019
72766,0,0.0013
72767,0,0.0487
72768,0,0.4248
72769,0,0.0024
72770,0,0.0338
72771,0,0.0426
72772,0,0.0557
72773,0,0.0085
72774,0,0.0181
72775,0,0.0562
72776,0,0.1809
72777,0,0.006
72778,0,0.0533
72779,0,0.0172
72780,0,0.0311
72781,1,0.9901
72782,0,0.0694
72783,0,0.0494
72784,0,0.0387
72785,0,0.0039
72786,0,0.0232
72787,0,0.0264
72788,0,0.0225
72789,1,0.9109
72790,0,0.1261
72791,0,0.06
72792,0,0.0047
72793,0,0.0145
72794,0,0.0342
72795,0,0.0056
72796,0,0.0198
72797,1,0.9305
72798,1,0.9808
72799,0,0.0309
72800,0,0.0204
72801,0,0.0165
72802,0,0.0955
72803,0,0.0264
72804,0,0.0167
72805,0,0.006
72806,0,0.1486
72807,0,0.0297
72808,0,0.0302
72809,0,0.0419
72810,0,0.0093
72811,0,0.0432
72812,0,0.0447
72813,0,0.0213
72814,0,0.0464
72815,0,0.0362
72816,0,0.0333
72817,0,0.0804
72818,0,0.1262
72819,0,0.0047
72820,0,0.1269
72821,0,0.0682
72822,0,0.0095
72823,1,0.9421
72824,0,0.0185
72825,0,0.0064
72826,0,0.0508
72827,0,0.0303
72828,0,0.0371
72829,0,0.1796
72830,0,0.0115
72831,0,0.0331
72832,0,0.0263
72833,0,0.0146
72834,0,0.0097
72835,0,0.0074
72836,0,0.0525
72837,0,0.0382
72838,0,0.0126
72839,0,0.0129
72840,0,0.0269
72841,0,0.0142
72842,0,0.0179
72843,0,0.1554
72844,0,0.004
72845,0,0.0282
72846,0,0.0022
72847,0,0.0234
72848,0,0.0405
72849,0,0.0014
72850,0,0.0488
72851,0,0.005
72852,0,0.0376
72853,0,0.0175
72854,0,0.011
72855,0,0.0551
72856,0,0.1261
72857,0,0.0513
72858,0,0.0095
72859,0,0.0107
72860,0,0.0675
72861,0,0.0071
72862,0,0.0197
72863,1,0.9555
72864,0,0.0066
72865,0,0.0077
72866,1,0.9935
72867,0,0.0867
72868,0,0.0687
72869,0,0.0152
72870,0,0.0094
72871,0,0.0112
72872,0,0.0266
72873,0,0.0013
72874,0,0.0167
72875,0,0.0359
72876,1,0.966
72877,0,0.0063
72878,0,0.0258
72879,0,0.0154
72880,0,0.0204
72881,0,0.0562
72882,1,0.8513
72883,0,0.0401
72884,0,0.0033
72885,0,0.0011
72886,0,0.0119
72887,1,0.7747
72888,0,0.0927
72889,0,0.0064
72890,0,0.0774
72891,0,0.0137
72892,0,0.0098
72893,0,0.0216
72894,0,0.0075
72895,0,0.0145
72896,0,0.0658
72897,0,0.01
72898,0,0.0114
72899,0,0.0189
72900,0,0.0222
72901,0,0.0545
72902,0,0.0027
72903,0,0.0734
72904,0,0.0336
72905,0,0.0137
72906,0,0.0125
72907,0,0.1225
72908,0,0.0067
72909,0,0.0155
72910,0,0.0045
72911,0,0.0089
72912,0,0.0412
72913,0,0.0654
72914,0,0.0155
72915,1,0.7772
72916,0,0.0185
72917,0,0.056
72918,0,0.0134
72919,0,0.006
72920,0,0.0073
72921,0,0.0305
72922,0,0.0492
72923,0,0.0301
72924,0,0.0412
72925,0,0.1231
72926,1,0.993
72927,0,0.1062
72928,0,0.063
72929,0,0.0261
72930,0,0.0073
72931,0,0.135
72932,1,0.9437
72933,0,0.0071
72934,0,0.0704
72935,0,0.0213
72936,0,0.0103
72937,0,0.0078
72938,0,0.0149
72939,0,0.0258
72940,0,0.0261
72941,0,0.0492
72942,0,0.0136
72943,1,0.9304
72944,0,0.0198
72945,0,0.0071
72946,1,0.956
72947,0,0.1138
72948,0,0.0243
72949,0,0.0281
72950,0,0.0106
72951,0,0.0008
72952,0,0.0111
72953,0,0.0358
72954,0,0.0104
72955,0,0.1698
72956,0,0.074
72957,0,0.0035
72958,0,0.023
72959,0,0.0798
72960,0,0.0147
72961,0,0.0142
72962,0,0.0433
72963,0,0.0144
72964,0,0.0183
72965,1,0.9231
72966,0,0.0372
72967,0,0.0357
72968,0,0.0188
72969,0,0.1002
72970,1,0.8464
72971,0,0.045
72972,0,0.0016
72973,0,0.0592
72974,1,0.9847
72975,0,0.0219
72976,0,0.0919
72977,0,0.0097
72978,0,0.0082
72979,0,0.1398
72980,0,0.4534
72981,0,0.0449
72982,0,0.0586
72983,0,0.0062
72984,0,0.0162
72985,0,0.001
72986,0,0.0454
72987,0,0.0063
72988,0,0.0617
72989,0,0.0285
72990,0,0.0052
72991,0,0.0211
72992,0,0.0616
72993,0,0.0076
72994,0,0.007
72995,0,0.089
72996,0,0.0198
72997,0,0.0025
72998,0,0.0054
72999,0,0.0048
73000,1,0.9783
73001,0,0.0705
73002,0,0.0342
73003,0,0.0124
73004,0,0.0124
73005,0,0.0266
73006,0,0.0714
73007,1,0.5851
73008,0,0.0183
73009,0,0.2192
73010,0,0.2845
73011,0,0.0361
73012,1,0.9342
73013,0,0.3564
73014,1,0.9663
73015,0,0.08
73016,0,0.0269
73017,0,0.0156
73018,1,0.9861
73019,0,0.0044
73020,0,0.0288
73021,0,0.0489
73022,0,0.0453
73023,0,0.0116
73024,0,0.0344
73025,0,0.0174
73026,0,0.2129
73027,0,0.0054
73028,0,0.0893
73029,0,0.0023
73030,0,0.3335
73031,1,0.9843
73032,0,0.115
73033,0,0.0466
73034,0,0.1389
73035,0,0.0008
73036,1,0.8621
73037,1,0.5795
73038,0,0.0049
73039,0,0.0205
73040,0,0.0082
73041,0,0.0114
73042,0,0.0061
73043,0,0.0968
73044,0,0.0397
73045,0,0.0351
73046,0,0.0072
73047,0,0.0155
73048,0,0.0733
73049,0,0.0089
73050,0,0.0236
73051,0,0.0409
73052,0,0.0112
73053,1,0.8008
73054,1,0.7511
73055,0,0.0035
73056,0,0.2398
73057,1,0.9448
73058,0,0.0627
73059,1,0.9007
73060,0,0.0242
73061,1,0.8127
73062,0,0.0008
73063,1,0.8957
73064,0,0.0137
73065,0,0.0684
73066,0,0.0081
73067,1,0.9241
73068,0,0.0015
73069,0,0.0358
73070,0,0.0203
73071,1,0.8889
73072,0,0.2453
73073,0,0.0166
73074,0,0.0013
73075,0,0.0326
73076,0,0.0064
73077,0,0.0061
73078,0,0.0008
73079,0,0.0245
73080,0,0.0058
73081,0,0.0593
73082,0,0.0246
73083,0,0.0037
73084,0,0.0548
73085,0,0.001
73086,0,0.0495
73087,0,0.2035
73088,0,0.0104
73089,0,0.0054
73090,0,0.1577
73091,0,0.0091
73092,0,0.0096
73093,0,0.1115
73094,1,0.8259
73095,0,0.0459
73096,0,0.0069
73097,0,0.0171
73098,0,0.0083
73099,0,0.1911
73100,0,0.0014
73101,0,0.0231
73102,0,0.2082
73103,0,0.0416
73104,0,0.0687
73105,0,0.0256
73106,0,0.0168
73107,1,0.9075
73108,0,0.0152
73109,0,0.0105
73110,1,0.9239
73111,0,0.0067
73112,1,0.9154
73113,0,0.0087
73114,0,0.031
73115,1,0.8513
73116,0,0.0065
73117,0,0.0031
73118,0,0.0236
73119,0,0.013
73120,0,0.1972
73121,0,0.009
73122,0,0.0135
73123,0,0.0058
73124,0,0.017
73125,0,0.018
73126,0,0.372
73127,1,0.9283
73128,0,0.0805
73129,0,0.0231
73130,1,0.9547
73131,0,0.0255
73132,0,0.0514
73133,1,0.9138
73134,0,0.008
73135,0,0.0084
73136,0,0.0059
73137,0,0.0073
73138,1,0.9672
73139,0,0.0037
73140,0,0.0218
73141,0,0.0611
73142,0,0.0123
73143,0,0.0462
73144,0,0.0126
73145,0,0.0536
73146,0,0.0087
73147,0,0.0288
73148,0,0.0126
73149,0,0.0094
73150,0,0.0364
73151,0,0.0509
73152,0,0.001
73153,0,0.2363
73154,0,0.0191
73155,0,0.0095
73156,0,0.0143
73157,0,0.0346
73158,0,0.0148
73159,0,0.0182
73160,0,0.0334
73161,0,0.0081
73162,0,0.0203
73163,0,0.1003
73164,0,0.0043
73165,1,0.9563
73166,0,0.0213
73167,0,0.019
73168,0,0.0148
73169,0,0.1214
73170,0,0.0036
73171,0,0.0083
73172,0,0.0529
73173,0,0.0125
73174,0,0.0078
73175,0,0.0243
73176,0,0.1419
73177,0,0.1112
73178,0,0.0148
73179,0,0.0026
73180,0,0.0182
73181,0,0.0382
73182,0,0.0869
73183,0,0.0199
73184,0,0.0025
73185,0,0.0252
73186,0,0.0965
73187,0,0.0876
73188,0,0.0372
73189,0,0.0976
73190,1,0.7713
73191,0,0.0277
73192,0,0.2282
73193,0,0.0489
73194,0,0.017
73195,0,0.0048
73196,0,0.001
73197,0,0.0331
73198,0,0.2029
73199,0,0.0022
73200,0,0.0304
73201,0,0.0073
73202,0,0.023
73203,0,0.0073
73204,0,0.0114
73205,0,0.0121
73206,1,0.9026
73207,0,0.0611
73208,0,0.0121
73209,0,0.0149
73210,0,0.0008
73211,0,0.0069
73212,1,0.9788
73213,0,0.0059
73214,0,0.0092
73215,0,0.0982
73216,0,0.033
73217,0,0.0297
73218,0,0.0185
73219,0,0.0313
73220,0,0.0102
73221,0,0.0399
73222,0,0.0504
73223,0,0.1034
73224,0,0.0606
73225,0,0.0031
73226,1,0.9724
73227,1,0.9303
73228,0,0.0019
73229,1,0.9765
73230,0,0.013
73231,1,0.8106
73232,0,0.0433
73233,0,0.0054
73234,0,0.041
73235,0,0.0363
73236,0,0.0188
73237,0,0.0272
73238,0,0.0041
73239,0,0.0168
73240,0,0.0257
73241,0,0.0261
73242,1,0.9372
73243,0,0.0178
73244,0,0.0556
73245,0,0.0253
73246,0,0.0038
73247,0,0.023
73248,0,0.0124
73249,0,0.0288
73250,0,0.0157
73251,0,0.0058
73252,0,0.0119
73253,0,0.0501
73254,0,0.0243
73255,0,0.0026
73256,0,0.0023
73257,1,0.9636
73258,0,0.0547
73259,0,0.1653
73260,1,0.9352
73261,0,0.0387
73262,0,0.0072
73263,0,0.0255
73264,0,0.0075
73265,0,0.0075
73266,1,0.7166
73267,0,0.012
73268,0,0.0159
73269,0,0.3943
73270,0,0.003
73271,0,0.0529
73272,0,0.0238
73273,0,0.0578
73274,0,0.0065
73275,0,0.003
73276,0,0.0664
73277,0,0.0152
73278,0,0.0563
73279,1,0.8371
73280,0,0.0142
73281,0,0.004
73282,0,0.0364
73283,0,0.0182
73284,0,0.0098
73285,0,0.1683
73286,0,0.0259
73287,1,0.9871
73288,0,0.025
73289,0,0.0105
73290,0,0.144
73291,1,0.9614
73292,0,0.0043
73293,1,0.5109
73294,0,0.0052
73295,0,0.0217
73296,0,0.0837
73297,0,0.0175
73298,0,0.032
73299,0,0.0413
73300,0,0.0128
73301,0,0.0433
73302,0,0.0021
73303,0,0.0369
73304,0,0.0041
73305,0,0.0125
73306,0,0.0012
73307,0,0.0147
73308,0,0.3446
73309,0,0.0162
73310,0,0.044
73311,1,0.9758
73312,0,0.0552
73313,0,0.0086
73314,0,0.075
73315,1,0.9909
73316,0,0.0086
73317,0,0.0736
73318,0,0.0552
73319,0,0.0452
73320,0,0.0048
73321,1,0.9674
73322,0,0.0086
73323,0,0.0018
73324,0,0.0357
73325,0,0.0041
73326,0,0.0274
73327,0,0.0388
73328,0,0.0059
73329,0,0.001
73330,0,0.0138
73331,0,0.0855
73332,0,0.0189
73333,1,0.9179
73334,0,0.015
73335,0,0.0135
73336,0,0.023
73337,0,0.0768
73338,0,0.0618
73339,0,0.0174
73340,0,0.0089
73341,0,0.0035
73342,0,0.0712
73343,0,0.3652
73344,0,0.2874
73345,0,0.0916
73346,0,0.0039
73347,1,0.8492
73348,0,0.0123
73349,0,0.2959
73350,0,0.0234
73351,0,0.022
73352,0,0.0126
73353,0,0.1051
73354,0,0.1438
73355,0,0.0437
73356,0,0.0618
73357,0,0.0964
73358,0,0.0182
73359,0,0.0063
73360,0,0.0397
73361,0,0.0114
73362,0,0.0294
73363,1,0.6282
73364,0,0.0126
73365,0,0.0465
73366,0,0.0869
73367,0,0.0301
73368,0,0.0328
73369,0,0.0744
73370,0,0.0285
73371,0,0.0127
73372,0,0.0221
73373,0,0.0081
73374,0,0.1615
73375,0,0.0486
73376,0,0.073
73377,0,0.0015
73378,0,0.0221
73379,0,0.0414
73380,0,0.0546
73381,0,0.0556
73382,1,0.9463
73383,0,0.0118
73384,0,0.0387
73385,0,0.042
73386,0,0.1161
73387,0,0.1205
73388,0,0.0241
73389,0,0.0224
73390,0,0.0123
73391,0,0.0687
73392,0,0.014
73393,0,0.0221
73394,0,0.0541
73395,0,0.0103
73396,0,0.0551
73397,0,0.1992
73398,0,0.0264
73399,0,0.0192
73400,0,0.0241
73401,0,0.0554
73402,0,0.0103
73403,0,0.0085
73404,0,0.0023
73405,0,0.0016
73406,0,0.0171
73407,1,0.9617
73408,0,0.0859
73409,0,0.0083
73410,1,0.9458
73411,0,0.0089
73412,1,0.9502
73413,0,0.1567
73414,0,0.0752
73415,0,0.0573
73416,0,0.1493
73417,0,0.0266
73418,0,0.0164
73419,0,0.007
73420,0,0.1144
73421,0,0.007
73422,0,0.0043
73423,0,0.0657
73424,0,0.0058
73425,0,0.0095
73426,0,0.01
73427,0,0.042
73428,1,0.9554
73429,0,0.0185
73430,0,0.0027
73431,0,0.0809
73432,0,0.2315
73433,0,0.0127
73434,0,0.0006
73435,0,0.0152
73436,0,0.0126
73437,0,0.0067
73438,0,0.0361
73439,0,0.0153
73440,0,0.0083
73441,0,0.1227
73442,0,0.0095
73443,0,0.0216
73444,0,0.0121
73445,0,0.0343
73446,1,0.7942
73447,0,0.0131
73448,0,0.0082
73449,0,0.0196
73450,0,0.353
73451,0,0.004
73452,1,0.9638
73453,1,0.9922
73454,0,0.3763
73455,0,0.1152
73456,0,0.0034
73457,0,0.2288
73458,0,0.02
73459,1,0.9452
73460,0,0.0069
73461,0,0.0492
73462,0,0.1117
73463,0,0.0043
73464,0,0.0114
73465,0,0.0214
73466,0,0.0202
73467,0,0.0025
73468,0,0.0863
73469,0,0.0225
73470,0,0.0678
73471,0,0.0219
73472,1,0.9807
73473,0,0.1199
73474,0,0.0143
73475,0,0.0064
73476,0,0.0047
73477,0,0.0357
73478,0,0.058
73479,0,0.0071
73480,0,0.0011
73481,0,0.0136
73482,0,0.0095
73483,0,0.0127
73484,1,0.9657
73485,0,0.0273
73486,0,0.0681
73487,0,0.0466
73488,0,0.0301
73489,0,0.0228
73490,1,0.9863
73491,0,0.0164
73492,0,0.0235
73493,0,0.0276
73494,1,0.8044
73495,0,0.0195
73496,0,0.4281
73497,0,0.0095
73498,0,0.0089
73499,0,0.0505
73500,0,0.0076
73501,0,0.0743
73502,0,0.0051
73503,0,0.0192
73504,0,0.007
73505,0,0.0268
73506,0,0.0065
73507,0,0.0086
73508,1,0.94
73509,0,0.0243
73510,0,0.0638
73511,0,0.0135
73512,0,0.0033
73513,0,0.1268
73514,0,0.0412
73515,1,0.9649
73516,0,0.005
73517,0,0.0344
73518,1,0.9435
73519,0,0.0014
73520,0,0.0381
73521,0,0.0547
73522,0,0.007
73523,0,0.0044
73524,0,0.0068
73525,0,0.0152
73526,0,0.01
73527,0,0.0201
73528,0,0.1056
73529,0,0.0897
73530,1,0.9886
73531,0,0.0717
73532,0,0.0859
73533,0,0.0453
73534,0,0.3109
73535,0,0.0262
73536,0,0.0467
73537,0,0.2415
73538,0,0.055
73539,0,0.0862
73540,1,0.9914
73541,0,0.0078
73542,0,0.1208
73543,0,0.0014
73544,0,0.06
73545,0,0.0048
73546,0,0.228
73547,1,0.9694
73548,0,0.0074
73549,0,0.026
73550,0,0.0205
73551,0,0.011
73552,0,0.0262
73553,0,0.0236
73554,0,0.1099
73555,0,0.0306
73556,0,0.0282
73557,0,0.0011
73558,0,0.0664
73559,1,0.9664
73560,0,0.2755
73561,0,0.0099
73562,0,0.1242
73563,0,0.007
73564,1,0.9672
73565,0,0.0211
73566,0,0.0032
73567,0,0.1029
73568,0,0.0231
73569,0,0.0086
73570,0,0.084
73571,0,0.0418
73572,0,0.0074
73573,0,0.05
73574,0,0.0704
73575,0,0.0587
73576,0,0.0612
73577,0,0.0078
73578,0,0.0708
73579,0,0.0148
73580,0,0.0131
73581,0,0.0237
73582,0,0.0375
73583,0,0.0272
73584,0,0.0144
73585,1,0.9537
73586,0,0.0036
73587,0,0.0238
73588,0,0.0178
73589,0,0.0255
73590,0,0.0435
73591,0,0.0492
73592,0,0.015
73593,1,0.9128
73594,0,0.0021
73595,0,0.0643
73596,0,0.0208
73597,0,0.0294
73598,0,0.0055
73599,0,0.0169
73600,0,0.0216
73601,0,0.0048
73602,0,0.036
73603,0,0.014
73604,1,0.9712
73605,0,0.0298
73606,0,0.4732
73607,0,0.0042
73608,0,0.0199
73609,1,0.813
73610,0,0.0086
73611,0,0.1143
73612,0,0.3045
73613,0,0.0104
73614,0,0.0044
73615,0,0.0018
73616,1,0.9575
73617,0,0.1692
73618,0,0.0186
73619,0,0.017
73620,0,0.0444
73621,1,0.9948
73622,0,0.0147
73623,0,0.0182
73624,0,0.0118
73625,0,0.0361
73626,0,0.0146
73627,0,0.0084
73628,0,0.1213
73629,0,0.0109
73630,0,0.053
73631,0,0.0222
73632,0,0.0009
73633,1,0.8453
73634,0,0.0766
73635,0,0.1856
73636,0,0.0182
73637,0,0.0113
73638,0,0.0143
73639,0,0.0541
73640,0,0.0621
73641,0,0.0161
73642,0,0.0161
73643,1,0.8868
73644,0,0.0171
73645,0,0.1486
73646,0,0.1093
73647,0,0.1349
73648,0,0.0492
73649,1,0.934
73650,0,0.2576
73651,0,0.0649
73652,0,0.0223
73653,0,0.1318
73654,0,0.0091
73655,0,0.2139
73656,0,0.014
73657,0,0.2627
73658,0,0.008
73659,0,0.0063
73660,0,0.0393
73661,0,0.1046
73662,0,0.0442
73663,1,0.9877
73664,0,0.0104
73665,0,0.004
73666,0,0.0035
73667,0,0.0654
73668,0,0.009
73669,0,0.0677
73670,0,0.0061
73671,0,0.1754
73672,0,0.0123
73673,0,0.2085
73674,1,0.9796
73675,0,0.2221
73676,0,0.0204
73677,0,0.0092
73678,0,0.0228
73679,0,0.0984
73680,1,0.9749
73681,0,0.1498
73682,0,0.0745
73683,0,0.0259
73684,0,0.0007
73685,0,0.0065
73686,1,0.9606
73687,0,0.009
73688,0,0.021
73689,0,0.0243
73690,0,0.0248
73691,0,0.0113
73692,0,0.0018
73693,0,0.0142
73694,0,0.0912
73695,0,0.0146
73696,0,0.0241
73697,0,0.0627
73698,0,0.3807
73699,0,0.0211
73700,0,0.0563
73701,1,0.9765
73702,0,0.0086
73703,0,0.0839
73704,0,0.0042
73705,0,0.0076
73706,0,0.1162
73707,0,0.0126
73708,0,0.0035
73709,0,0.0371
73710,0,0.0051
73711,0,0.0408
73712,0,0.0045
73713,0,0.0141
73714,0,0.0237
73715,0,0.0084
73716,0,0.0385
73717,0,0.009
73718,0,0.2633
73719,1,0.9527
73720,1,0.9576
73721,0,0.0786
73722,0,0.0438
73723,0,0.003
73724,0,0.0182
73725,0,0.0464
73726,0,0.0555
73727,0,0.0164
73728,0,0.0096
73729,0,0.0743
73730,1,0.6648
73731,0,0.0037
73732,0,0.0128
73733,0,0.3636
73734,0,0.0042
73735,0,0.0086
73736,1,0.925
73737,0,0.0406
73738,0,0.0058
73739,0,0.0971
73740,0,0.0145
73741,0,0.0227
73742,0,0.0482
73743,0,0.0186
73744,0,0.0178
73745,1,0.8849
73746,0,0.0089
73747,0,0.0206
73748,0,0.0423
73749,0,0.4213
73750,0,0.005
73751,1,0.9403
73752,0,0.0079
73753,0,0.008
73754,0,0.0219
73755,0,0.0042
73756,0,0.0072
73757,0,0.0411
73758,0,0.1962
73759,0,0.0082
73760,0,0.0088
73761,0,0.0356
73762,1,0.958
73763,0,0.0881
73764,0,0.0238
73765,0,0.1371
73766,1,0.9645
73767,0,0.3784
73768,0,0.2163
73769,1,0.9474
73770,1,0.9538
73771,0,0.0181
73772,0,0.0537
73773,0,0.0082
73774,0,0.0199
73775,0,0.0428
73776,0,0.0083
73777,0,0.0179
73778,0,0.0909
73779,0,0.0169
73780,0,0.0162
73781,1,0.936
73782,0,0.0281
73783,0,0.0205
73784,0,0.0287
73785,0,0.0309
73786,0,0.3215
73787,0,0.0087
73788,0,0.0018
73789,0,0.1082
73790,0,0.0068
73791,1,0.9309
73792,1,0.9754
73793,0,0.0087
73794,0,0.3185
73795,0,0.1007
73796,0,0.1108
73797,0,0.0161
73798,0,0.0794
73799,0,0.0024
73800,0,0.0043
73801,0,0.016
73802,0,0.0126
73803,0,0.0172
73804,0,0.0006
73805,0,0.2044
73806,0,0.0299
73807,0,0.0077
73808,0,0.1233
73809,0,0.0086
73810,1,0.9254
73811,0,0.0447
73812,0,0.3043
73813,0,0.0138
73814,0,0.0143
73815,0,0.1528
73816,0,0.0368
73817,0,0.013
73818,0,0.1144
73819,0,0.0069
73820,0,0.0352
73821,0,0.201
73822,0,0.0229
73823,0,0.0381
73824,0,0.0177
73825,0,0.0515
73826,0,0.079
73827,0,0.0226
73828,0,0.0486
73829,1,0.9265
73830,1,0.5637
73831,0,0.1109
73832,0,0.099
73833,0,0.0116
73834,1,0.8408
73835,0,0.0268
73836,0,0.0257
73837,0,0.0388
73838,1,0.9463
73839,0,0.0072
73840,0,0.0084
73841,1,0.6857
73842,1,0.9214
73843,0,0.0248
73844,0,0.0516
73845,0,0.028
73846,0,0.0504
73847,0,0.0446
73848,0,0.0274
73849,0,0.0473
73850,0,0.0217
73851,0,0.0232
73852,0,0.0185
73853,0,0.0052
73854,0,0.0958
73855,0,0.0243
73856,0,0.0136
73857,1,0.5264
73858,0,0.0275
73859,0,0.0038
73860,0,0.0086
73861,0,0.2968
73862,0,0.016
73863,0,0.0192
73864,0,0.0256
73865,0,0.0047
73866,0,0.0037
73867,0,0.0093
73868,0,0.0072
73869,0,0.0048
73870,0,0.0234
73871,0,0.0158
73872,0,0.0134
73873,0,0.0711
73874,0,0.0018
73875,0,0.007
73876,1,0.9607
73877,0,0.0317
73878,0,0.0115
73879,0,0.0209
73880,0,0.0197
73881,0,0.0267
73882,0,0.3576
73883,0,0.0099
73884,0,0.0126
73885,0,0.0229
73886,0,0.0165
73887,0,0.0412
73888,0,0.0136
73889,0,0.0157
73890,0,0.0284
73891,0,0.0088
73892,0,0.036
73893,0,0.0492
73894,0,0.0062
73895,0,0.052
73896,0,0.0972
73897,0,0.0288
73898,0,0.0211
73899,0,0.0113
73900,1,0.9889
73901,0,0.0596
73902,0,0.039
73903,0,0.1794
73904,1,0.969
73905,0,0.0405
73906,0,0.0043
73907,0,0.0172
73908,0,0.178
73909,0,0.0093
73910,0,0.1876
73911,0,0.0129
73912,0,0.0055
73913,0,0.1005
73914,0,0.0025
73915,0,0.0073
73916,0,0.0796
73917,0,0.0151
73918,0,0.3389
73919,0,0.0464
73920,0,0.0187
73921,0,0.035
73922,0,0.0146
73923,0,0.0011
73924,0,0.0386
73925,0,0.0043
73926,0,0.0108
73927,0,0.0838
73928,0,0.0776
73929,1,0.7232
73930,0,0.1042
73931,0,0.1633
73932,0,0.0135
73933,0,0.0399
73934,0,0.0259
73935,0,0.0048
73936,1,0.9399
73937,0,0.0308
73938,0,0.0117
73939,0,0.0172
73940,0,0.1024
73941,0,0.2581
73942,0,0.0378
73943,0,0.0845
73944,0,0.0062
73945,0,0.0107
73946,1,0.9762
73947,0,0.0141
73948,1,0.905
73949,0,0.0461
73950,1,0.963
73951,0,0.2395
73952,0,0.0123
73953,0,0.0755
73954,1,0.9731
73955,0,0.0049
73956,0,0.0146
73957,0,0.0089
73958,0,0.0387
73959,0,0.0321
73960,0,0.0333
73961,0,0.0044
73962,0,0.0213
73963,1,0.961
73964,0,0.018
73965,0,0.0392
73966,0,0.182
73967,0,0.0242
73968,0,0.024
73969,0,0.0034
73970,0,0.0029
73971,0,0.0318
73972,1,0.9756
73973,0,0.0151
73974,0,0.0023
73975,0,0.0205
73976,0,0.0596
73977,0,0.0224
73978,0,0.0255
73979,0,0.055
73980,0,0.0126
73981,0,0.0344
73982,0,0.0585
73983,1,0.586
73984,0,0.01
73985,0,0.0138
73986,0,0.009
73987,0,0.0478
73988,0,0.0483
73989,0,0.09
73990,0,0.0183
73991,0,0.0523
73992,0,0.0159
73993,0,0.0648
73994,0,0.047
73995,0,0.1366
73996,1,0.8263
73997,0,0.0072
73998,0,0.1382
73999,0,0.1595
74000,1,0.836
74001,0,0.0045
74002,0,0.0301
74003,0,0.0019
74004,0,0.0492
74005,0,0.0133
74006,0,0.0138
74007,0,0.1201
74008,0,0.0544
74009,0,0.0043
74010,0,0.0154
74011,0,0.034
74012,0,0.0168
74013,0,0.0559
74014,0,0.0199
74015,0,0.0126
74016,0,0.0302
74017,0,0.0209
74018,0,0.021
74019,1,0.9306
74020,0,0.0231
74021,0,0.0423
74022,0,0.0009
74023,0,0.3522
74024,0,0.0371
74025,0,0.1027
74026,0,0.0135
74027,0,0.0296
74028,0,0.0143
74029,0,0.0313
74030,0,0.0031
74031,0,0.0099
74032,0,0.0629
74033,0,0.0558
74034,0,0.0225
74035,0,0.0126
74036,0,0.0072
74037,0,0.0555
74038,0,0.0751
74039,0,0.0187
74040,0,0.0024
74041,0,0.0595
74042,0,0.0399
74043,0,0.0606
74044,0,0.0274
74045,0,0.0113
74046,1,0.9165
74047,0,0.042
74048,0,0.0806
74049,0,0.0104
74050,0,0.0137
74051,0,0.0141
74052,0,0.1611
74053,0,0.0411
74054,0,0.0402
74055,0,0.0471
74056,0,0.0336
74057,0,0.0408
74058,0,0.0018
74059,0,0.0069
74060,0,0.0186
74061,0,0.023
74062,0,0.0222
74063,0,0.0298
74064,0,0.0547
74065,0,0.0041
74066,0,0.0024
74067,0,0.0824
74068,0,0.0257
74069,0,0.0177
74070,0,0.0493
74071,0,0.0968
74072,0,0.0114
74073,1,0.977
74074,0,0.1182
74075,0,0.0933
74076,0,0.0019
74077,0,0.0127
74078,0,0.0823
74079,0,0.4196
74080,0,0.0161
74081,0,0.0139
74082,0,0.0459
74083,0,0.0073
74084,0,0.0194
74085,0,0.0161
74086,0,0.0074
74087,0,0.0294
74088,1,0.9323
74089,0,0.0713
74090,0,0.0108
74091,0,0.0431
74092,0,0.0114
74093,0,0.1483
74094,0,0.0225
74095,0,0.017
74096,0,0.0099
74097,0,0.2033
74098,0,0.0238
74099,0,0.0646
74100,1,0.7545
74101,0,0.0157
74102,0,0.0602
74103,0,0.0082
74104,0,0.1786
74105,0,0.253
74106,0,0.1144
74107,0,0.007
74108,0,0.0051
74109,0,0.003
74110,0,0.0149
74111,0,0.007
74112,0,0.0167
74113,0,0.24
74114,0,0.0045
74115,0,0.1533
74116,0,0.0187
74117,1,0.9819
74118,0,0.0917
74119,0,0.012
74120,0,0.0147
74121,0,0.0354
74122,0,0.0077
74123,0,0.0766
74124,0,0.0057
74125,0,0.0058
74126,0,0.0187
74127,1,0.9594
74128,0,0.0014
74129,0,0.0336
74130,1,0.9138
74131,0,0.0091
74132,0,0.0027
74133,0,0.0197
74134,0,0.0261
74135,0,0.0023
74136,0,0.0159
74137,0,0.0027
74138,0,0.1402
74139,0,0.0412
74140,0,0.0602
74141,0,0.0449
74142,0,0.0029
74143,0,0.0032
74144,1,0.9246
74145,0,0.0057
74146,0,0.0526
74147,0,0.0095
74148,0,0.2588
74149,0,0.1716
74150,0,0.0102
74151,0,0.0732
74152,0,0.0904
74153,0,0.0175
74154,0,0.084
74155,0,0.2085
74156,0,0.0032
74157,0,0.051
74158,0,0.003
74159,0,0.05
74160,0,0.1846
74161,0,0.0384
74162,0,0.0087
74163,0,0.002
74164,0,0.0044
74165,0,0.0021
74166,0,0.0297
74167,0,0.06
74168,0,0.0097
74169,0,0.0682
74170,0,0.0009
74171,0,0.0021
74172,0,0.0191
74173,0,0.2285
74174,1,0.9682
74175,0,0.1155
74176,1,0.9805
74177,0,0.1807
74178,0,0.0341
74179,0,0.0431
74180,0,0.1617
74181,0,0.0108
74182,0,0.1199
74183,0,0.0141
74184,1,0.921
74185,1,0.9334
74186,0,0.2576
74187,0,0.0085
74188,0,0.0886
74189,0,0.0398
74190,1,0.9486
74191,1,0.9581
74192,0,0.0052
74193,0,0.0027
74194,0,0.0217
74195,0,0.0195
74196,0,0.0286
74197,0,0.032
74198,0,0.0123
74199,0,0.0771
74200,0,0.2649
74201,0,0.0032
74202,0,0.0804
74203,0,0.257
74204,0,0.122
74205,0,0.2952
74206,0,0.164
74207,0,0.0253
74208,0,0.0154
74209,0,0.0028
74210,0,0.0265
74211,1,0.994
74212,0,0.0176
74213,0,0.078
74214,0,0.0061
74215,0,0.0005
74216,0,0.0133
74217,0,0.098
74218,0,0.0006
74219,0,0.0831
74220,0,0.0054
74221,0,0.0016
74222,0,0.4413
74223,0,0.0111
74224,0,0.0011
74225,1,0.9342
74226,0,0.0176
74227,0,0.0011
74228,0,0.1249
74229,0,0.0494
74230,0,0.0247
74231,1,0.9074
74232,0,0.0106
74233,1,0.8986
74234,0,0.0073
74235,0,0.009
74236,0,0.0077
74237,1,0.9321
74238,0,0.0065
74239,0,0.0408
74240,0,0.0938
74241,0,0.0109
74242,1,0.9778
74243,0,0.0091
74244,0,0.2626
74245,0,0.0103
74246,0,0.0216
74247,0,0.224
74248,1,0.9776
74249,0,0.0171
74250,0,0.0027
74251,0,0.0683
74252,0,0.0051
74253,0,0.023
74254,0,0.0872
74255,0,0.014
74256,0,0.1765
74257,0,0.0064
74258,0,0.0311
74259,1,0.5521
74260,0,0.0088
74261,0,0.173
74262,0,0.0111
74263,0,0.0123
74264,0,0.006
74265,1,0.9852
74266,0,0.0168
74267,1,0.874
74268,0,0.0246
74269,0,0.0177
74270,1,0.8375
74271,0,0.0466
74272,0,0.0093
74273,0,0.0451
74274,0,0.0082
74275,0,0.0043
74276,0,0.0125
74277,0,0.039
74278,0,0.0186
74279,0,0.0435
74280,0,0.2065
74281,0,0.0092
74282,0,0.0021
74283,0,0.002
74284,0,0.0007
74285,0,0.0672
74286,0,0.0183
74287,0,0.0168
74288,0,0.0346
74289,0,0.0693
74290,0,0.0132
74291,0,0.0371
74292,0,0.0401
74293,0,0.0344
74294,0,0.01
74295,0,0.0075
74296,0,0.2321
74297,0,0.0399
74298,0,0.2201
74299,0,0.0006
74300,0,0.0622
74301,0,0.3893
74302,0,0.0423
74303,0,0.0549
74304,0,0.0866
74305,0,0.0092
74306,0,0.0012
74307,1,0.9776
74308,0,0.0064
74309,0,0.1274
74310,0,0.0069
74311,0,0.012
74312,0,0.1567
74313,0,0.007
74314,1,0.9788
74315,1,0.9939
74316,0,0.0486
74317,1,0.9221
74318,0,0.0053
74319,0,0.0015
74320,0,0.042
74321,0,0.0189
74322,0,0.0181
74323,0,0.0701
74324,0,0.0796
74325,0,0.015
74326,0,0.0787
74327,0,0.0111
74328,0,0.0097
74329,0,0.1935
74330,0,0.0587
74331,1,0.7904
74332,1,0.9534
74333,0,0.0313
74334,0,0.0716
74335,0,0.0048
74336,0,0.0443
74337,0,0.0052
74338,0,0.1138
74339,0,0.0387
74340,0,0.0069
74341,0,0.029
74342,0,0.107
74343,0,0.0438
74344,0,0.0145
74345,0,0.0184
74346,0,0.0716
74347,0,0.039
74348,0,0.1935
74349,0,0.0194
74350,0,0.014
74351,0,0.0021
74352,0,0.0619
74353,0,0.0069
74354,0,0.0086
74355,1,0.9724
74356,0,0.016
74357,0,0.006
74358,0,0.03
74359,0,0.0139
74360,0,0.0816
74361,0,0.0026
74362,0,0.0242
74363,0,0.0354
74364,0,0.2172
74365,0,0.0761
74366,0,0.0381
74367,0,0.1117
74368,1,0.9753
74369,1,0.8214
74370,0,0.007
74371,0,0.0047
74372,0,0.0057
74373,0,0.075
74374,0,0.0169
74375,1,0.9907
74376,0,0.0196
74377,0,0.0136
74378,0,0.0878
74379,0,0.2193
74380,1,0.8737
74381,1,0.9712
74382,0,0.0015
74383,0,0.0675
74384,0,0.0048
74385,0,0.0427
74386,0,0.0105
74387,0,0.0078
74388,0,0.014
74389,0,0.007
74390,0,0.0135
74391,0,0.0512
74392,0,0.0013
74393,0,0.0189
74394,0,0.3456
74395,0,0.0486
74396,0,0.0145
74397,0,0.0148
74398,0,0.0262
74399,0,0.0105
74400,0,0.1526
74401,0,0.0136
74402,0,0.0244
74403,0,0.0151
74404,0,0.0112
74405,0,0.0357
74406,1,0.9395
74407,0,0.1022
74408,1,0.5945
74409,0,0.0488
74410,0,0.0127
74411,0,0.072
74412,0,0.0057
74413,0,0.0374
74414,0,0.0723
74415,0,0.0675
74416,0,0.0014
74417,1,0.9229
74418,1,0.9739
74419,0,0.0171
74420,1,0.9571
74421,0,0.005
74422,0,0.0088
74423,0,0.0431
74424,0,0.0133
74425,0,0.3618
74426,0,0.1921
74427,0,0.0086
74428,0,0.0646
74429,0,0.0239
74430,0,0.01
74431,0,0.2805
74432,0,0.0656
74433,0,0.0068
74434,0,0.2518
74435,0,0.0256
74436,0,0.1001
74437,0,0.0012
74438,0,0.044
74439,0,0.0096
74440,0,0.0089
74441,0,0.0625
74442,0,0.3164
74443,0,0.0202
74444,0,0.0231
74445,0,0.0067
74446,0,0.1157
74447,0,0.0056
74448,0,0.0268
74449,1,0.8983
74450,0,0.0055
74451,0,0.0273
74452,0,0.0385
74453,1,0.8687
74454,0,0.0194
74455,0,0.0064
74456,0,0.034
74457,1,0.8585
74458,0,0.0671
74459,0,0.0979
74460,0,0.0059
74461,0,0.2183
74462,0,0.0086
74463,0,0.0158
74464,0,0.0025
74465,0,0.0973
74466,1,0.8908
74467,0,0.005
74468,0,0.0382
74469,0,0.0285
74470,1,0.8006
74471,0,0.1373
74472,0,0.0054
74473,0,0.1996
74474,0,0.0275
74475,0,0.0451
74476,0,0.0319
74477,0,0.1207
74478,0,0.0269
74479,0,0.0158
74480,0,0.0063
74481,0,0.0398
74482,0,0.0021
74483,0,0.0287
74484,0,0.0175
74485,0,0.0682
74486,0,0.0676
74487,0,0.0351
74488,0,0.0453
74489,0,0.0133
74490,0,0.0048
74491,0,0.0784
74492,0,0.0249
74493,1,0.9603
74494,0,0.0092
74495,0,0.0111
74496,0,0.0057
74497,0,0.0351
74498,0,0.031
74499,0,0.0086
74500,0,0.029
74501,0,0.0774
74502,1,0.9664
74503,1,0.9594
74504,0,0.2391
74505,0,0.0208
74506,0,0.0675
74507,0,0.0208
74508,0,0.0311
74509,0,0.0728
74510,0,0.0127
74511,0,0.0243
74512,0,0.0457
74513,0,0.046
74514,0,0.0074
74515,1,0.8733
74516,0,0.0284
74517,0,0.0127
74518,1,0.8013
74519,0,0.4129
74520,0,0.0178
74521,0,0.0259
74522,0,0.1188
74523,0,0.0627
74524,0,0.0156
74525,0,0.0281
74526,0,0.0119
74527,0,0.1155
74528,0,0.0151
74529,0,0.0207
74530,0,0.1941
74531,0,0.0062
74532,0,0.0019
74533,1,0.8758
74534,0,0.1413
74535,0,0.0148
74536,0,0.0759
74537,0,0.1538
74538,0,0.1722
74539,0,0.0103
74540,0,0.0103
74541,0,0.0087
74542,0,0.0701
74543,0,0.2287
74544,0,0.0057
74545,0,0.0096
74546,0,0.0339
74547,0,0.144
74548,0,0.0421
74549,0,0.0022
74550,0,0.0618
74551,0,0.0394
74552,0,0.035
74553,1,0.7248
74554,0,0.0261
74555,0,0.004
74556,0,0.0132
74557,1,0.9467
74558,0,0.0842
74559,0,0.011
74560,0,0.0201
74561,0,0.0113
74562,1,0.9649
74563,0,0.0193
74564,0,0.0411
74565,0,0.0094
74566,0,0.026
74567,0,0.0146
74568,0,0.0103
74569,0,0.0342
74570,0,0.1231
74571,0,0.0197
74572,1,0.9361
74573,0,0.0872
74574,0,0.0198
74575,0,0.2203
74576,0,0.0071
74577,0,0.0846
74578,1,0.9683
74579,0,0.0661
74580,0,0.0306
74581,0,0.0268
74582,1,0.9677
74583,0,0.0183
74584,0,0.0134
74585,0,0.0184
74586,0,0.0242
74587,0,0.0221
74588,0,0.1978
74589,0,0.0209
74590,1,0.9804
74591,0,0.0181
74592,0,0.0284
74593,0,0.0396
74594,0,0.0076
74595,1,0.9755
74596,0,0.033
74597,0,0.0131
74598,0,0.0164
74599,0,0.044
74600,0,0.0289
74601,0,0.0159
74602,1,0.9794
74603,0,0.039
74604,0,0.0031
74605,0,0.0166
74606,0,0.0176
74607,0,0.0151
74608,0,0.0125
74609,0,0.0023
74610,0,0.0264
74611,1,0.949
74612,0,0.0105
74613,0,0.0693
74614,0,0.0122
74615,1,0.8836
74616,0,0.0154
74617,0,0.362
74618,0,0.0094
74619,0,0.0227
74620,0,0.0129
74621,0,0.041
74622,0,0.0301
74623,1,0.9419
74624,0,0.0137
74625,0,0.1276
74626,0,0.0229
74627,0,0.0116
74628,0,0.0341
74629,0,0.0043
74630,0,0.0517
74631,0,0.071
74632,0,0.0681
74633,0,0.0212
74634,0,0.06
74635,0,0.0296
74636,0,0.041
74637,0,0.0369
74638,0,0.0058
74639,0,0.0186
74640,1,0.9664
74641,0,0.0855
74642,0,0.0432
74643,0,0.0047
74644,0,0.0677
74645,0,0.0196
74646,0,0.3759
74647,0,0.0414
74648,0,0.0242
74649,1,0.9314
74650,0,0.008
74651,0,0.0108
74652,0,0.0516
74653,0,0.014
74654,0,0.0492
74655,0,0.0233
74656,0,0.0176
74657,0,0.0065
74658,0,0.0096
74659,0,0.1295
74660,0,0.0726
74661,0,0.0073
74662,0,0.3331
74663,0,0.0442
74664,0,0.0661
74665,0,0.0009
74666,0,0.0302
74667,0,0.0254
74668,0,0.0328
74669,0,0.0156
74670,0,0.0006
74671,0,0.0508
74672,0,0.0642
74673,0,0.0218
74674,0,0.1625
74675,0,0.0707
74676,0,0.03
74677,0,0.0833
74678,0,0.0776
74679,0,0.0245
74680,0,0.0319
74681,0,0.1224
74682,1,0.9206
74683,0,0.0064
74684,0,0.0731
74685,0,0.0015
74686,0,0.0019
74687,0,0.088
74688,1,0.8233
74689,0,0.009
74690,0,0.0309
74691,0,0.3236
74692,0,0.1255
74693,0,0.0345
74694,0,0.4532
74695,0,0.0095
74696,0,0.0133
74697,0,0.0325
74698,0,0.0407
74699,0,0.1139
74700,0,0.0015
74701,0,0.1332
74702,0,0.0338
74703,0,0.0066
74704,0,0.003
74705,0,0.004
74706,0,0.0277
74707,0,0.005
74708,1,0.9732
74709,0,0.003
74710,0,0.0837
74711,0,0.0097
74712,0,0.0548
74713,0,0.0202
74714,0,0.0081
74715,0,0.0044
74716,0,0.0312
74717,0,0.0241
74718,0,0.0635
74719,0,0.0856
74720,0,0.0366
74721,0,0.0025
74722,0,0.0256
74723,0,0.0229
74724,0,0.1386
74725,0,0.0661
74726,0,0.0169
74727,0,0.0616
74728,0,0.0176
74729,0,0.0227
74730,0,0.0482
74731,0,0.0597
74732,1,0.9077
74733,0,0.0068
74734,0,0.0012
74735,1,0.5518
74736,0,0.0052
74737,0,0.0021
74738,0,0.01
74739,0,0.2458
74740,0,0.0195
74741,1,0.8442
74742,0,0.002
74743,0,0.0072
74744,0,0.0168
74745,0,0.0621
74746,0,0.0401
74747,0,0.0057
74748,0,0.0716
74749,0,0.0174
74750,0,0.0099
74751,1,0.947
74752,0,0.0384
74753,0,0.0269
74754,0,0.0099
74755,0,0.0718
74756,0,0.0088
74757,0,0.0008
74758,0,0.0908
74759,0,0.0378
74760,0,0.0023
74761,0,0.0443
74762,0,0.0335
74763,0,0.0074
74764,0,0.0047
74765,0,0.0096
74766,0,0.253
74767,0,0.0245
74768,0,0.0434
74769,0,0.0127
74770,0,0.0189
74771,0,0.1932
74772,0,0.0087
74773,0,0.0396
74774,1,0.5047
74775,0,0.0704
74776,0,0.0269
74777,0,0.011
74778,0,0.0129
74779,0,0.0218
74780,0,0.0133
74781,0,0.0417
74782,0,0.0131
74783,1,0.9529
74784,0,0.0644
74785,0,0.0583
74786,1,0.9641
74787,0,0.0131
74788,0,0.0042
74789,0,0.0662
74790,0,0.0165
74791,0,0.009
74792,0,0.0112
74793,1,0.9591
74794,0,0.1365
74795,0,0.0932
74796,0,0.054
74797,1,0.9625
74798,0,0.0277
74799,0,0.0914
74800,0,0.0061
74801,0,0.0917
74802,0,0.0948
74803,0,0.0423
74804,0,0.457
74805,0,0.0134
74806,0,0.0243
74807,0,0.0322
74808,0,0.0251
74809,0,0.0628
74810,0,0.0232
74811,0,0.0709
74812,0,0.0053
74813,0,0.0081
74814,0,0.0364
74815,0,0.0874
74816,0,0.0078
74817,0,0.0059
74818,0,0.0546
74819,0,0.0107
74820,0,0.0559
74821,0,0.0508
74822,0,0.1211
74823,0,0.006
74824,0,0.0068
74825,0,0.0343
74826,0,0.0492
74827,0,0.0418
74828,0,0.1479
74829,0,0.008
74830,0,0.018
74831,0,0.01
74832,0,0.0276
74833,0,0.0143
74834,0,0.0078
74835,0,0.004
74836,1,0.7807
74837,1,0.9555
74838,0,0.1032
74839,0,0.0461
74840,0,0.0167
74841,0,0.0088
74842,0,0.0073
74843,0,0.0539
74844,0,0.0291
74845,0,0.0058
74846,0,0.0054
74847,0,0.0145
74848,0,0.0444
74849,0,0.0218
74850,0,0.0346
74851,0,0.0709
74852,0,0.1935
74853,0,0.0083
74854,0,0.0267
74855,0,0.009
74856,0,0.0015
74857,0,0.0112
74858,0,0.0124
74859,0,0.0218
74860,0,0.0374
74861,0,0.0209
74862,0,0.0347
74863,1,0.9634
74864,0,0.4079
74865,0,0.0271
74866,0,0.0351
74867,0,0.0336
74868,0,0.0725
74869,0,0.2148
74870,0,0.0163
74871,0,0.0012
74872,0,0.0193
74873,0,0.0009
74874,0,0.0099
74875,0,0.0229
74876,0,0.0123
74877,0,0.0708
74878,0,0.015
74879,0,0.0177
74880,0,0.0033
74881,1,0.8656
74882,0,0.0161
74883,0,0.0098
74884,0,0.0169
74885,0,0.0144
74886,0,0.0054
74887,0,0.0189
74888,0,0.0099
74889,0,0.021
74890,0,0.0718
74891,0,0.1184
74892,0,0.1112
74893,0,0.0463
74894,0,0.0469
74895,0,0.009
74896,0,0.0532
74897,0,0.011
74898,0,0.1367
74899,0,0.0412
74900,0,0.0775
74901,0,0.0293
74902,0,0.007
74903,0,0.0998
74904,0,0.0105
74905,0,0.0072
74906,0,0.0057
74907,0,0.0432
74908,0,0.0496
74909,1,0.9195
74910,0,0.0057
74911,0,0.0053
74912,0,0.2856
74913,0,0.0207
74914,1,0.9406
74915,0,0.0138
74916,0,0.0943
74917,0,0.0587
74918,0,0.0149
74919,0,0.0108
74920,1,0.9495
74921,0,0.4237
74922,0,0.1696
74923,0,0.0128
74924,0,0.0083
74925,0,0.0326
74926,1,0.991
74927,0,0.0528
74928,0,0.158
74929,0,0.0132
74930,0,0.0063
74931,1,0.6623
74932,0,0.0015
74933,0,0.0313
74934,0,0.0137
74935,1,0.9668
74936,1,0.9205
74937,0,0.164
74938,0,0.0031
74939,0,0.0206
74940,0,0.0161
74941,0,0.0749
74942,0,0.0054
74943,0,0.0616
74944,0,0.0463
74945,0,0.011
74946,0,0.0089
74947,0,0.0203
74948,0,0.0785
74949,0,0.023
74950,0,0.1151
74951,0,0.2088
74952,1,0.7184
74953,0,0.0109
74954,0,0.0091
74955,1,0.9937
74956,0,0.0874
74957,1,0.9707
74958,0,0.0107
74959,0,0.1945
74960,0,0.0056
74961,0,0.0176
74962,0,0.0157
74963,0,0.0181
74964,0,0.1419
74965,0,0.0168
74966,0,0.0034
74967,0,0.0089
74968,0,0.0457
74969,0,0.0207
74970,0,0.017
74971,0,0.0183
74972,0,0.0161
74973,0,0.0929
74974,0,0.0983
74975,0,0.0259
74976,0,0.042
74977,0,0.0052
74978,0,0.0088
74979,0,0.0519
74980,0,0.0321
74981,0,0.0155
74982,0,0.1511
74983,0,0.0067
74984,0,0.013
74985,0,0.1347
74986,0,0.004
74987,1,0.9488
74988,0,0.0114
74989,0,0.0352
74990,0,0.0316
74991,0,0.009
74992,0,0.0404
74993,1,0.9332
74994,0,0.0116
74995,0,0.0312
74996,0,0.0159
74997,0,0.0182
74998,1,0.9543
74999,0,0.0144
75000,0,0.0322
75001,0,0.0198
75002,0,0.1327
75003,0,0.014
75004,0,0.0218
75005,0,0.0391
75006,0,0.0255
75007,0,0.0106
75008,0,0.0158
75009,0,0.1486
75010,0,0.2417
75011,0,0.0666
75012,0,0.0152
75013,0,0.0263
75014,0,0.0072
75015,0,0.1483
75016,0,0.0087
75017,0,0.1993
75018,0,0.0011
75019,0,0.4266
75020,0,0.0081
75021,0,0.022
75022,0,0.0869
75023,0,0.008
75024,0,0.0377
75025,0,0.0126
75026,1,0.9435
75027,0,0.0129
75028,0,0.0224
75029,0,0.1155
75030,0,0.0017
75031,0,0.0109
75032,1,0.957
75033,0,0.2071
75034,0,0.0041
75035,0,0.0464
75036,0,0.1497
75037,0,0.1126
75038,0,0.015
75039,0,0.0042
75040,0,0.0063
75041,0,0.0258
75042,0,0.0787
75043,0,0.0409
75044,0,0.0011
75045,0,0.0779
75046,0,0.0025
75047,0,0.0116
75048,1,0.9482
75049,0,0.0016
75050,0,0.0117
75051,0,0.1087
75052,0,0.0134
75053,0,0.0624
75054,0,0.0301
75055,0,0.1857
75056,0,0.0055
75057,0,0.0069
75058,0,0.0052
75059,0,0.0092
75060,1,0.9225
75061,0,0.0175
75062,1,0.9354
75063,0,0.0088
75064,0,0.296
75065,0,0.0023
75066,0,0.0033
75067,0,0.0429
75068,0,0.0561
75069,0,0.0008
75070,0,0.0261
75071,0,0.0073
75072,0,0.1924
75073,1,0.9873
75074,0,0.159
75075,0,0.0906
75076,0,0.01
75077,1,0.9186
75078,0,0.0516
75079,0,0.0096
75080,0,0.0238
75081,0,0.0272
75082,0,0.0307
75083,0,0.0094
75084,0,0.0087
75085,0,0.0092
75086,0,0.0292
75087,0,0.1365
75088,0,0.1638
75089,1,0.9759
75090,0,0.0191
75091,0,0.1594
75092,0,0.0108
75093,0,0.046
75094,0,0.0125
75095,0,0.0069
75096,0,0.0077
75097,0,0.0881
75098,0,0.0073
75099,0,0.0274
75100,0,0.0232
75101,0,0.1062
75102,0,0.0054
75103,0,0.026
75104,0,0.0061
75105,0,0.1017
75106,0,0.1052
75107,0,0.0425
75108,0,0.0206
75109,0,0.0088
75110,0,0.033
75111,0,0.012
75112,0,0.0101
75113,0,0.0169
75114,0,0.0247
75115,0,0.021
75116,0,0.0686
75117,0,0.2398
75118,0,0.0335
75119,0,0.0055
75120,0,0.0182
75121,0,0.1444
75122,0,0.0328
75123,0,0.0062
75124,0,0.0086
75125,0,0.0646
75126,0,0.0106
75127,1,0.9568
75128,0,0.2004
75129,0,0.0094
75130,0,0.0078
75131,1,0.9636
75132,0,0.0245
75133,0,0.0377
75134,0,0.0257
75135,0,0.0445
75136,0,0.2333
75137,0,0.0251
75138,0,0.0325
75139,0,0.0372
75140,0,0.157
75141,0,0.044
75142,0,0.0239
75143,0,0.2863
75144,0,0.0124
75145,0,0.0191
75146,0,0.033
75147,0,0.0185
75148,0,0.0082
75149,0,0.0683
75150,0,0.0089
75151,0,0.0125
75152,0,0.009
75153,0,0.0207
75154,0,0.0303
75155,0,0.0321
75156,0,0.0081
75157,0,0.0192
75158,0,0.0155
75159,0,0.0779
75160,0,0.0507
75161,0,0.0022
75162,0,0.0091
75163,0,0.0063
75164,0,0.0138
75165,0,0.0011
75166,0,0.0317
75167,0,0.0068
75168,0,0.018
75169,0,0.0194
75170,0,0.0369
75171,0,0.1335
75172,0,0.0136
75173,0,0.0421
75174,0,0.043
75175,0,0.0229
75176,0,0.0371
75177,0,0.0048
75178,0,0.0193
75179,1,0.9187
75180,0,0.0049
75181,0,0.0013
75182,0,0.0015
75183,0,0.1463
75184,0,0.0321
75185,0,0.0255
75186,0,0.0251
75187,0,0.0626
75188,0,0.0147
75189,0,0.003
75190,0,0.0028
75191,1,0.8989
75192,0,0.0342
75193,0,0.0173
75194,0,0.0173
75195,1,0.9864
75196,0,0.1611
75197,0,0.0464
75198,0,0.1631
75199,0,0.0458
75200,0,0.0047
75201,0,0.0083
75202,0,0.0553
75203,0,0.0782
75204,0,0.0294
75205,0,0.0216
75206,0,0.0133
75207,0,0.006
75208,0,0.0136
75209,1,0.9355
75210,0,0.027
75211,0,0.1028
75212,0,0.1341
75213,0,0.008
75214,0,0.0578
75215,0,0.0349
75216,0,0.0375
75217,0,0.0127
75218,0,0.0175
75219,0,0.0197
75220,0,0.0097
75221,1,0.8703
75222,0,0.0118
75223,0,0.0417
75224,0,0.0179
75225,0,0.0148
75226,0,0.0146
75227,0,0.0576
75228,0,0.0051
75229,0,0.0094
75230,0,0.0245
75231,1,0.9803
75232,0,0.007
75233,0,0.0328
75234,1,0.9738
75235,0,0.0174
75236,0,0.0269
75237,0,0.0217
75238,0,0.0274
75239,0,0.014
75240,0,0.0556
75241,0,0.0463
75242,0,0.0221
75243,0,0.037
75244,0,0.0869
75245,0,0.0537
75246,0,0.0215
75247,0,0.0213
75248,0,0.0503
75249,0,0.1262
75250,0,0.0064
75251,1,0.9521
75252,0,0.0289
75253,0,0.0054
75254,0,0.379
75255,0,0.1001
75256,0,0.0065
75257,0,0.0085
75258,0,0.0078
75259,0,0.0167
75260,0,0.0016
75261,0,0.0181
75262,0,0.0191
75263,0,0.0467
75264,0,0.0028
75265,0,0.0106
75266,0,0.0192
75267,0,0.0572
75268,0,0.0122
75269,0,0.2238
75270,0,0.0125
75271,0,0.4482
75272,0,0.0154
75273,0,0.2249
75274,1,0.8774
75275,0,0.0316
75276,0,0.0166
75277,0,0.0273
75278,0,0.005
75279,0,0.0922
75280,0,0.0386
75281,0,0.0537
75282,0,0.0327
75283,0,0.0211
75284,0,0.0222
75285,1,0.9626
75286,1,0.9175
75287,1,0.9854
75288,0,0.0054
75289,0,0.011
75290,0,0.0297
75291,0,0.0026
75292,0,0.0171
75293,0,0.0143
75294,0,0.0029
75295,0,0.0148
75296,0,0.0013
75297,0,0.0087
75298,0,0.006
75299,0,0.0082
75300,0,0.0151
75301,0,0.004
75302,0,0.0241
75303,1,0.8458
75304,0,0.3842
75305,0,0.0183
75306,0,0.0315
75307,0,0.4143
75308,1,0.9689
75309,0,0.0078
75310,0,0.0394
75311,0,0.0118
75312,0,0.0063
75313,0,0.0773
75314,0,0.0164
75315,0,0.0177
75316,0,0.0874
75317,0,0.0225
75318,0,0.0095
75319,1,0.9729
75320,0,0.0991
75321,0,0.0186
75322,0,0.221
75323,0,0.0089
75324,0,0.0093
75325,0,0.0656
75326,0,0.2363
75327,0,0.0193
75328,0,0.0127
75329,0,0.3612
75330,0,0.0168
75331,0,0.0781
75332,0,0.0589
75333,0,0.0496
75334,0,0.0335
75335,0,0.0594
75336,0,0.0046
75337,0,0.0139
75338,0,0.0113
75339,0,0.1608
75340,0,0.0084
75341,0,0.0072
75342,0,0.0332
75343,0,0.0357
75344,0,0.0057
75345,0,0.0057
75346,0,0.0087
75347,0,0.0723
75348,0,0.0235
75349,0,0.0052
75350,0,0.0052
75351,0,0.1059
75352,0,0.0395
75353,0,0.0375
75354,0,0.0123
75355,0,0.0454
75356,0,0.0244
75357,0,0.0396
75358,1,0.9774
75359,0,0.004
75360,0,0.008
75361,0,0.0034
75362,0,0.1171
75363,0,0.0132
75364,0,0.0109
75365,0,0.0106
75366,0,0.0036
75367,0,0.049
75368,0,0.0145
75369,0,0.0068
75370,0,0.0047
75371,0,0.0564
75372,1,0.9684
75373,0,0.2799
75374,0,0.0071
75375,0,0.0431
75376,0,0.0104
75377,0,0.0014
75378,0,0.0184
75379,0,0.2377
75380,0,0.0895
75381,0,0.0126
75382,1,0.9601
75383,0,0.018
75384,1,0.9796
75385,1,0.9908
75386,0,0.0008
75387,0,0.0139
75388,0,0.0308
75389,0,0.0051
75390,0,0.0525
75391,0,0.001
75392,0,0.0169
75393,0,0.0061
75394,0,0.0376
75395,0,0.0414
75396,0,0.0028
75397,0,0.0137
75398,0,0.0009
75399,0,0.0368
75400,0,0.0153
75401,0,0.0511
75402,0,0.1257
75403,0,0.0196
75404,0,0.0567
75405,0,0.307
75406,0,0.0538
75407,0,0.0883
75408,0,0.036
75409,0,0.1403
75410,0,0.0534
75411,0,0.1539
75412,0,0.0026
75413,0,0.0092
75414,0,0.022
75415,0,0.0097
75416,0,0.05
75417,0,0.0076
75418,0,0.0034
75419,0,0.0465
75420,0,0.0126
75421,0,0.0072
75422,0,0.0806
75423,0,0.002
75424,0,0.0804
75425,0,0.022
75426,0,0.0111
75427,1,0.9828
75428,1,0.7432
75429,0,0.0087
75430,0,0.0129
75431,0,0.1099
75432,0,0.0219
75433,0,0.055
75434,0,0.2696
75435,0,0.0863
75436,0,0.0208
75437,0,0.0212
75438,0,0.013
75439,0,0.0056
75440,0,0.0063
75441,0,0.0113
75442,0,0.0181
75443,0,0.0038
75444,0,0.0124
75445,0,0.042
75446,0,0.0159
75447,1,0.7772
75448,0,0.0081
75449,0,0.0047
75450,0,0.0537
75451,0,0.0533
75452,0,0.0689
75453,0,0.0082
75454,0,0.0063
75455,0,0.0442
75456,0,0.0036
75457,0,0.1737
75458,0,0.0159
75459,0,0.0894
75460,0,0.0143
75461,0,0.0341
75462,1,0.9761
75463,0,0.0086
75464,1,0.9904
75465,0,0.1022
75466,0,0.012
75467,0,0.0218
75468,1,0.6833
75469,0,0.009
75470,0,0.0044
75471,0,0.1757
75472,0,0.0151
75473,0,0.0016
75474,0,0.0065
75475,0,0.0351
75476,0,0.0852
75477,0,0.0057
75478,0,0.0053
75479,0,0.0574
75480,0,0.014
75481,0,0.0176
75482,0,0.2745
75483,1,0.9639
75484,0,0.0041
75485,0,0.0948
75486,0,0.0487
75487,0,0.1571
75488,0,0.0727
75489,0,0.0233
75490,0,0.0082
75491,0,0.0234
75492,0,0.1471
75493,0,0.0369
75494,0,0.1388
75495,0,0.0308
75496,0,0.0388
75497,0,0.0573
75498,0,0.3377
75499,0,0.0112
75500,0,0.0279
75501,0,0.0178
75502,1,0.9201
75503,1,0.9289
75504,0,0.0077
75505,0,0.1812
75506,0,0.0701
75507,0,0.0437
75508,0,0.0123
75509,1,0.5183
75510,1,0.9105
75511,0,0.0589
75512,0,0.0348
75513,0,0.0231
75514,0,0.0378
75515,0,0.0065
75516,0,0.1773
75517,0,0.0318
75518,0,0.0037
75519,0,0.0527
75520,0,0.0055
75521,1,0.9182
75522,0,0.0135
75523,0,0.0828
75524,0,0.04
75525,0,0.0354
75526,0,0.0449
75527,0,0.0056
75528,1,0.9891
75529,0,0.167
75530,0,0.0173
75531,0,0.0013
75532,0,0.0272
75533,0,0.0339
75534,0,0.0343
75535,1,0.6756
75536,0,0.0529
75537,0,0.0251
75538,0,0.2362
75539,0,0.0034
75540,1,0.5817
75541,1,0.9872
75542,0,0.0878
75543,0,0.0247
75544,0,0.0164
75545,0,0.0701
75546,0,0.0056
75547,0,0.0239
75548,1,0.9927
75549,0,0.0443
75550,0,0.0125
75551,0,0.0527
75552,0,0.0164
75553,0,0.0264
75554,0,0.0647
75555,0,0.0487
75556,1,0.9694
75557,0,0.0976
75558,0,0.0032
75559,1,0.9236
75560,0,0.1752
75561,0,0.0024
75562,0,0.037
75563,0,0.0052
75564,0,0.0099
75565,0,0.0592
75566,0,0.0106
75567,0,0.0694
75568,0,0.0451
75569,0,0.1292
75570,0,0.0128
75571,0,0.0218
75572,0,0.1612
75573,0,0.0084
75574,0,0.0463
75575,0,0.0143
75576,0,0.0856
75577,0,0.0196
75578,0,0.0145
75579,0,0.0735
75580,0,0.1363
75581,0,0.0468
75582,0,0.0038
75583,0,0.0073
75584,0,0.0684
75585,0,0.0386
75586,0,0.0608
75587,0,0.003
75588,0,0.0208
75589,0,0.0484
75590,0,0.0394
75591,0,0.0052
75592,0,0.0162
75593,0,0.0904
75594,0,0.013
75595,0,0.0299
75596,0,0.0032
75597,0,0.0556
75598,0,0.0639
75599,0,0.0055
75600,0,0.0428
75601,0,0.0208
75602,0,0.1398
75603,0,0.0194
75604,0,0.03
75605,0,0.1471
75606,0,0.024
75607,0,0.0453
75608,0,0.0138
75609,0,0.0166
75610,0,0.0118
75611,0,0.016
75612,0,0.0373
75613,0,0.009
75614,0,0.0256
75615,0,0.4553
75616,0,0.1111
75617,0,0.28
75618,0,0.0121
75619,0,0.0103
75620,0,0.0316
75621,0,0.0611
75622,0,0.0017
75623,0,0.0046
75624,0,0.0326
75625,0,0.005
75626,1,0.9435
75627,0,0.0058
75628,1,0.9347
75629,0,0.0106
75630,0,0.0262
75631,0,0.0511
75632,0,0.0109
75633,0,0.3836
75634,0,0.0489
75635,0,0.0226
75636,1,0.8895
75637,0,0.0299
75638,0,0.0182
75639,0,0.0627
75640,0,0.0765
75641,0,0.0764
75642,0,0.0673
75643,0,0.012
75644,0,0.0075
75645,0,0.0016
75646,0,0.0374
75647,1,0.9293
75648,0,0.0135
75649,0,0.0047
75650,0,0.1362
75651,0,0.0082
75652,0,0.008
75653,0,0.0116
75654,0,0.0256
75655,1,0.9644
75656,0,0.0044
75657,0,0.1002
75658,0,0.3145
75659,0,0.0619
75660,0,0.0151
75661,0,0.0056
75662,1,0.8383
75663,0,0.0136
75664,1,0.954
75665,0,0.0036
75666,0,0.2136
75667,1,0.5231
75668,1,0.9366
75669,0,0.0115
75670,0,0.1879
75671,0,0.0012
75672,0,0.02
75673,0,0.0018
75674,0,0.0059
75675,0,0.016
75676,0,0.022
75677,0,0.0158
75678,0,0.0273
75679,1,0.8841
75680,0,0.0089
75681,0,0.0198
75682,0,0.0786
75683,0,0.0095
75684,0,0.1489
75685,0,0.0379
75686,0,0.042
75687,0,0.0164
75688,0,0.0171
75689,0,0.0168
75690,0,0.0104
75691,0,0.0867
75692,0,0.0421
75693,0,0.0519
75694,0,0.0028
75695,0,0.1035
75696,0,0.0162
75697,0,0.008
75698,0,0.0397
75699,0,0.0027
75700,0,0.015
75701,1,0.7353
75702,0,0.0045
75703,0,0.0419
75704,0,0.0214
75705,0,0.007
75706,0,0.0072
75707,0,0.0959
75708,0,0.036
75709,0,0.034
75710,0,0.0073
75711,0,0.0501
75712,0,0.0337
75713,1,0.8772
75714,1,0.943
75715,0,0.0276
75716,0,0.0124
75717,0,0.0213
75718,0,0.0151
75719,0,0.005
75720,0,0.0053
75721,0,0.035
75722,0,0.0031
75723,0,0.0299
75724,0,0.006
75725,0,0.1045
75726,0,0.2232
75727,0,0.0161
75728,1,0.5069
75729,0,0.0114
75730,0,0.1555
75731,0,0.026
75732,0,0.1219
75733,0,0.0301
75734,0,0.0951
75735,0,0.0163
75736,0,0.0144
75737,0,0.0143
75738,0,0.0312
75739,0,0.0136
75740,0,0.0251
75741,0,0.024
75742,0,0.0478
75743,0,0.0074
75744,0,0.026
75745,0,0.0816
75746,0,0.0181
75747,0,0.0079
75748,1,0.9834
75749,0,0.0345
75750,0,0.0289
75751,0,0.0105
75752,0,0.0171
75753,0,0.0307
75754,0,0.0449
75755,0,0.0037
75756,0,0.0245
75757,1,0.5945
75758,0,0.0343
75759,0,0.076
75760,0,0.0592
75761,0,0.0096
75762,0,0.0116
75763,0,0.0252
75764,0,0.0497
75765,0,0.0129
75766,1,0.9854
75767,0,0.0247
75768,0,0.0058
75769,1,0.9817
75770,0,0.0178
75771,0,0.0123
75772,0,0.0382
75773,0,0.0285
75774,0,0.0221
75775,0,0.0126
75776,0,0.0208
75777,0,0.0607
75778,1,0.5654
75779,0,0.0138
75780,0,0.0073
75781,0,0.0204
75782,0,0.0328
75783,0,0.025
75784,0,0.0203
75785,0,0.0172
75786,0,0.072
75787,0,0.026
75788,0,0.1646
75789,0,0.0029
75790,0,0.0047
75791,0,0.0582
75792,0,0.0664
75793,0,0.0256
75794,0,0.0135
75795,0,0.0214
75796,0,0.0434
75797,0,0.0188
75798,1,0.9877
75799,0,0.019
75800,0,0.002
75801,0,0.0101
75802,0,0.0491
75803,0,0.0491
75804,0,0.0212
75805,0,0.0214
75806,0,0.0145
75807,0,0.0338
75808,0,0.071
75809,0,0.0007
75810,0,0.0462
75811,1,0.9672
75812,0,0.0065
75813,0,0.0354
75814,0,0.0167
75815,1,0.9394
75816,0,0.3326
75817,0,0.0613
75818,0,0.0213
75819,1,0.9561
75820,0,0.0464
75821,0,0.0054
75822,0,0.0952
75823,0,0.0469
75824,0,0.0499
75825,1,0.8002
75826,0,0.0413
75827,1,0.9324
75828,0,0.0147
75829,0,0.0032
75830,0,0.0266
75831,0,0.0584
75832,0,0.0102
75833,0,0.0065
75834,0,0.0664
75835,0,0.0323
75836,0,0.046
75837,0,0.0242
75838,0,0.0021
75839,0,0.0303
75840,0,0.0343
75841,0,0.0173
75842,0,0.0185
75843,0,0.0085
75844,0,0.0179
75845,0,0.0144
75846,0,0.0689
75847,0,0.0121
75848,0,0.0452
75849,0,0.0141
75850,0,0.0474
75851,0,0.0227
75852,1,0.9035
75853,0,0.0708
75854,0,0.0088
75855,0,0.049
75856,0,0.0746
75857,1,0.9966
75858,0,0.0719
75859,1,0.8022
75860,0,0.0142
75861,1,0.9182
75862,0,0.0093
75863,0,0.0289
75864,1,0.982
75865,0,0.0082
75866,0,0.025
75867,0,0.0056
75868,1,0.9885
75869,0,0.0141
75870,0,0.0107
75871,0,0.0084
75872,0,0.0632
75873,0,0.009
75874,1,0.9666
75875,0,0.0293
75876,0,0.0219
75877,0,0.0809
75878,1,0.9885
75879,0,0.0069
75880,0,0.0009
75881,0,0.013
75882,0,0.1463
75883,0,0.0276
75884,0,0.0136
75885,0,0.0069
75886,0,0.0301
75887,1,0.8329
75888,0,0.0624
75889,0,0.0859
75890,1,0.9551
75891,0,0.0511
75892,0,0.0589
75893,0,0.2803
75894,0,0.0013
75895,0,0.0688
75896,0,0.0787
75897,0,0.0124
75898,0,0.0081
75899,0,0.0913
75900,0,0.0123
75901,0,0.081
75902,0,0.0069
75903,0,0.0113
75904,0,0.0089
75905,0,0.0746
75906,0,0.0073
75907,0,0.07
75908,0,0.1626
75909,0,0.006
75910,0,0.0143
75911,0,0.0071
75912,0,0.0285
75913,0,0.016
75914,0,0.0052
75915,0,0.0156
75916,0,0.0123
75917,0,0.1992
75918,0,0.0299
75919,0,0.073
75920,0,0.0375
75921,1,0.9861
75922,1,0.9635
75923,0,0.0069
75924,0,0.0323
75925,0,0.1068
75926,0,0.0231
75927,0,0.0455
75928,0,0.0917
75929,0,0.3016
75930,1,0.989
75931,0,0.014
75932,0,0.0071
75933,0,0.0153
75934,0,0.0428
75935,0,0.0274
75936,1,0.9907
75937,0,0.0128
75938,1,0.9351
75939,0,0.1467
75940,0,0.0263
75941,0,0.0197
75942,0,0.04
75943,0,0.0125
75944,0,0.0059
75945,0,0.0578
75946,0,0.0079
75947,0,0.003
75948,0,0.0138
75949,0,0.0173
75950,0,0.0608
75951,0,0.0271
75952,0,0.0019
75953,0,0.0397
75954,0,0.0187
75955,0,0.0546
75956,0,0.0679
75957,0,0.0086
75958,0,0.2366
75959,0,0.0183
75960,0,0.0378
75961,0,0.3512
75962,0,0.0556
75963,0,0.0766
75964,0,0.1102
75965,0,0.048
75966,0,0.019
75967,0,0.0422
75968,0,0.0225
75969,1,0.7997
75970,0,0.0737
75971,0,0.0275
75972,0,0.0069
75973,0,0.2326
75974,0,0.0209
75975,0,0.0622
75976,0,0.0062
75977,1,0.9534
75978,0,0.0383
75979,0,0.0794
75980,1,0.9557
75981,0,0.0177
75982,0,0.0024
75983,0,0.0223
75984,0,0.0314
75985,0,0.1559
75986,1,0.8175
75987,1,0.872
75988,0,0.0218
75989,0,0.0273
75990,0,0.0332
75991,0,0.0253
75992,0,0.0066
75993,0,0.0351
75994,0,0.0208
75995,0,0.0177
75996,0,0.0094
75997,0,0.0136
75998,1,0.9627
75999,0,0.0512
76000,0,0.0659
76001,0,0.0152
76002,0,0.004
76003,0,0.1319
76004,1,0.9976
76005,0,0.1388
76006,0,0.0354
76007,0,0.0025
76008,0,0.0143
76009,0,0.0647
76010,0,0.0126
76011,0,0.0543
76012,0,0.1826
76013,0,0.0073
76014,0,0.0088
76015,0,0.0398
76016,0,0.0271
76017,0,0.104
76018,0,0.0021
76019,0,0.0123
76020,0,0.0013
76021,0,0.0091
76022,0,0.0568
76023,0,0.1312
76024,0,0.089
76025,0,0.0327
76026,0,0.0166
76027,0,0.0266
76028,0,0.0383
76029,1,0.9801
76030,1,0.9255
76031,0,0.0041
76032,0,0.0118
76033,0,0.005
76034,0,0.0062
76035,0,0.0143
76036,0,0.0618
76037,1,0.9502
76038,0,0.1266
76039,0,0.0149
76040,0,0.0449
76041,0,0.048
76042,1,0.9222
76043,0,0.0132
76044,0,0.0394
76045,0,0.0286
76046,0,0.0133
76047,0,0.0274
76048,0,0.0408
76049,0,0.0009
76050,1,0.9691
76051,0,0.0035
76052,0,0.0952
76053,0,0.0485
76054,1,0.986
76055,1,0.9523
76056,0,0.0247
76057,0,0.0064
76058,1,0.9166
76059,1,0.9348
76060,0,0.017
76061,0,0.0292
76062,0,0.0098
76063,0,0.0075
76064,0,0.0058
76065,0,0.0125
76066,0,0.0234
76067,1,0.9879
76068,0,0.0066
76069,1,0.9812
76070,0,0.0691
76071,0,0.0235
76072,0,0.009
76073,0,0.1488
76074,0,0.0125
76075,1,0.9449
76076,0,0.0102
76077,0,0.0496
76078,0,0.0041
76079,0,0.0186
76080,0,0.0064
76081,0,0.0406
76082,0,0.0078
76083,0,0.0652
76084,1,0.6865
76085,0,0.0211
76086,0,0.0062
76087,0,0.1011
76088,0,0.1426
76089,0,0.0562
76090,0,0.0411
76091,0,0.0087
76092,0,0.1663
76093,0,0.0173
76094,1,0.8918
76095,0,0.0061
76096,0,0.0197
76097,0,0.0195
76098,0,0.0135
76099,0,0.0369
76100,0,0.0293
76101,0,0.0524
76102,0,0.0119
76103,0,0.0464
76104,0,0.0063
76105,0,0.1404
76106,0,0.1378
76107,0,0.0145
76108,0,0.0015
76109,0,0.0471
76110,0,0.0553
76111,0,0.0815
76112,0,0.068
76113,0,0.0156
76114,0,0.0232
76115,0,0.0055
76116,0,0.1168
76117,0,0.0206
76118,0,0.0213
76119,0,0.024
76120,0,0.0014
76121,0,0.014
76122,1,0.9775
76123,0,0.0103
76124,0,0.0095
76125,0,0.0046
76126,0,0.0245
76127,0,0.0085
76128,0,0.0068
76129,0,0.0154
76130,0,0.0169
76131,0,0.0257
76132,0,0.0062
76133,0,0.0594
76134,0,0.043
76135,0,0.0176
76136,0,0.0558
76137,0,0.0041
76138,0,0.024
76139,1,0.9425
76140,0,0.0066
76141,1,0.9705
76142,0,0.0608
76143,1,0.9119
76144,0,0.007
76145,0,0.0279
76146,0,0.169
76147,0,0.0094
76148,1,0.8969
76149,0,0.0224
76150,0,0.0103
76151,0,0.0051
76152,0,0.0758
76153,0,0.0059
76154,0,0.0062
76155,0,0.0239
76156,0,0.0092
76157,0,0.0195
76158,0,0.4898
76159,0,0.0327
76160,0,0.0269
76161,1,0.9164
76162,0,0.0223
76163,0,0.143
76164,0,0.2666
76165,0,0.0083
76166,0,0.0046
76167,0,0.0322
76168,0,0.0029
76169,0,0.0232
76170,0,0.0606
76171,0,0.0644
76172,0,0.0151
76173,0,0.0235
76174,1,0.983
76175,0,0.0135
76176,0,0.0131
76177,0,0.0342
76178,1,0.9473
76179,1,0.9774
76180,0,0.3797
76181,0,0.0624
76182,0,0.0018
76183,0,0.0856
76184,0,0.021
76185,0,0.0013
76186,0,0.0192
76187,0,0.0185
76188,0,0.0145
76189,0,0.0126
76190,0,0.0309
76191,0,0.0268
76192,0,0.0102
76193,0,0.2251
76194,0,0.0102
76195,0,0.0012
76196,0,0.2907
76197,0,0.0145
76198,0,0.2322
76199,0,0.034
76200,0,0.0446
76201,0,0.0074
76202,0,0.0308
76203,0,0.005
76204,0,0.0784
76205,0,0.0332
76206,0,0.0566
76207,0,0.0316
76208,1,0.9561
76209,0,0.2058
76210,0,0.0273
76211,0,0.0588
76212,0,0.0086
76213,1,0.9716
76214,0,0.0086
76215,0,0.0518
76216,0,0.031
76217,0,0.3811
76218,0,0.0753
76219,0,0.0166
76220,0,0.15
76221,0,0.0423
76222,0,0.0775
76223,0,0.0139
76224,1,0.8313
76225,0,0.0184
76226,0,0.3276
76227,0,0.0145
76228,0,0.0488
76229,0,0.0116
76230,0,0.3176
76231,0,0.0946
76232,0,0.1108
76233,0,0.0051
76234,0,0.0154
76235,0,0.0312
76236,0,0.0992
76237,0,0.0183
76238,0,0.0113
76239,0,0.0281
76240,0,0.0313
76241,0,0.0133
76242,0,0.02
76243,0,0.0102
76244,0,0.0024
76245,0,0.0105
76246,0,0.0912
76247,0,0.0263
76248,0,0.0063
76249,0,0.0331
76250,0,0.0408
76251,0,0.0138
76252,0,0.0316
76253,1,0.9638
76254,0,0.0147
76255,0,0.0325
76256,0,0.0915
76257,0,0.075
76258,0,0.0147
76259,0,0.0062
76260,0,0.2487
76261,0,0.0088
76262,0,0.0112
76263,0,0.0346
76264,0,0.0019
76265,0,0.0198
76266,0,0.4368
76267,0,0.0685
76268,0,0.0425
76269,0,0.1657
76270,0,0.0162
76271,0,0.0266
76272,0,0.0204
76273,0,0.1443
76274,0,0.0995
76275,1,0.9483
76276,0,0.0844
76277,0,0.0119
76278,0,0.0542
76279,0,0.0009
76280,0,0.0672
76281,0,0.0143
76282,0,0.0222
76283,1,0.9653
76284,0,0.0239
76285,0,0.1245
76286,0,0.0157
76287,0,0.0142
76288,0,0.144
76289,0,0.0315
76290,0,0.0104
76291,0,0.0294
76292,0,0.0082
76293,0,0.0097
76294,0,0.0141
76295,0,0.0104
76296,0,0.0158
76297,0,0.0465
76298,0,0.1241
76299,0,0.0242
76300,0,0.0148
76301,0,0.0109
76302,1,0.9656
76303,1,0.971
76304,0,0.0261
76305,0,0.0875
76306,0,0.1896
76307,0,0.0683
76308,0,0.0104
76309,0,0.024
76310,0,0.0216
76311,0,0.0086
76312,0,0.0169
76313,1,0.9597
76314,0,0.0088
76315,0,0.11
76316,0,0.0089
76317,0,0.0079
76318,0,0.0042
76319,0,0.0261
76320,0,0.0228
76321,0,0.0111
76322,0,0.0313
76323,0,0.0229
76324,1,0.7541
76325,0,0.0495
76326,0,0.0712
76327,0,0.0105
76328,1,0.5178
76329,0,0.1998
76330,0,0.0019
76331,0,0.147
76332,0,0.0307
76333,0,0.0267
76334,0,0.0025
76335,0,0.0522
76336,0,0.0211
76337,0,0.0081
76338,0,0.0427
76339,0,0.0068
76340,0,0.0341
76341,0,0.0104
76342,0,0.1025
76343,0,0.015
76344,0,0.0029
76345,0,0.0043
76346,1,0.9288
76347,0,0.0985
76348,0,0.0261
76349,0,0.0081
76350,0,0.1175
76351,0,0.0016
76352,1,0.9238
76353,0,0.0237
76354,0,0.0195
76355,0,0.0642
76356,1,0.8876
76357,0,0.0243
76358,0,0.0228
76359,0,0.0045
76360,0,0.1649
76361,0,0.0089
76362,0,0.0252
76363,0,0.1379
76364,0,0.0467
76365,0,0.0504
76366,0,0.0069
76367,0,0.0757
76368,0,0.0764
76369,1,0.9605
76370,0,0.0437
76371,0,0.0844
76372,0,0.011
76373,0,0.1361
76374,0,0.0195
76375,0,0.009
76376,0,0.0355
76377,0,0.1281
76378,0,0.0085
76379,1,0.9501
76380,0,0.0109
76381,0,0.2715
76382,0,0.0021
76383,0,0.0177
76384,0,0.0053
76385,0,0.2427
76386,0,0.0072
76387,0,0.0335
76388,0,0.0105
76389,0,0.0977
76390,0,0.0028
76391,0,0.0699
76392,0,0.0284
76393,0,0.0291
76394,0,0.0082
76395,0,0.0114
76396,0,0.021
76397,1,0.9815
76398,0,0.0145
76399,0,0.015
76400,0,0.0694
76401,0,0.0298
76402,0,0.0042
76403,0,0.0126
76404,1,0.5322
76405,0,0.006
76406,1,0.8784
76407,0,0.0025
76408,0,0.0297
76409,0,0.001
76410,0,0.037
76411,0,0.0381
76412,1,0.9773
76413,0,0.0057
76414,0,0.0459
76415,0,0.0095
76416,0,0.0208
76417,0,0.0059
76418,0,0.0081
76419,1,0.6871
76420,1,0.9492
76421,0,0.0219
76422,0,0.0156
76423,0,0.0127
76424,0,0.0446
76425,0,0.1261
76426,0,0.0125
76427,0,0.0223
76428,0,0.0371
76429,1,0.7838
76430,0,0.0056
76431,0,0.0749
76432,0,0.0338
76433,0,0.0145
76434,1,0.9022
76435,0,0.0601
76436,0,0.0696
76437,0,0.0328
76438,0,0.0106
76439,0,0.0399
76440,0,0.0308
76441,0,0.0152
76442,0,0.0314
76443,0,0.0316
76444,1,0.9489
76445,0,0.0035
76446,0,0.0052
76447,0,0.0069
76448,1,0.9532
76449,0,0.001
76450,0,0.4068
76451,0,0.0083
76452,0,0.0025
76453,1,0.8019
76454,0,0.0071
76455,0,0.0134
76456,0,0.0764
76457,0,0.0524
76458,0,0.0239
76459,0,0.0293
76460,0,0.0066
76461,0,0.19
76462,1,0.9859
76463,1,0.9905
76464,0,0.157
76465,0,0.0243
76466,0,0.0236
76467,0,0.0037
76468,0,0.2861
76469,1,0.9532
76470,0,0.0423
76471,0,0.0205
76472,0,0.0094
76473,0,0.0138
76474,0,0.0507
76475,1,0.9844
76476,0,0.0033
76477,0,0.0558
76478,1,0.9747
76479,0,0.1019
76480,0,0.0016
76481,0,0.0705
76482,1,0.9498
76483,0,0.0835
76484,0,0.0508
76485,0,0.0039
76486,0,0.0086
76487,0,0.0606
76488,0,0.0598
76489,0,0.0058
76490,0,0.0912
76491,0,0.2854
76492,0,0.0881
76493,0,0.0055
76494,0,0.3204
76495,0,0.0646
76496,0,0.0076
76497,0,0.0108
76498,0,0.0212
76499,0,0.004
76500,0,0.0107
76501,0,0.0305
76502,0,0.1051
76503,1,0.9534
76504,0,0.0078
76505,0,0.0147
76506,1,0.5099
76507,0,0.096
76508,0,0.008
76509,0,0.0191
76510,0,0.1414
76511,0,0.0088
76512,1,0.9594
76513,1,0.9478
76514,1,0.9602
76515,0,0.0256
76516,1,0.9397
76517,0,0.0094
76518,0,0.0032
76519,0,0.014
76520,0,0.0016
76521,0,0.0476
76522,0,0.0534
76523,0,0.0412
76524,0,0.0266
76525,0,0.0673
76526,0,0.0306
76527,0,0.0163
76528,0,0.1285
76529,0,0.0051
76530,0,0.0616
76531,1,0.9586
76532,0,0.072
76533,0,0.0326
76534,0,0.0164
76535,0,0.0827
76536,0,0.0726
76537,0,0.0056
76538,0,0.0185
76539,0,0.0979
76540,1,0.9186
76541,0,0.0626
76542,0,0.1104
76543,0,0.0051
76544,0,0.0109
76545,0,0.0743
76546,0,0.0446
76547,0,0.0266
76548,0,0.0046
76549,0,0.0028
76550,0,0.0115
76551,0,0.0533
76552,0,0.0443
76553,0,0.0035
76554,1,0.9806
76555,0,0.1282
76556,0,0.0319
76557,0,0.1022
76558,0,0.0149
76559,0,0.0191
76560,0,0.0108
76561,0,0.2374
76562,0,0.0482
76563,0,0.0617
76564,0,0.0022
76565,0,0.0754
76566,0,0.0173
76567,0,0.139
76568,0,0.0097
76569,1,0.9755
76570,0,0.034
76571,0,0.0017
76572,0,0.0042
76573,1,0.8332
76574,0,0.0289
76575,0,0.0163
76576,0,0.0014
76577,0,0.0106
76578,0,0.0599
76579,0,0.0145
76580,0,0.0089
76581,0,0.0123
76582,0,0.0009
76583,0,0.0132
76584,0,0.0256
76585,1,0.7277
76586,0,0.0261
76587,0,0.0085
76588,0,0.0273
76589,0,0.022
76590,1,0.973
76591,0,0.2875
76592,0,0.0169
76593,0,0.0126
76594,0,0.0092
76595,0,0.0179
76596,0,0.0128
76597,0,0.0669
76598,1,0.8602
76599,0,0.1334
76600,1,0.9453
76601,0,0.0188
76602,0,0.0325
76603,0,0.0331
76604,0,0.203
76605,0,0.0346
76606,0,0.0219
76607,0,0.0394
76608,1,0.9821
76609,0,0.0268
76610,0,0.0339
76611,0,0.0208
76612,1,0.7761
76613,0,0.034
76614,0,0.008
76615,0,0.0351
76616,0,0.0079
76617,0,0.0111
76618,0,0.0145
76619,0,0.0081
76620,0,0.059
76621,0,0.1401
76622,0,0.0093
76623,1,0.9349
76624,0,0.0183
76625,0,0.1304
76626,0,0.0132
76627,0,0.0196
76628,0,0.0047
76629,1,0.9558
76630,0,0.195
76631,0,0.008
76632,0,0.0082
76633,0,0.0581
76634,0,0.0058
76635,0,0.0051
76636,0,0.0397
76637,0,0.0092
76638,0,0.0217
76639,0,0.0485
76640,0,0.1508
76641,0,0.0211
76642,0,0.002
76643,1,0.7185
76644,0,0.0174
76645,0,0.01
76646,0,0.1262
76647,0,0.0087
76648,0,0.0073
76649,0,0.0395
76650,0,0.0382
76651,0,0.0166
76652,0,0.0143
76653,1,0.9252
76654,1,0.9786
76655,0,0.1303
76656,0,0.2895
76657,0,0.1548
76658,0,0.0055
76659,0,0.0263
76660,0,0.0085
76661,0,0.0798
76662,0,0.0166
76663,0,0.0012
76664,0,0.0049
76665,0,0.0361
76666,0,0.1349
76667,0,0.1472
76668,0,0.0057
76669,0,0.003
76670,0,0.0057
76671,0,0.0204
76672,0,0.0427
76673,1,0.9372
76674,0,0.0028
76675,0,0.0178
76676,0,0.0958
76677,0,0.0122
76678,0,0.0234
76679,0,0.0092
76680,0,0.0502
76681,0,0.0057
76682,0,0.0773
76683,0,0.008
76684,0,0.0506
76685,0,0.0157
76686,0,0.0345
76687,0,0.1127
76688,0,0.0083
76689,1,0.954
76690,0,0.086
76691,1,0.9798
76692,0,0.0105
76693,0,0.0668
76694,0,0.1999
76695,0,0.0563
76696,0,0.0279
76697,0,0.0387
76698,0,0.0827
76699,0,0.0372
76700,0,0.0343
76701,0,0.0441
76702,0,0.0009
76703,0,0.0217
76704,0,0.008
76705,0,0.0055
76706,0,0.0127
76707,1,0.8064
76708,0,0.0401
76709,0,0.0715
76710,0,0.0033
76711,0,0.0706
76712,0,0.0263
76713,0,0.1134
76714,0,0.0131
76715,0,0.042
76716,0,0.0916
76717,0,0.0688
76718,0,0.0221
76719,0,0.0131
76720,0,0.0042
76721,1,0.927
76722,0,0.0121
76723,0,0.0102
76724,0,0.013
76725,1,0.6032
76726,0,0.0023
76727,0,0.0088
76728,0,0.0301
76729,0,0.0864
76730,0,0.1601
76731,0,0.0078
76732,0,0.0631
76733,0,0.0559
76734,0,0.0871
76735,0,0.0024
76736,0,0.0083
76737,0,0.1072
76738,0,0.0246
76739,0,0.0889
76740,0,0.0228
76741,0,0.0081
76742,0,0.0584
76743,0,0.0073
76744,0,0.0236
76745,0,0.0034
76746,0,0.0783
76747,0,0.0314
76748,0,0.0092
76749,0,0.0468
76750,0,0.0164
76751,0,0.0223
76752,0,0.0959
76753,0,0.0351
76754,0,0.0083
76755,0,0.0936
76756,0,0.028
76757,0,0.048
76758,0,0.0022
76759,0,0.0579
76760,0,0.0144
76761,1,0.9026
76762,0,0.0981
76763,0,0.0058
76764,0,0.0233
76765,1,0.9583
76766,0,0.0371
76767,0,0.0025
76768,0,0.0371
76769,0,0.0146
76770,0,0.2482
76771,0,0.0075
76772,0,0.0145
76773,0,0.0018
76774,0,0.0865
76775,0,0.0504
76776,1,0.9668
76777,0,0.05
76778,0,0.0118
76779,0,0.0064
76780,1,0.8748
76781,0,0.1084
76782,0,0.0174
76783,0,0.0042
76784,0,0.0371
76785,0,0.0012
76786,0,0.3762
76787,0,0.0283
76788,0,0.0559
76789,0,0.0164
76790,0,0.029
76791,0,0.0659
76792,0,0.0033
76793,0,0.0421
76794,0,0.1263
76795,0,0.0184
76796,0,0.0342
76797,0,0.0326
76798,0,0.0847
76799,0,0.0147
76800,0,0.022
76801,0,0.0436
76802,0,0.0387
76803,0,0.0489
76804,1,0.9732
76805,0,0.0228
76806,0,0.0101
76807,0,0.085
76808,0,0.0077
76809,0,0.178
76810,0,0.1109
76811,0,0.0192
76812,0,0.0352
76813,0,0.0194
76814,0,0.0412
76815,0,0.0454
76816,0,0.0168
76817,0,0.0081
76818,0,0.0232
76819,1,0.9739
76820,0,0.0085
76821,1,0.9415
76822,0,0.0106
76823,0,0.0679
76824,0,0.3601
76825,0,0.0231
76826,0,0.0372
76827,0,0.0098
76828,0,0.0137
76829,0,0.007
76830,0,0.0077
76831,0,0.0084
76832,0,0.0449
76833,1,0.9633
76834,0,0.0105
76835,0,0.0093
76836,0,0.0429
76837,0,0.0098
76838,0,0.0182
76839,0,0.0124
76840,0,0.0178
76841,0,0.0037
76842,0,0.0055
76843,0,0.0054
76844,0,0.461
76845,0,0.0297
76846,0,0.0204
76847,0,0.021
76848,0,0.0112
76849,0,0.079
76850,0,0.0389
76851,0,0.0207
76852,0,0.0151
76853,0,0.0253
76854,0,0.0189
76855,0,0.0011
76856,0,0.0087
76857,0,0.005
76858,0,0.0529
76859,0,0.0222
76860,0,0.0469
76861,0,0.0082
76862,0,0.0397
76863,0,0.1501
76864,0,0.0178
76865,0,0.0237
76866,0,0.0082
76867,0,0.0166
76868,0,0.0057
76869,0,0.154
76870,1,0.974
76871,0,0.2259
76872,0,0.1998
76873,0,0.0099
76874,1,0.9227
76875,0,0.0553
76876,0,0.0048
76877,0,0.0082
76878,0,0.0252
76879,0,0.0462
76880,0,0.025
76881,1,0.8464
76882,0,0.3608
76883,0,0.0084
76884,0,0.0139
76885,0,0.3081
76886,0,0.0129
76887,0,0.0069
76888,0,0.003
76889,0,0.0052
76890,0,0.002
76891,1,0.8991
76892,0,0.02
76893,0,0.0053
76894,0,0.0037
76895,0,0.0249
76896,0,0.0629
76897,0,0.0361
76898,0,0.0031
76899,0,0.2739
76900,0,0.0424
76901,0,0.0498
76902,0,0.0065
76903,0,0.0369
76904,0,0.3357
76905,0,0.0357
76906,0,0.0037
76907,0,0.1267
76908,0,0.0172
76909,0,0.0253
76910,0,0.012
76911,0,0.0864
76912,1,0.976
76913,0,0.0068
76914,0,0.342
76915,0,0.034
76916,0,0.0143
76917,0,0.0857
76918,0,0.009
76919,0,0.0011
76920,0,0.0509
76921,0,0.0072
76922,0,0.0779
76923,0,0.0113
76924,0,0.0053
76925,1,0.9871
76926,0,0.0599
76927,0,0.0057
76928,0,0.1341
76929,0,0.0075
76930,0,0.0544
76931,0,0.0312
76932,0,0.0061
76933,0,0.0236
76934,0,0.0022
76935,0,0.0705
76936,0,0.0437
76937,0,0.0661
76938,0,0.0156
76939,0,0.4717
76940,0,0.0313
76941,0,0.0052
76942,0,0.0425
76943,0,0.0307
76944,0,0.0427
76945,0,0.0083
76946,0,0.0443
76947,0,0.0388
76948,0,0.3582
76949,0,0.0638
76950,0,0.0628
76951,0,0.0237
76952,0,0.0043
76953,0,0.1598
76954,0,0.0459
76955,0,0.0105
76956,0,0.0054
76957,0,0.0202
76958,0,0.0055
76959,0,0.0229
76960,0,0.0087
76961,0,0.0101
76962,0,0.0889
76963,0,0.0214
76964,0,0.184
76965,0,0.0268
76966,0,0.02
76967,0,0.0731
76968,0,0.2946
76969,0,0.0115
76970,0,0.0029
76971,0,0.0566
76972,0,0.0123
76973,0,0.0101
76974,0,0.0019
76975,0,0.0791
76976,0,0.041
76977,0,0.0935
76978,0,0.0182
76979,0,0.0121
76980,0,0.0143
76981,0,0.0028
76982,1,0.9054
76983,0,0.016
76984,0,0.0233
76985,0,0.0382
76986,0,0.0358
76987,1,0.9934
76988,0,0.0344
76989,0,0.0192
76990,0,0.0075
76991,1,0.9677
76992,0,0.0158
76993,1,0.99
76994,0,0.0235
76995,0,0.0038
76996,0,0.0325
76997,1,0.9534
76998,0,0.0887
76999,0,0.0166
77000,0,0.0405
77001,0,0.0066
77002,0,0.1368
77003,1,0.9447
77004,0,0.0583
77005,1,0.9735
77006,0,0.0028
77007,0,0.0188
77008,1,0.9682
77009,0,0.0127
77010,0,0.0066
77011,0,0.0634
77012,0,0.1334
77013,0,0.0227
77014,0,0.0147
77015,0,0.0086
77016,1,0.7829
77017,0,0.0331
77018,0,0.0095
77019,1,0.65
77020,0,0.0019
77021,0,0.0136
77022,0,0.0106
77023,0,0.3497
77024,0,0.0149
77025,0,0.0066
77026,0,0.0686
77027,0,0.0277
77028,0,0.036
77029,0,0.0259
77030,0,0.002
77031,0,0.0073
77032,0,0.013
77033,0,0.1362
77034,1,0.9878
77035,1,0.5776
77036,0,0.0146
77037,0,0.0183
77038,0,0.0584
77039,0,0.006
77040,0,0.0097
77041,0,0.001
77042,0,0.0371
77043,0,0.1502
77044,0,0.0182
77045,0,0.0083
77046,0,0.0411
77047,0,0.0552
77048,0,0.4515
77049,0,0.094
77050,0,0.0058
77051,0,0.0012
77052,0,0.0011
77053,0,0.0241
77054,0,0.0028
77055,0,0.001
77056,0,0.0299
77057,0,0.0856
77058,0,0.0369
77059,0,0.0691
77060,0,0.0089
77061,0,0.0561
77062,0,0.0286
77063,1,0.9745
77064,0,0.1135
77065,0,0.0027
77066,0,0.2787
77067,1,0.8901
77068,0,0.013
77069,0,0.0261
77070,0,0.003
77071,0,0.0134
77072,0,0.0171
77073,1,0.9598
77074,0,0.0109
77075,0,0.0063
77076,0,0.0174
77077,0,0.0016
77078,0,0.0132
77079,0,0.1
77080,0,0.0336
77081,0,0.0206
77082,0,0.0129
77083,1,0.7732
77084,0,0.0063
77085,0,0.0444
77086,0,0.1015
77087,0,0.0134
77088,0,0.2262
77089,0,0.0274
77090,0,0.0362
77091,0,0.0081
77092,0,0.0244
77093,0,0.0801
77094,0,0.0569
77095,0,0.0052
77096,0,0.0092
77097,0,0.1
77098,0,0.4387
77099,0,0.0295
77100,0,0.0902
77101,0,0.0237
77102,0,0.1753
77103,0,0.1019
77104,0,0.0015
77105,0,0.1179
77106,0,0.0082
77107,0,0.0724
77108,0,0.011
77109,0,0.0172
77110,0,0.0807
77111,0,0.0169
77112,0,0.0034
77113,0,0.1102
77114,0,0.118
77115,0,0.0393
77116,0,0.0354
77117,0,0.0117
77118,0,0.0194
77119,0,0.0098
77120,0,0.0712
77121,0,0.015
77122,0,0.0205
77123,0,0.0195
77124,0,0.0085
77125,0,0.3578
77126,0,0.0116
77127,0,0.3857
77128,0,0.0021
77129,0,0.0047
77130,1,0.9564
77131,0,0.0151
77132,0,0.0033
77133,0,0.0073
77134,0,0.0082
77135,1,0.9718
77136,0,0.0094
77137,0,0.0012
77138,0,0.0038
77139,0,0.2954
77140,1,0.8817
77141,0,0.0084
77142,1,0.9239
77143,0,0.0177
77144,0,0.0143
77145,0,0.0183
77146,0,0.0014
77147,1,0.9884
77148,0,0.0013
77149,1,0.9842
77150,0,0.0092
77151,0,0.009
77152,1,0.9529
77153,0,0.0083
77154,0,0.2483
77155,1,0.937
77156,0,0.0313
77157,1,0.9737
77158,0,0.0234
77159,0,0.0134
77160,0,0.0299
77161,0,0.0861
77162,0,0.0631
77163,0,0.0165
77164,0,0.0405
77165,0,0.3504
77166,0,0.0265
77167,0,0.0403
77168,0,0.0092
77169,0,0.0147
77170,0,0.4213
77171,0,0.0039
77172,0,0.0057
77173,0,0.0165
77174,0,0.1575
77175,0,0.032
77176,0,0.0122
77177,0,0.0114
77178,0,0.2512
77179,0,0.0131
77180,0,0.0139
77181,0,0.0195
77182,0,0.054
77183,0,0.049
77184,0,0.065
77185,0,0.0137
77186,0,0.0059
77187,0,0.0144
77188,0,0.0103
77189,0,0.0268
77190,0,0.0136
77191,0,0.0349
77192,0,0.0095
77193,0,0.2132
77194,0,0.0085
77195,0,0.2388
77196,0,0.0244
77197,0,0.0212
77198,0,0.4553
77199,0,0.0272
77200,0,0.1633
77201,0,0.0482
77202,0,0.0106
77203,1,0.9654
77204,0,0.0448
77205,0,0.3559
77206,0,0.0008
77207,0,0.0015
77208,0,0.027
77209,0,0.0018
77210,0,0.0084
77211,0,0.0079
77212,0,0.425
77213,0,0.0126
77214,0,0.0174
77215,0,0.0034
77216,0,0.0467
77217,0,0.0099
77218,0,0.0161
77219,0,0.0054
77220,0,0.0103
77221,0,0.0528
77222,0,0.1648
77223,1,0.9667
77224,0,0.0035
77225,0,0.0181
77226,0,0.0374
77227,0,0.0613
77228,0,0.0251
77229,0,0.0045
77230,0,0.0118
77231,0,0.0258
77232,0,0.1055
77233,0,0.0168
77234,0,0.0832
77235,0,0.0258
77236,0,0.0077
77237,0,0.0039
77238,0,0.0108
77239,0,0.0091
77240,0,0.0571
77241,0,0.0203
77242,0,0.0249
77243,0,0.0068
77244,0,0.0117
77245,0,0.0344
77246,0,0.0047
77247,0,0.0014
77248,0,0.0056
77249,0,0.0008
77250,0,0.3314
77251,0,0.0436
77252,0,0.0205
77253,0,0.0014
77254,1,0.9771
77255,0,0.0048
77256,0,0.1132
77257,0,0.2258
77258,0,0.0687
77259,0,0.0776
77260,0,0.0239
77261,0,0.1182
77262,0,0.185
77263,0,0.0126
77264,1,0.9602
77265,0,0.0084
77266,0,0.0033
77267,0,0.0295
77268,0,0.0174
77269,0,0.0225
77270,0,0.0126
77271,0,0.038
77272,0,0.0184
77273,0,0.0029
77274,0,0.0023
77275,0,0.1157
77276,0,0.2348
77277,0,0.0111
77278,0,0.0121
77279,0,0.0267
77280,0,0.0052
77281,0,0.0282
77282,0,0.0197
77283,0,0.014
77284,0,0.0363
77285,0,0.0261
77286,0,0.1824
77287,0,0.0198
77288,0,0.0089
77289,0,0.0092
77290,0,0.0366
77291,0,0.0208
77292,0,0.0156
77293,0,0.0296
77294,0,0.0462
77295,0,0.0042
77296,0,0.0269
77297,0,0.0072
77298,0,0.1217
77299,0,0.0091
77300,0,0.0786
77301,0,0.0475
77302,0,0.1216
77303,0,0.0071
77304,0,0.0064
77305,0,0.0177
77306,0,0.0181
77307,0,0.0829
77308,0,0.0083
77309,0,0.0066
77310,0,0.1703
77311,1,0.9781
77312,0,0.0111
77313,0,0.012
77314,0,0.0279
77315,0,0.061
77316,1,0.9627
77317,1,0.9337
77318,0,0.004
77319,0,0.0013
77320,0,0.0052
77321,0,0.0277
77322,0,0.0494
77323,0,0.1942
77324,0,0.0074
77325,0,0.1035
77326,1,0.5555
77327,0,0.0248
77328,0,0.0155
77329,0,0.2255
77330,0,0.0151
77331,0,0.0054
77332,1,0.9158
77333,0,0.0143
77334,0,0.003
77335,0,0.0008
77336,0,0.1308
77337,0,0.001
77338,0,0.0053
77339,0,0.0324
77340,0,0.0047
77341,0,0.0751
77342,0,0.0127
77343,0,0.0326
77344,0,0.0681
77345,0,0.017
77346,0,0.0328
77347,0,0.0114
77348,0,0.0318
77349,0,0.0178
77350,0,0.0029
77351,0,0.0678
77352,0,0.018
77353,0,0.0087
77354,0,0.0017
77355,0,0.1734
77356,0,0.0761
77357,0,0.0866
77358,0,0.0268
77359,0,0.0072
77360,0,0.009
77361,0,0.0677
77362,0,0.0331
77363,0,0.0252
77364,1,0.9956
77365,0,0.1112
77366,0,0.0102
77367,0,0.0849
77368,0,0.0107
77369,0,0.0301
77370,0,0.0831
77371,0,0.0112
77372,0,0.0764
77373,0,0.0872
77374,0,0.0014
77375,0,0.002
77376,0,0.0825
77377,0,0.0405
77378,0,0.0335
77379,0,0.1048
77380,1,0.969
77381,0,0.3045
77382,0,0.024
77383,0,0.0077
77384,1,0.9065
77385,0,0.0193
77386,0,0.1242
77387,0,0.0034
77388,0,0.0081
77389,0,0.0369
77390,0,0.0104
77391,0,0.1065
77392,0,0.0608
77393,0,0.1395
77394,0,0.3767
77395,0,0.0436
77396,0,0.0484
77397,0,0.0337
77398,0,0.0928
77399,1,0.9456
77400,0,0.0016
77401,1,0.9805
77402,0,0.0028
77403,0,0.0057
77404,0,0.1114
77405,0,0.3258
77406,0,0.0067
77407,0,0.0238
77408,0,0.1417
77409,0,0.0086
77410,0,0.0474
77411,0,0.0282
77412,0,0.0304
77413,0,0.0065
77414,0,0.0557
77415,0,0.0782
77416,0,0.0114
77417,0,0.0901
77418,0,0.0111
77419,0,0.0194
77420,1,0.8751
77421,0,0.0154
77422,0,0.0064
77423,0,0.0133
77424,0,0.1038
77425,0,0.1753
77426,0,0.0093
77427,0,0.0496
77428,0,0.0017
77429,0,0.0182
77430,0,0.0068
77431,0,0.0075
77432,0,0.012
77433,0,0.0536
77434,0,0.0089
77435,0,0.016
77436,0,0.0195
77437,0,0.0328
77438,0,0.0086
77439,0,0.0042
77440,0,0.0312
77441,1,0.972
77442,0,0.0121
77443,0,0.0065
77444,0,0.0346
77445,0,0.0163
77446,1,0.7644
77447,0,0.0016
77448,0,0.0305
77449,0,0.0175
77450,1,0.9099
77451,0,0.0828
77452,0,0.0351
77453,0,0.0274
77454,0,0.0066
77455,0,0.0385
77456,0,0.0189
77457,0,0.0029
77458,0,0.001
77459,0,0.0012
77460,0,0.0203
77461,1,0.9357
77462,0,0.0271
77463,0,0.0315
77464,0,0.0845
77465,0,0.0218
77466,0,0.0427
77467,0,0.0754
77468,0,0.179
77469,0,0.3959
77470,0,0.0931
77471,1,0.9536
77472,1,0.9803
77473,0,0.0285
77474,1,0.7076
77475,0,0.0022
77476,0,0.0219
77477,0,0.0279
77478,0,0.0046
77479,0,0.0098
77480,0,0.0169
77481,0,0.0049
77482,0,0.0315
77483,0,0.0041
77484,0,0.03
77485,0,0.0448
77486,0,0.0156
77487,0,0.0142
77488,0,0.2008
77489,0,0.0273
77490,1,0.9833
77491,0,0.0458
77492,0,0.0542
77493,0,0.0029
77494,0,0.0471
77495,0,0.2051
77496,0,0.0354
77497,0,0.0146
77498,0,0.01
77499,0,0.0123
77500,0,0.0271
77501,0,0.0136
77502,1,0.9279
77503,0,0.0146
77504,0,0.0506
77505,0,0.2029
77506,0,0.0148
77507,0,0.0018
77508,0,0.0247
77509,0,0.3222
77510,1,0.9384
77511,0,0.0122
77512,1,0.9553
77513,0,0.0263
77514,0,0.0295
77515,0,0.3494
77516,0,0.0244
77517,0,0.0101
77518,1,0.9767
77519,1,0.9875
77520,1,0.9507
77521,0,0.0177
77522,0,0.0323
77523,0,0.0123
77524,0,0.0061
77525,1,0.9849
77526,0,0.0045
77527,0,0.0135
77528,0,0.0019
77529,0,0.0247
77530,0,0.0454
77531,0,0.008
77532,0,0.0273
77533,0,0.1788
77534,0,0.0083
77535,0,0.0021
77536,0,0.0237
77537,0,0.0435
77538,0,0.0471
77539,0,0.0068
77540,0,0.0942
77541,0,0.0407
77542,0,0.0464
77543,0,0.0305
77544,1,0.8412
77545,0,0.0248
77546,0,0.1361
77547,0,0.0215
77548,0,0.0186
77549,0,0.0382
77550,0,0.0044
77551,0,0.0076
77552,0,0.0521
77553,0,0.1152
77554,0,0.1146
77555,1,0.841
77556,0,0.0206
77557,0,0.0271
77558,0,0.0438
77559,0,0.0473
77560,0,0.1673
77561,0,0.4657
77562,0,0.3106
77563,0,0.0648
77564,0,0.0833
77565,0,0.0335
77566,0,0.0357
77567,0,0.0584
77568,0,0.0691
77569,0,0.0021
77570,0,0.0016
77571,0,0.012
77572,0,0.0243
77573,0,0.0527
77574,0,0.0394
77575,1,0.9358
77576,0,0.1891
77577,0,0.0126
77578,1,0.9341
77579,0,0.0032
77580,0,0.0073
77581,0,0.0428
77582,0,0.0246
77583,1,0.973
77584,0,0.0144
77585,0,0.1471
77586,0,0.0019
77587,0,0.1878
77588,0,0.0529
77589,0,0.022
77590,0,0.0074
77591,0,0.282
77592,0,0.012
77593,0,0.0395
77594,0,0.097
77595,1,0.9777
77596,0,0.1476
77597,0,0.0369
77598,0,0.0101
77599,1,0.9763
77600,0,0.0195
77601,0,0.015
77602,0,0.3913
77603,0,0.0129
77604,0,0.0045
77605,0,0.03
77606,0,0.0229
77607,1,0.838
77608,1,0.9071
77609,0,0.034
77610,0,0.0036
77611,0,0.0618
77612,0,0.0548
77613,0,0.0112
77614,0,0.0144
77615,0,0.0464
77616,0,0.0446
77617,0,0.0143
77618,0,0.0335
77619,0,0.0007
77620,0,0.0417
77621,0,0.0078
77622,0,0.0548
77623,0,0.0794
77624,0,0.0369
77625,0,0.2881
77626,0,0.2586
77627,0,0.0387
77628,0,0.0023
77629,0,0.0865
77630,0,0.0307
77631,0,0.1703
77632,0,0.0251
77633,0,0.0227
77634,1,0.8778
77635,0,0.0017
77636,0,0.0426
77637,0,0.069
77638,0,0.436
77639,0,0.0473
77640,0,0.0089
77641,0,0.0611
77642,0,0.0797
77643,1,0.8375
77644,0,0.0345
77645,0,0.0039
77646,0,0.0504
77647,0,0.0248
77648,1,0.9773
77649,0,0.0375
77650,1,0.9412
77651,0,0.0788
77652,0,0.0404
77653,0,0.0085
77654,1,0.9021
77655,0,0.0362
77656,0,0.0055
77657,0,0.0385
77658,0,0.043
77659,0,0.0076
77660,0,0.0069
77661,0,0.0336
77662,0,0.0074
77663,0,0.0269
77664,0,0.0052
77665,0,0.0501
77666,0,0.016
77667,0,0.0314
77668,0,0.0458
77669,0,0.2052
77670,0,0.1228
77671,0,0.0287
77672,0,0.0073
77673,0,0.0145
77674,0,0.0341
77675,0,0.0162
77676,0,0.0099
77677,0,0.0168
77678,0,0.0886
77679,0,0.0557
77680,0,0.0054
77681,0,0.0157
77682,0,0.0373
77683,0,0.1058
77684,0,0.0027
77685,0,0.0144
77686,0,0.0177
77687,0,0.0104
77688,1,0.977
77689,0,0.034
77690,0,0.0215
77691,1,0.6955
77692,1,0.9032
77693,0,0.0066
77694,1,0.9685
77695,0,0.0551
77696,0,0.0375
77697,0,0.0223
77698,0,0.0359
77699,0,0.0069
77700,0,0.0098
77701,0,0.0828
77702,0,0.0075
77703,0,0.0172
77704,0,0.0687
77705,1,0.8581
77706,0,0.1059
77707,0,0.0786
77708,0,0.0023
77709,0,0.1402
77710,0,0.048
77711,0,0.0115
77712,0,0.0204
77713,0,0.0142
77714,0,0.0346
77715,1,0.5295
77716,0,0.0371
77717,0,0.2087
77718,1,0.9599
77719,0,0.1521
77720,0,0.0396
77721,0,0.0515
77722,0,0.05
77723,0,0.0392
77724,0,0.0111
77725,0,0.0129
77726,0,0.0989
77727,0,0.2719
77728,0,0.0058
77729,0,0.0379
77730,0,0.019
77731,0,0.0474
77732,0,0.0055
77733,0,0.0126
77734,0,0.1057
77735,0,0.0222
77736,0,0.0157
77737,0,0.0265
77738,0,0.0174
77739,0,0.0493
77740,0,0.1947
77741,0,0.0018
77742,0,0.1869
77743,0,0.0218
77744,0,0.0276
77745,0,0.0017
77746,0,0.0135
77747,0,0.0131
77748,1,0.9239
77749,1,0.9674
77750,0,0.0108
77751,0,0.0207
77752,1,0.9641
77753,0,0.0147
77754,0,0.055
77755,0,0.0077
77756,0,0.0054
77757,0,0.0156
77758,0,0.0311
77759,0,0.0738
77760,0,0.0021
77761,1,0.9556
77762,0,0.0595
77763,0,0.0079
77764,0,0.0091
77765,0,0.057
77766,0,0.0376
77767,1,0.9782
77768,1,0.8089
77769,0,0.0991
77770,0,0.0116
77771,1,0.9726
77772,1,0.9477
77773,0,0.0631
77774,0,0.0315
77775,0,0.2073
77776,0,0.0023
77777,0,0.0184
77778,0,0.0097
77779,0,0.0204
77780,0,0.0587
77781,0,0.1247
77782,0,0.0594
77783,0,0.015
77784,0,0.3573
77785,0,0.0184
77786,0,0.005
77787,0,0.0148
77788,0,0.0312
77789,0,0.0113
77790,0,0.0096
77791,0,0.0677
77792,0,0.0184
77793,1,0.9531
77794,0,0.0242
77795,0,0.0007
77796,1,0.6423
77797,0,0.0412
77798,0,0.0092
77799,1,0.947
77800,0,0.051
77801,0,0.0413
77802,1,0.9788
77803,0,0.0104
77804,0,0.0139
77805,0,0.0167
77806,0,0.0365
77807,1,0.9534
77808,0,0.0292
77809,0,0.0517
77810,0,0.108
77811,0,0.0279
77812,0,0.0067
77813,0,0.0252
77814,0,0.0076
77815,0,0.0014
77816,0,0.0054
77817,0,0.0404
77818,0,0.004
77819,0,0.0232
77820,1,0.9508
77821,0,0.035
77822,0,0.0472
77823,0,0.025
77824,0,0.0131
77825,0,0.039
77826,0,0.0056
77827,0,0.0154
77828,0,0.0128
77829,0,0.0217
77830,0,0.0084
77831,0,0.0193
77832,0,0.0086
77833,0,0.0088
77834,0,0.0424
77835,0,0.0596
77836,0,0.0186
77837,0,0.0044
77838,0,0.0109
77839,0,0.084
77840,0,0.0586
77841,0,0.0034
77842,0,0.2199
77843,0,0.079
77844,0,0.1319
77845,0,0.1142
77846,0,0.0208
77847,0,0.4894
77848,0,0.0134
77849,0,0.0345
77850,0,0.0155
77851,1,0.9023
77852,0,0.036
77853,0,0.0145
77854,0,0.0023
77855,0,0.0075
77856,0,0.0111
77857,0,0.0206
77858,0,0.0359
77859,0,0.2394
77860,1,0.912
77861,1,0.9493
77862,0,0.0269
77863,0,0.0776
77864,1,0.9745
77865,0,0.0038
77866,0,0.0108
77867,0,0.0036
77868,0,0.0465
77869,0,0.0213
77870,0,0.0133
77871,0,0.0098
77872,0,0.0292
77873,1,0.9916
77874,0,0.0081
77875,0,0.0244
77876,0,0.0231
77877,0,0.0214
77878,0,0.0139
77879,0,0.2071
77880,0,0.0247
77881,0,0.0341
77882,0,0.1603
77883,0,0.0468
77884,1,0.8761
77885,0,0.0161
77886,0,0.0169
77887,0,0.0095
77888,0,0.121
77889,0,0.0146
77890,0,0.0077
77891,0,0.0224
77892,1,0.9737
77893,0,0.0094
77894,0,0.1041
77895,0,0.0011
77896,0,0.0015
77897,0,0.0175
77898,0,0.1383
77899,0,0.0054
77900,0,0.0326
77901,0,0.0215
77902,0,0.0025
77903,0,0.0515
77904,0,0.0904
77905,0,0.015
77906,0,0.0407
77907,0,0.0446
77908,0,0.0319
77909,0,0.0167
77910,0,0.0286
77911,0,0.109
77912,0,0.0919
77913,0,0.0449
77914,0,0.0059
77915,1,0.938
77916,0,0.0186
77917,0,0.098
77918,0,0.0062
77919,0,0.0086
77920,0,0.0135
77921,0,0.0202
77922,0,0.0424
77923,0,0.0446
77924,0,0.0097
77925,0,0.0244
77926,0,0.0107
77927,0,0.0256
77928,0,0.0111
77929,0,0.0305
77930,0,0.0102
77931,0,0.0191
77932,0,0.0131
77933,0,0.0308
77934,0,0.0021
77935,0,0.0084
77936,0,0.0424
77937,0,0.0311
77938,0,0.1334
77939,0,0.0226
77940,0,0.0195
77941,0,0.0447
77942,0,0.0032
77943,0,0.0132
77944,0,0.0218
77945,0,0.0017
77946,0,0.017
77947,0,0.0644
77948,1,0.9569
77949,0,0.0621
77950,0,0.0063
77951,0,0.0854
77952,0,0.0084
77953,0,0.2422
77954,0,0.0131
77955,0,0.0571
77956,0,0.0315
77957,1,0.9343
77958,0,0.0273
77959,0,0.0725
77960,0,0.0257
77961,0,0.0073
77962,0,0.0223
77963,0,0.0048
77964,0,0.0031
77965,0,0.0246
77966,0,0.0087
77967,0,0.0288
77968,0,0.011
77969,0,0.0036
77970,0,0.0991
77971,0,0.0262
77972,0,0.0894
77973,0,0.0197
77974,1,0.9427
77975,0,0.0112
77976,0,0.041
77977,0,0.0298
77978,0,0.0037
77979,0,0.0535
77980,0,0.0014
77981,0,0.0067
77982,0,0.0119
77983,0,0.0014
77984,0,0.0895
77985,0,0.0478
77986,0,0.0658
77987,0,0.0407
77988,0,0.0307
77989,0,0.012
77990,0,0.0349
77991,0,0.0467
77992,0,0.0047
77993,1,0.9707
77994,1,0.8615
77995,0,0.1864
77996,0,0.0452
77997,0,0.0157
77998,1,0.9573
77999,0,0.0012
78000,0,0.0068
78001,0,0.0635
78002,0,0.0135
78003,0,0.0035
78004,0,0.0638
78005,0,0.0037
78006,0,0.0127
78007,0,0.0147
78008,0,0.0143
78009,0,0.006
78010,0,0.0085
78011,0,0.0045
78012,0,0.0303
78013,0,0.049
78014,0,0.0093
78015,0,0.0147
78016,0,0.04
78017,0,0.0136
78018,0,0.0011
78019,1,0.9348
78020,0,0.0023
78021,0,0.1123
78022,0,0.0026
78023,1,0.9515
78024,0,0.0512
78025,0,0.3023
78026,0,0.0415
78027,0,0.1456
78028,0,0.0055
78029,0,0.0731
78030,0,0.0058
78031,0,0.0183
78032,0,0.3588
78033,0,0.371
78034,0,0.0112
78035,0,0.0115
78036,0,0.0085
78037,0,0.0493
78038,0,0.013
78039,0,0.0776
78040,0,0.0238
78041,0,0.014
78042,0,0.0018
78043,1,0.569
78044,0,0.017
78045,0,0.024
78046,0,0.144
78047,1,0.9492
78048,1,0.9315
78049,0,0.0386
78050,0,0.0421
78051,0,0.0031
78052,0,0.0335
78053,0,0.0218
78054,0,0.0406
78055,0,0.002
78056,0,0.1299
78057,0,0.1678
78058,0,0.0684
78059,0,0.0087
78060,0,0.0056
78061,0,0.1047
78062,0,0.3429
78063,0,0.0085
78064,0,0.0091
78065,0,0.0042
78066,0,0.0084
78067,0,0.0198
78068,0,0.1263
78069,0,0.0343
78070,0,0.0058
78071,0,0.2954
78072,0,0.0107
78073,0,0.022
78074,0,0.0119
78075,0,0.0344
78076,0,0.0251
78077,0,0.0142
78078,1,0.929
78079,0,0.0022
78080,1,0.562
78081,0,0.0064
78082,0,0.015
78083,0,0.0619
78084,0,0.0275
78085,0,0.213
78086,0,0.007
78087,0,0.0554
78088,0,0.029
78089,1,0.9888
78090,0,0.0062
78091,0,0.0315
78092,1,0.9012
78093,0,0.0843
78094,0,0.0192
78095,0,0.0124
78096,0,0.0122
78097,0,0.0494
78098,0,0.0156
78099,0,0.016
78100,0,0.0091
78101,0,0.4305
78102,0,0.0668
78103,0,0.0011
78104,0,0.0292
78105,0,0.0029
78106,0,0.0036
78107,0,0.0082
78108,0,0.0008
78109,0,0.0437
78110,0,0.0167
78111,0,0.0254
78112,0,0.0266
78113,0,0.0222
78114,0,0.0399
78115,0,0.0059
78116,0,0.0713
78117,0,0.073
78118,0,0.0166
78119,0,0.0587
78120,0,0.0157
78121,0,0.0484
78122,0,0.0578
78123,0,0.0383
78124,0,0.0186
78125,1,0.8888
78126,0,0.0243
78127,0,0.0042
78128,0,0.0054
78129,0,0.0045
78130,0,0.013
78131,0,0.1261
78132,0,0.0075
78133,0,0.0188
78134,0,0.0451
78135,0,0.007
78136,0,0.0123
78137,0,0.0105
78138,0,0.0676
78139,0,0.0049
78140,0,0.0361
78141,0,0.1885
78142,1,0.9222
78143,0,0.0566
78144,0,0.04
78145,1,0.9874
78146,0,0.0147
78147,0,0.0022
78148,0,0.019
78149,0,0.104
78150,0,0.0723
78151,0,0.043
78152,0,0.142
78153,0,0.019
78154,0,0.1674
78155,0,0.1459
78156,0,0.035
78157,0,0.037
78158,0,0.0161
78159,0,0.0027
78160,0,0.0125
78161,0,0.0275
78162,0,0.087
78163,0,0.097
78164,0,0.0283
78165,0,0.0008
78166,0,0.0852
78167,0,0.0213
78168,0,0.0043
78169,0,0.0005
78170,1,0.8237
78171,0,0.0392
78172,0,0.2055
78173,1,0.9284
78174,0,0.1509
78175,0,0.0127
78176,0,0.035
78177,0,0.006
78178,0,0.0351
78179,1,0.9814
78180,0,0.0187
78181,0,0.0126
78182,0,0.0048
78183,0,0.0885
78184,0,0.1528
78185,1,0.9796
78186,0,0.0226
78187,0,0.0116
78188,1,0.9247
78189,0,0.405
78190,0,0.0101
78191,1,0.974
78192,0,0.0519
78193,0,0.4147
78194,0,0.0565
78195,0,0.0193
78196,0,0.0006
78197,0,0.0156
78198,0,0.0174
78199,0,0.0427
78200,0,0.0049
78201,0,0.0046
78202,0,0.1077
78203,1,0.9769
78204,0,0.0011
78205,0,0.008
78206,0,0.1692
78207,0,0.0157
78208,0,0.0298
78209,0,0.0328
78210,0,0.0965
78211,0,0.0086
78212,0,0.0282
78213,0,0.1101
78214,0,0.0061
78215,0,0.0058
78216,0,0.0162
78217,0,0.0311
78218,0,0.0132
78219,0,0.0081
78220,0,0.0085
78221,0,0.0099
78222,0,0.0024
78223,0,0.0233
78224,0,0.0061
78225,0,0.0369
78226,0,0.0053
78227,0,0.0149
78228,0,0.005
78229,0,0.0062
78230,0,0.1121
78231,0,0.0405
78232,0,0.0042
78233,0,0.016
78234,0,0.0051
78235,1,0.9692
78236,1,0.6016
78237,0,0.0276
78238,0,0.0847
78239,0,0.0959
78240,0,0.009
78241,1,0.9259
78242,0,0.1085
78243,0,0.0092
78244,0,0.016
78245,0,0.0591
78246,0,0.0014
78247,0,0.006
78248,0,0.0055
78249,0,0.0711
78250,0,0.1919
78251,0,0.0294
78252,0,0.0428
78253,0,0.1441
78254,0,0.0424
78255,1,0.5787
78256,0,0.0455
78257,0,0.007
78258,0,0.0894
78259,0,0.0906
78260,1,0.9795
78261,0,0.0632
78262,1,0.7258
78263,0,0.0023
78264,0,0.2188
78265,0,0.0279
78266,0,0.0134
78267,0,0.0166
78268,0,0.0217
78269,0,0.3257
78270,0,0.0089
78271,0,0.0021
78272,0,0.0168
78273,0,0.0875
78274,0,0.0019
78275,0,0.0056
78276,0,0.0067
78277,0,0.0138
78278,0,0.2693
78279,0,0.0081
78280,0,0.0252
78281,0,0.003
78282,1,0.9295
78283,0,0.0179
78284,0,0.0331
78285,1,0.9504
78286,0,0.0054
78287,0,0.1392
78288,0,0.0133
78289,0,0.0693
78290,0,0.0163
78291,1,0.9663
78292,0,0.0168
78293,0,0.037
78294,0,0.0585
78295,0,0.0074
78296,0,0.0127
78297,0,0.0048
78298,0,0.0175
78299,0,0.0103
78300,0,0.0192
78301,0,0.0223
78302,0,0.0118
78303,1,0.9647
78304,0,0.06
78305,0,0.1396
78306,0,0.0838
78307,0,0.0042
78308,0,0.0387
78309,0,0.0548
78310,1,0.8396
78311,0,0.0575
78312,0,0.1569
78313,1,0.5907
78314,0,0.0228
78315,0,0.0494
78316,0,0.2151
78317,0,0.111
78318,0,0.0042
78319,0,0.0522
78320,0,0.0892
78321,0,0.0437
78322,0,0.0351
78323,0,0.0108
78324,0,0.0125
78325,0,0.0216
78326,0,0.138
78327,0,0.0061
78328,0,0.0496
78329,0,0.0126
78330,0,0.0084
78331,0,0.0366
78332,0,0.0121
78333,0,0.0022
78334,0,0.1599
78335,0,0.0164
78336,0,0.0137
78337,0,0.0296
78338,1,0.9601
78339,0,0.0104
78340,1,0.9411
78341,0,0.0388
78342,0,0.0069
78343,0,0.1174
78344,0,0.1671
78345,0,0.0063
78346,0,0.0141
78347,1,0.8227
78348,0,0.0116
78349,0,0.334
78350,1,0.8747
78351,0,0.0893
78352,0,0.0405
78353,0,0.0611
78354,0,0.0019
78355,0,0.0132
78356,0,0.0068
78357,0,0.0211
78358,0,0.0378
78359,0,0.0098
78360,0,0.0393
78361,0,0.0105
78362,0,0.1354
78363,1,0.7747
78364,0,0.0027
78365,0,0.0257
78366,0,0.016
78367,0,0.0359
78368,0,0.0471
78369,0,0.1406
78370,0,0.0099
78371,0,0.0298
78372,0,0.0565
78373,1,0.9609
78374,0,0.0133
78375,0,0.0461
78376,0,0.0296
78377,0,0.1056
78378,0,0.0475
78379,0,0.0051
78380,0,0.0155
78381,0,0.0467
78382,0,0.0043
78383,0,0.0375
78384,0,0.0219
78385,0,0.0056
78386,0,0.0297
78387,0,0.0744
78388,0,0.1999
78389,0,0.0042
78390,0,0.0027
78391,0,0.0099
78392,0,0.0271
78393,0,0.0412
78394,0,0.0541
78395,1,0.9624
78396,0,0.0034
78397,0,0.0462
78398,0,0.0016
78399,0,0.0102
78400,0,0.0556
78401,0,0.0354
78402,0,0.1735
78403,0,0.0266
78404,0,0.0335
78405,0,0.0037
78406,0,0.0007
78407,0,0.0016
78408,0,0.0083
78409,0,0.0871
78410,0,0.0316
78411,1,0.9538
78412,0,0.0089
78413,0,0.0172
78414,0,0.0204
78415,0,0.1485
78416,1,0.9147
78417,0,0.0339
78418,0,0.015
78419,0,0.0317
78420,0,0.0581
78421,0,0.0435
78422,0,0.2316
78423,0,0.0302
78424,0,0.0035
78425,0,0.053
78426,0,0.0251
78427,0,0.0985
78428,0,0.0035
78429,0,0.0137
78430,0,0.0152
78431,0,0.017
78432,0,0.0137
78433,0,0.1198
78434,1,0.614
78435,1,0.96
78436,0,0.0035
78437,0,0.0709
78438,0,0.0595
78439,0,0.0148
78440,0,0.0183
78441,0,0.0093
78442,0,0.0538
78443,0,0.1306
78444,0,0.42
78445,0,0.0148
78446,0,0.0083
78447,0,0.0719
78448,0,0.0266
78449,0,0.0497
78450,0,0.0702
78451,1,0.9688
78452,0,0.0104
78453,0,0.2325
78454,0,0.0013
78455,0,0.1443
78456,0,0.0128
78457,0,0.0351
78458,0,0.0152
78459,0,0.0264
78460,0,0.0074
78461,0,0.0123
78462,0,0.0033
78463,0,0.0199
78464,0,0.0268
78465,0,0.0044
78466,0,0.0221
78467,0,0.0473
78468,0,0.065
78469,1,0.974
78470,1,0.9761
78471,0,0.0838
78472,0,0.0338
78473,0,0.005
78474,0,0.0186
78475,1,0.7267
78476,0,0.0237
78477,1,0.9813
78478,1,0.9493
78479,0,0.0075
78480,0,0.2161
78481,0,0.0265
78482,0,0.0032
78483,0,0.0031
78484,0,0.1006
78485,0,0.0361
78486,0,0.0084
78487,0,0.0112
78488,0,0.0172
78489,0,0.0674
78490,0,0.0445
78491,0,0.0179
78492,0,0.4144
78493,0,0.0131
78494,0,0.0012
78495,0,0.0193
78496,0,0.0032
78497,0,0.3796
78498,0,0.0242
78499,1,0.9825
78500,0,0.0418
78501,0,0.0589
78502,0,0.0043
78503,0,0.018
78504,0,0.0821
78505,0,0.0519
78506,0,0.0092
78507,0,0.0362
78508,0,0.0098
78509,0,0.0619
78510,0,0.0084
78511,0,0.0054
78512,0,0.0019
78513,1,0.9573
78514,0,0.0018
78515,0,0.0165
78516,0,0.0188
78517,0,0.0164
78518,0,0.097
78519,0,0.0408
78520,0,0.0152
78521,0,0.0165
78522,0,0.0038
78523,0,0.0461
78524,0,0.0098
78525,0,0.0074
78526,0,0.3256
78527,0,0.0714
78528,0,0.0094
78529,0,0.02
78530,0,0.0214
78531,1,0.9767
78532,1,0.9423
78533,0,0.0169
78534,0,0.0013
78535,1,0.9879
78536,0,0.0223
78537,0,0.0228
78538,0,0.0049
78539,0,0.1048
78540,0,0.139
78541,0,0.0036
78542,0,0.0729
78543,0,0.0253
78544,0,0.0274
78545,0,0.0156
78546,0,0.0631
78547,0,0.0066
78548,0,0.0055
78549,0,0.0402
78550,0,0.0184
78551,0,0.148
78552,0,0.0209
78553,0,0.038
78554,0,0.0023
78555,0,0.024
78556,1,0.9857
78557,0,0.1268
78558,0,0.1016
78559,0,0.0589
78560,0,0.0062
78561,0,0.0337
78562,0,0.0171
78563,0,0.0058
78564,0,0.0048
78565,0,0.0205
78566,0,0.0144
78567,0,0.0015
78568,0,0.3165
78569,0,0.0156
78570,0,0.0121
78571,0,0.0142
78572,0,0.0028
78573,1,0.9311
78574,0,0.0795
78575,0,0.0245
78576,0,0.0527
78577,0,0.0884
78578,0,0.036
78579,1,0.9892
78580,0,0.0127
78581,0,0.0117
78582,0,0.0272
78583,0,0.0174
78584,0,0.0131
78585,0,0.0196
78586,0,0.173
78587,0,0.0052
78588,0,0.0242
78589,0,0.0329
78590,0,0.0052
78591,0,0.0058
78592,0,0.1493
78593,0,0.0127
78594,1,0.9527
78595,0,0.0017
78596,0,0.0054
78597,1,0.7778
78598,0,0.0535
78599,0,0.013
78600,0,0.017
78601,0,0.2035
78602,0,0.035
78603,0,0.0472
78604,0,0.1874
78605,0,0.0069
78606,0,0.0064
78607,0,0.0317
78608,0,0.0532
78609,0,0.0198
78610,0,0.0084
78611,0,0.0901
78612,0,0.0778
78613,0,0.0026
78614,0,0.0185
78615,0,0.0612
78616,0,0.0266
78617,0,0.036
78618,0,0.0198
78619,0,0.2274
78620,0,0.0131
78621,0,0.046
78622,1,0.9767
78623,0,0.075
78624,0,0.0618
78625,0,0.0771
78626,0,0.0009
78627,1,0.9189
78628,0,0.0198
78629,0,0.0342
78630,0,0.013
78631,0,0.0048
78632,0,0.2493
78633,0,0.0986
78634,0,0.0024
78635,0,0.005
78636,0,0.0141
78637,0,0.0448
78638,0,0.1082
78639,1,0.9746
78640,0,0.0202
78641,0,0.0011
78642,0,0.0074
78643,0,0.0347
78644,0,0.0496
78645,0,0.0224
78646,0,0.025
78647,0,0.0209
78648,0,0.006
78649,0,0.0066
78650,0,0.3235
78651,0,0.0193
78652,1,0.938
78653,0,0.0351
78654,0,0.0071
78655,1,0.9633
78656,1,0.9761
78657,0,0.0398
78658,0,0.014
78659,0,0.0665
78660,0,0.0765
78661,0,0.0061
78662,0,0.004
78663,0,0.0401
78664,0,0.0476
78665,0,0.0106
78666,0,0.0109
78667,0,0.0303
78668,0,0.0121
78669,0,0.0454
78670,0,0.0314
78671,0,0.0136
78672,0,0.0044
78673,0,0.0127
78674,0,0.0125
78675,0,0.2492
78676,0,0.0098
78677,1,0.9702
78678,0,0.2291
78679,0,0.0097
78680,0,0.0028
78681,0,0.09
78682,0,0.1025
78683,0,0.0446
78684,1,0.9645
78685,0,0.0007
78686,0,0.0013
78687,1,0.9458
78688,0,0.073
78689,0,0.0571
78690,0,0.1016
78691,0,0.0209
78692,0,0.0726
78693,1,0.9449
78694,0,0.0167
78695,1,0.9334
78696,0,0.0138
78697,0,0.0329
78698,0,0.0075
78699,0,0.0038
78700,0,0.0113
78701,0,0.035
78702,0,0.0091
78703,0,0.0039
78704,0,0.0177
78705,0,0.0079
78706,0,0.0224
78707,0,0.0046
78708,0,0.0881
78709,0,0.0153
78710,0,0.0049
78711,0,0.0321
78712,0,0.0141
78713,1,0.9658
78714,0,0.0101
78715,0,0.0257
78716,0,0.0161
78717,0,0.2481
78718,0,0.0013
78719,0,0.0384
78720,0,0.0122
78721,1,0.9979
78722,0,0.01
78723,1,0.9781
78724,1,0.6404
78725,0,0.0068
78726,0,0.0128
78727,0,0.0022
78728,0,0.0015
78729,0,0.0297
78730,1,0.9674
78731,0,0.0464
78732,0,0.0022
78733,0,0.0182
78734,0,0.0069
78735,1,0.9736
78736,0,0.1014
78737,0,0.1219
78738,0,0.0008
78739,0,0.091
78740,1,0.9472
78741,0,0.1239
78742,1,0.959
78743,0,0.0338
78744,0,0.0333
78745,0,0.0305
78746,0,0.0091
78747,0,0.206
78748,0,0.001
78749,1,0.521
78750,1,0.9376
78751,0,0.3771
78752,0,0.0279
78753,0,0.0091
78754,0,0.042
78755,1,0.9337
78756,0,0.0059
78757,0,0.0054
78758,0,0.1131
78759,0,0.0241
78760,0,0.0344
78761,0,0.0073
78762,0,0.0029
78763,0,0.004
78764,0,0.0496
78765,0,0.2297
78766,0,0.1553
78767,1,0.9587
78768,0,0.0137
78769,1,0.8887
78770,0,0.0055
78771,0,0.0092
78772,0,0.0146
78773,0,0.0016
78774,0,0.0476
78775,0,0.0262
78776,0,0.0062
78777,0,0.0379
78778,0,0.0115
78779,0,0.0037
78780,0,0.0529
78781,0,0.0358
78782,1,0.9513
78783,0,0.033
78784,0,0.143
78785,0,0.0641
78786,0,0.0617
78787,0,0.3868
78788,0,0.0063
78789,0,0.032
78790,0,0.211
78791,0,0.0753
78792,0,0.0673
78793,0,0.0192
78794,0,0.0085
78795,0,0.2455
78796,1,0.9655
78797,0,0.0574
78798,0,0.0091
78799,0,0.0037
78800,0,0.0046
78801,0,0.1667
78802,0,0.0793
78803,0,0.0051
78804,0,0.0217
78805,0,0.0042
78806,1,0.9714
78807,0,0.0584
78808,0,0.0713
78809,0,0.0557
78810,0,0.0165
78811,0,0.186
78812,0,0.1204
78813,0,0.1791
78814,0,0.0139
78815,0,0.0254
78816,0,0.15
78817,0,0.0054
78818,1,0.9327
78819,0,0.0242
78820,0,0.0112
78821,0,0.0241
78822,0,0.0148
78823,1,0.9313
78824,0,0.0269
78825,1,0.9808
78826,0,0.0064
78827,0,0.0103
78828,0,0.0124
78829,0,0.0035
78830,0,0.0061
78831,0,0.0988
78832,0,0.0602
78833,0,0.0173
78834,0,0.0087
78835,0,0.0712
78836,0,0.0117
78837,0,0.0306
78838,0,0.1873
78839,0,0.0105
78840,0,0.0284
78841,0,0.0211
78842,0,0.0177
78843,0,0.0078
78844,0,0.0114
78845,0,0.0085
78846,0,0.0325
78847,0,0.0039
78848,0,0.1396
78849,0,0.0028
78850,0,0.001
78851,0,0.0067
78852,0,0.0277
78853,0,0.026
78854,1,0.9113
78855,0,0.0686
78856,0,0.0247
78857,0,0.0204
78858,0,0.0053
78859,0,0.115
78860,0,0.0123
78861,0,0.0017
78862,0,0.0204
78863,0,0.0046
78864,0,0.0097
78865,0,0.0245
78866,0,0.0117
78867,0,0.0694
78868,0,0.025
78869,1,0.9927
78870,0,0.0206
78871,0,0.0728
78872,0,0.0193
78873,0,0.01
78874,0,0.0086
78875,0,0.0149
78876,0,0.0085
78877,0,0.0067
78878,0,0.002
78879,0,0.0066
78880,1,0.8454
78881,1,0.9985
78882,0,0.302
78883,1,0.9805
78884,0,0.0588
78885,0,0.0552
78886,0,0.0527
78887,0,0.0921
78888,0,0.0058
78889,0,0.0453
78890,0,0.0167
78891,0,0.0629
78892,0,0.0297
78893,0,0.0009
78894,0,0.0186
78895,1,0.9618
78896,0,0.009
78897,0,0.0539
78898,0,0.0461
78899,0,0.0175
78900,1,0.9593
78901,0,0.005
78902,0,0.1074
78903,0,0.0021
78904,0,0.0448
78905,0,0.0481
78906,0,0.0097
78907,0,0.0593
78908,0,0.01
78909,0,0.1984
78910,0,0.004
78911,0,0.0025
78912,0,0.0432
78913,0,0.0092
78914,0,0.1972
78915,0,0.0691
78916,0,0.0087
78917,0,0.1108
78918,0,0.0101
78919,0,0.015
78920,1,0.9483
78921,0,0.0352
78922,0,0.0155
78923,0,0.0241
78924,1,0.982
78925,0,0.0148
78926,0,0.0628
78927,0,0.0754
78928,0,0.0118
78929,0,0.0066
78930,0,0.032
78931,0,0.0817
78932,0,0.048
78933,0,0.0055
78934,0,0.1166
78935,0,0.0043
78936,0,0.1525
78937,0,0.003
78938,0,0.0167
78939,0,0.0175
78940,0,0.0264
78941,0,0.0217
78942,0,0.0168
78943,0,0.0126
78944,0,0.0166
78945,0,0.0447
78946,0,0.0284
78947,0,0.007
78948,0,0.1055
78949,1,0.9878
78950,0,0.0628
78951,0,0.0341
78952,0,0.003
78953,1,0.9576
78954,0,0.0128
78955,0,0.0357
78956,0,0.0051
78957,0,0.0104
78958,0,0.0021
78959,0,0.0539
78960,0,0.276
78961,0,0.016
78962,0,0.0269
78963,0,0.041
78964,0,0.0101
78965,0,0.022
78966,1,0.9382
78967,0,0.0389
78968,0,0.0038
78969,0,0.0033
78970,1,0.9651
78971,0,0.007
78972,0,0.0141
78973,0,0.0027
78974,1,0.5555
78975,1,0.844
78976,0,0.006
78977,0,0.0584
78978,0,0.0198
78979,0,0.0249
78980,0,0.0255
78981,0,0.0522
78982,0,0.0061
78983,0,0.0143
78984,0,0.0038
78985,0,0.0101
78986,1,0.9721
78987,0,0.0208
78988,0,0.4089
78989,0,0.015
78990,0,0.01
78991,0,0.2891
78992,0,0.0186
78993,0,0.0142
78994,0,0.0866
78995,0,0.0436
78996,0,0.0108
78997,0,0.003
78998,0,0.0083
78999,0,0.0083
79000,0,0.0049
79001,0,0.0091
79002,0,0.0173
79003,0,0.0327
79004,0,0.0972
79005,0,0.0384
79006,0,0.0132
79007,1,0.9008
79008,0,0.2878
79009,0,0.0015
79010,0,0.0039
79011,0,0.0339
79012,0,0.0164
79013,0,0.0282
79014,0,0.0596
79015,0,0.007
79016,0,0.0271
79017,0,0.0297
79018,0,0.0063
79019,0,0.0158
79020,1,0.9601
79021,0,0.0104
79022,0,0.0248
79023,0,0.0021
79024,0,0.0062
79025,0,0.0086
79026,0,0.0091
79027,0,0.0179
79028,0,0.4968
79029,0,0.0031
79030,0,0.0268
79031,0,0.4228
79032,1,0.8805
79033,0,0.1123
79034,0,0.0283
79035,0,0.0093
79036,0,0.0076
79037,1,0.9793
79038,0,0.0155
79039,0,0.0612
79040,0,0.0305
79041,0,0.0055
79042,0,0.0058
79043,0,0.0378
79044,0,0.1838
79045,0,0.1319
79046,0,0.1732
79047,0,0.0199
79048,0,0.0486
79049,0,0.0443
79050,0,0.0406
79051,0,0.0239
79052,0,0.0328
79053,0,0.0544
79054,1,0.8375
79055,0,0.0149
79056,0,0.0115
79057,0,0.0114
79058,0,0.0092
79059,0,0.2275
79060,0,0.0319
79061,0,0.0018
79062,0,0.1526
79063,0,0.012
79064,0,0.189
79065,0,0.0451
79066,0,0.0018
79067,0,0.0081
79068,0,0.0113
79069,0,0.2403
79070,0,0.2308
79071,0,0.0579
79072,0,0.0068
79073,0,0.0363
79074,1,0.9609
79075,0,0.0173
79076,0,0.1995
79077,0,0.0191
79078,0,0.0234
79079,0,0.0126
79080,0,0.0173
79081,0,0.0013
79082,0,0.008
79083,0,0.0412
79084,0,0.0148
79085,1,0.9079
79086,1,0.9856
79087,1,0.9352
79088,0,0.0138
79089,0,0.0045
79090,1,0.9509
79091,0,0.0226
79092,0,0.0031
79093,1,0.9581
79094,0,0.0059
79095,0,0.0077
79096,0,0.0515
79097,0,0.1483
79098,1,0.8279
79099,1,0.9832
79100,0,0.0014
79101,0,0.0556
79102,0,0.1197
79103,0,0.058
79104,0,0.0114
79105,0,0.009
79106,0,0.0456
79107,0,0.011
79108,0,0.0027
79109,0,0.0062
79110,0,0.0505
79111,0,0.0106
79112,0,0.01
79113,0,0.1396
79114,0,0.0026
79115,0,0.0417
79116,0,0.0329
79117,0,0.0831
79118,0,0.0177
79119,1,0.9839
79120,0,0.0082
79121,0,0.0232
79122,0,0.0273
79123,0,0.0017
79124,0,0.0135
79125,0,0.0019
79126,0,0.0113
79127,1,0.8807
79128,0,0.0039
79129,0,0.0272
79130,0,0.0078
79131,1,0.7905
79132,0,0.0178
79133,0,0.1845
79134,0,0.0121
79135,0,0.0357
79136,0,0.0988
79137,0,0.0299
79138,0,0.0278
79139,0,0.1806
79140,0,0.3687
79141,0,0.0098
79142,0,0.0011
79143,0,0.0268
79144,0,0.0165
79145,0,0.0343
79146,0,0.0186
79147,0,0.1563
79148,0,0.0094
79149,0,0.116
79150,0,0.0175
79151,0,0.0174
79152,0,0.0061
79153,0,0.0209
79154,0,0.0088
79155,0,0.0932
79156,0,0.0341
79157,0,0.0414
79158,0,0.0072
79159,0,0.1419
79160,0,0.0103
79161,0,0.1238
79162,0,0.0062
79163,0,0.233
79164,0,0.0292
79165,0,0.0251
79166,0,0.0017
79167,0,0.1426
79168,0,0.0542
79169,0,0.0257
79170,0,0.0062
79171,0,0.002
79172,0,0.0298
79173,0,0.0453
79174,1,0.9715
79175,0,0.0934
79176,0,0.0105
79177,1,0.9467
79178,0,0.086
79179,0,0.0186
79180,0,0.0149
79181,0,0.0066
79182,0,0.0069
79183,0,0.0049
79184,0,0.013
79185,0,0.0118
79186,0,0.0025
79187,0,0.021
79188,0,0.1409
79189,0,0.062
79190,0,0.0051
79191,0,0.0594
79192,1,0.9728
79193,0,0.1027
79194,0,0.2814
79195,0,0.1644
79196,0,0.1881
79197,0,0.0568
79198,1,0.9348
79199,0,0.0677
79200,0,0.0736
79201,0,0.0889
79202,0,0.0548
79203,0,0.0732
79204,0,0.01
79205,0,0.0078
79206,0,0.1108
79207,0,0.1637
79208,0,0.0062
79209,1,0.7957
79210,0,0.0648
79211,0,0.0053
79212,0,0.2998
79213,0,0.0329
79214,0,0.0053
79215,0,0.0019
79216,1,0.9477
79217,0,0.0613
79218,0,0.0069
79219,0,0.024
79220,0,0.017
79221,0,0.013
79222,1,0.9858
79223,0,0.0221
79224,0,0.0024
79225,0,0.0019
79226,0,0.1043
79227,0,0.0397
79228,0,0.0175
79229,0,0.1031
79230,0,0.1155
79231,0,0.2262
79232,0,0.2877
79233,0,0.0081
79234,0,0.0154
79235,0,0.0099
79236,0,0.05
79237,0,0.0391
79238,1,0.9542
79239,0,0.0121
79240,0,0.04
79241,0,0.0122
79242,1,0.9181
79243,0,0.0127
79244,0,0.0953
79245,0,0.008
79246,0,0.0086
79247,0,0.0954
79248,0,0.0052
79249,0,0.0178
79250,0,0.0408
79251,0,0.0339
79252,1,0.8789
79253,0,0.0091
79254,0,0.0017
79255,0,0.0123
79256,0,0.0154
79257,1,0.9852
79258,0,0.0178
79259,0,0.027
79260,0,0.1299
79261,0,0.0123
79262,0,0.0381
79263,0,0.0115
79264,0,0.0581
79265,0,0.063
79266,1,0.8772
79267,0,0.0077
79268,0,0.0069
79269,1,0.9293
79270,0,0.0356
79271,0,0.024
79272,0,0.0311
79273,1,0.9626
79274,0,0.0921
79275,0,0.0132
79276,0,0.0109
79277,0,0.0201
79278,0,0.0966
79279,0,0.0229
79280,0,0.0132
79281,0,0.0112
79282,0,0.0268
79283,0,0.2637
79284,0,0.0031
79285,0,0.1916
79286,0,0.174
79287,0,0.0134
79288,0,0.084
79289,0,0.0227
79290,0,0.006
79291,0,0.0083
79292,0,0.0129
79293,0,0.0067
79294,1,0.977
79295,0,0.0125
79296,0,0.0999
79297,0,0.0105
79298,0,0.0109
79299,0,0.0954
79300,0,0.0009
79301,0,0.0009
79302,1,0.9956
79303,0,0.0089
79304,0,0.042
79305,0,0.0131
79306,0,0.0098
79307,0,0.0269
79308,0,0.0317
79309,0,0.0197
79310,0,0.0839
79311,0,0.0435
79312,0,0.0786
79313,0,0.1976
79314,0,0.1184
79315,0,0.0126
79316,0,0.0286
79317,0,0.022
79318,0,0.0698
79319,0,0.0289
79320,1,0.7797
79321,1,0.9817
79322,1,0.9522
79323,0,0.0043
79324,0,0.0463
79325,0,0.0203
79326,0,0.0498
79327,0,0.001
79328,0,0.0093
79329,0,0.0197
79330,0,0.0488
79331,0,0.007
79332,1,0.9611
79333,0,0.0063
79334,0,0.0185
79335,0,0.0088
79336,0,0.0242
79337,0,0.0054
79338,0,0.0049
79339,0,0.0867
79340,0,0.0019
79341,0,0.0165
79342,0,0.0172
79343,0,0.0166
79344,0,0.0383
79345,0,0.0077
79346,0,0.013
79347,0,0.2786
79348,0,0.0409
79349,0,0.0239
79350,0,0.0464
79351,0,0.0185
79352,0,0.0167
79353,0,0.0889
79354,0,0.033
79355,0,0.1226
79356,0,0.025
79357,0,0.015
79358,0,0.0008
79359,0,0.1501
79360,0,0.0089
79361,0,0.0188
79362,0,0.0049
79363,0,0.0032
79364,1,0.9492
79365,0,0.004
79366,1,0.9758
79367,0,0.0048
79368,0,0.0434
79369,0,0.0171
79370,0,0.0393
79371,1,0.9627
79372,0,0.0063
79373,0,0.006
79374,0,0.0763
79375,1,0.9554
79376,0,0.0139
79377,0,0.1752
79378,0,0.0077
79379,0,0.0112
79380,0,0.027
79381,0,0.0199
79382,0,0.304
79383,1,0.961
79384,1,0.9073
79385,0,0.0437
79386,1,0.986
79387,0,0.0895
79388,0,0.0167
79389,0,0.0425
79390,0,0.0618
79391,1,0.9766
79392,0,0.018
79393,0,0.0033
79394,0,0.0237
79395,0,0.0577
79396,0,0.0098
79397,0,0.0179
79398,0,0.0024
79399,0,0.0436
79400,0,0.0064
79401,1,0.9818
79402,0,0.0137
79403,1,0.97
79404,0,0.0124
79405,0,0.037
79406,0,0.0025
79407,0,0.0263
79408,0,0.0668
79409,0,0.0448
79410,0,0.0436
79411,0,0.0056
79412,0,0.0263
79413,0,0.0033
79414,0,0.0147
79415,0,0.0106
79416,0,0.0121
79417,0,0.062
79418,0,0.0409
79419,0,0.0133
79420,0,0.0172
79421,0,0.002
79422,1,0.9189
79423,0,0.06
79424,0,0.0518
79425,0,0.0122
79426,0,0.0043
79427,0,0.0065
79428,0,0.0362
79429,0,0.0707
79430,0,0.0026
79431,1,0.9657
79432,0,0.0147
79433,0,0.0194
79434,0,0.0017
79435,0,0.2018
79436,0,0.0154
79437,0,0.1232
79438,0,0.0074
79439,0,0.0523
79440,0,0.0159
79441,0,0.154
79442,0,0.0137
79443,0,0.0679
79444,0,0.0087
79445,0,0.0297
79446,0,0.0333
79447,0,0.0126
79448,0,0.0098
79449,0,0.0164
79450,0,0.0439
79451,0,0.0217
79452,0,0.0699
79453,0,0.1197
79454,0,0.0007
79455,0,0.0057
79456,0,0.0012
79457,0,0.0109
79458,0,0.0087
79459,1,0.7341
79460,0,0.0106
79461,1,0.9621
79462,0,0.1215
79463,0,0.0165
79464,0,0.0688
79465,0,0.0154
79466,0,0.0082
79467,0,0.0116
79468,0,0.0214
79469,0,0.0294
79470,0,0.123
79471,0,0.0428
79472,0,0.0046
79473,1,0.682
79474,0,0.0073
79475,0,0.021
79476,1,0.9546
79477,1,0.9404
79478,0,0.0217
79479,0,0.0327
79480,0,0.0829
79481,0,0.0055
79482,0,0.0607
79483,0,0.0181
79484,0,0.0056
79485,0,0.0444
79486,0,0.1154
79487,0,0.0405
79488,0,0.0089
79489,0,0.008
79490,0,0.0079
79491,0,0.278
79492,0,0.0068
79493,1,0.9484
79494,1,0.8855
79495,0,0.0132
79496,0,0.039
79497,0,0.153
79498,0,0.162
79499,1,0.9734
79500,0,0.0185
79501,0,0.0396
79502,0,0.001
79503,0,0.0244
79504,0,0.0529
79505,0,0.0336
79506,0,0.0421
79507,0,0.0133
79508,0,0.045
79509,0,0.0061
79510,0,0.0113
79511,0,0.0027
79512,0,0.0087
79513,0,0.0155
79514,0,0.032
79515,0,0.0741
79516,0,0.0319
79517,0,0.0118
79518,0,0.0012
79519,0,0.0013
79520,0,0.0009
79521,0,0.0238
79522,0,0.0085
79523,0,0.2866
79524,0,0.0054
79525,0,0.0491
79526,0,0.0057
79527,0,0.0276
79528,0,0.0183
79529,1,0.9523
79530,0,0.0179
79531,0,0.0336
79532,0,0.0093
79533,0,0.0273
79534,0,0.0091
79535,1,0.9489
79536,0,0.0109
79537,0,0.0216
79538,0,0.0111
79539,1,0.6321
79540,0,0.0161
79541,0,0.0056
79542,0,0.0082
79543,0,0.2226
79544,0,0.0068
79545,1,0.8929
79546,1,0.9834
79547,0,0.0166
79548,0,0.0075
79549,0,0.0687
79550,0,0.0378
79551,0,0.0778
79552,0,0.0867
79553,0,0.0362
79554,0,0.0207
79555,0,0.0054
79556,1,0.8411
79557,0,0.0671
79558,0,0.0184
79559,0,0.012
79560,0,0.0298
79561,0,0.0283
79562,0,0.004
79563,0,0.029
79564,1,0.9802
79565,1,0.5175
79566,0,0.0225
79567,0,0.0072
79568,0,0.0095
79569,0,0.0079
79570,0,0.1271
79571,0,0.0113
79572,0,0.038
79573,0,0.0213
79574,0,0.0553
79575,0,0.0107
79576,0,0.1203
79577,0,0.0369
79578,0,0.0051
79579,0,0.0145
79580,0,0.0165
79581,0,0.0112
79582,1,0.7191
79583,0,0.0076
79584,0,0.0129
79585,0,0.0384
79586,0,0.021
79587,0,0.0202
79588,0,0.1303
79589,0,0.0692
79590,0,0.0133
79591,1,0.7539
79592,0,0.0167
79593,0,0.0424
79594,0,0.071
79595,1,0.7144
79596,0,0.0037
79597,0,0.0828
79598,0,0.0527
79599,0,0.0355
79600,0,0.0572
79601,0,0.0914
79602,0,0.1967
79603,0,0.1117
79604,0,0.0118
79605,0,0.1247
79606,1,0.9664
79607,0,0.0013
79608,0,0.0141
79609,0,0.0964
79610,0,0.024
79611,0,0.001
79612,0,0.008
79613,1,0.8589
79614,0,0.1532
79615,0,0.0189
79616,0,0.0181
79617,0,0.012
79618,0,0.0166
79619,1,0.9256
79620,0,0.0178
79621,0,0.0863
79622,0,0.0105
79623,0,0.0197
79624,0,0.0664
79625,0,0.0108
79626,0,0.0233
79627,0,0.0266
79628,0,0.0209
79629,0,0.0047
79630,0,0.0264
79631,1,0.9342
79632,0,0.0086
79633,0,0.1576
79634,0,0.017
79635,1,0.945
79636,0,0.0035
79637,0,0.0154
79638,0,0.0216
79639,0,0.0657
79640,0,0.0358
79641,0,0.3122
79642,0,0.0414
79643,0,0.2508
79644,0,0.0621
79645,0,0.0663
79646,0,0.0043
79647,0,0.0315
79648,1,0.9187
79649,0,0.0207
79650,0,0.0383
79651,0,0.0015
79652,0,0.0227
79653,0,0.1913
79654,0,0.0206
79655,0,0.0207
79656,0,0.0031
79657,0,0.0843
79658,0,0.0346
79659,0,0.02
79660,0,0.0337
79661,0,0.0274
79662,0,0.0671
79663,0,0.0082
79664,0,0.005
79665,1,0.9391
79666,1,0.6359
79667,0,0.0234
79668,0,0.2382
79669,0,0.019
79670,0,0.2113
79671,1,0.9612
79672,0,0.0097
79673,0,0.0614
79674,0,0.0056
79675,0,0.1647
79676,1,0.6483
79677,0,0.2054
79678,0,0.0041
79679,0,0.0723
79680,0,0.0548
79681,0,0.0502
79682,0,0.0585
79683,0,0.0159
79684,0,0.0116
79685,0,0.0031
79686,0,0.0457
79687,1,0.9947
79688,0,0.1116
79689,0,0.0442
79690,0,0.0598
79691,0,0.0515
79692,1,0.9629
79693,0,0.0085
79694,0,0.015
79695,0,0.0163
79696,0,0.0048
79697,0,0.0806
79698,0,0.0073
79699,0,0.0109
79700,0,0.0079
79701,0,0.0874
79702,0,0.025
79703,1,0.9747
79704,0,0.0141
79705,0,0.0088
79706,0,0.0749
79707,1,0.9653
79708,0,0.0142
79709,0,0.0196
79710,0,0.0113
79711,0,0.0476
79712,0,0.0198
79713,0,0.0258
79714,0,0.0496
79715,0,0.0369
79716,0,0.0264
79717,1,0.9507
79718,0,0.025
79719,0,0.0642
79720,0,0.0685
79721,0,0.0413
79722,1,0.9245
79723,0,0.0782
79724,1,0.9566
79725,1,0.9537
79726,0,0.059
79727,0,0.0055
79728,0,0.0419
79729,0,0.1442
79730,0,0.0152
79731,0,0.0067
79732,0,0.0009
79733,1,0.5168
79734,0,0.0168
79735,0,0.0758
79736,0,0.0106
79737,0,0.0024
79738,0,0.0144
79739,0,0.0023
79740,0,0.0033
79741,0,0.0471
79742,0,0.1186
79743,0,0.0103
79744,0,0.2227
79745,0,0.0278
79746,1,0.9075
79747,0,0.0371
79748,0,0.0199
79749,0,0.0632
79750,0,0.1873
79751,0,0.0865
79752,0,0.0728
79753,0,0.0096
79754,0,0.0059
79755,0,0.0469
79756,0,0.0021
79757,0,0.0182
79758,0,0.0051
79759,0,0.0973
79760,1,0.9969
79761,0,0.0262
79762,0,0.0015
79763,0,0.0087
79764,0,0.0176
79765,1,0.9496
79766,0,0.0239
79767,0,0.0269
79768,0,0.109
79769,0,0.0209
79770,0,0.0118
79771,0,0.0301
79772,0,0.0043
79773,0,0.0022
79774,0,0.0224
79775,0,0.0026
79776,1,0.8537
79777,0,0.0377
79778,0,0.0107
79779,1,0.924
79780,0,0.153
79781,0,0.0014
79782,1,0.9768
79783,0,0.069
79784,1,0.9563
79785,0,0.0068
79786,0,0.1916
79787,0,0.023
79788,0,0.0037
79789,1,0.9272
79790,0,0.072
79791,0,0.0884
79792,0,0.4615
79793,0,0.0031
79794,0,0.0694
79795,0,0.0311
79796,0,0.2021
79797,0,0.0172
79798,0,0.0019
79799,0,0.1041
79800,0,0.0409
79801,1,0.9863
79802,0,0.0045
79803,0,0.0052
79804,0,0.3597
79805,0,0.108
79806,0,0.0285
79807,0,0.0581
79808,0,0.0181
79809,0,0.1092
79810,0,0.005
79811,0,0.2254
79812,0,0.0028
79813,0,0.0016
79814,0,0.0183
79815,0,0.1044
79816,1,0.9957
79817,0,0.024
79818,0,0.038
79819,0,0.0767
79820,0,0.0209
79821,0,0.0047
79822,0,0.003
79823,0,0.01
79824,0,0.313
79825,0,0.0387
79826,1,0.9822
79827,0,0.0223
79828,0,0.0149
79829,0,0.0237
79830,0,0.0156
79831,0,0.1591
79832,1,0.9313
79833,0,0.0197
79834,0,0.0226
79835,0,0.4609
79836,0,0.0754
79837,0,0.0144
79838,0,0.0825
79839,1,0.9842
79840,0,0.0715
79841,1,0.9321
79842,0,0.0394
79843,0,0.016
79844,0,0.0223
79845,0,0.0346
79846,0,0.0032
79847,1,0.9854
79848,0,0.0407
79849,0,0.0386
79850,0,0.1309
79851,0,0.0486
79852,0,0.0247
79853,0,0.002
79854,0,0.0799
79855,0,0.0072
79856,0,0.0065
79857,0,0.0159
79858,0,0.0115
79859,0,0.0231
79860,0,0.0007
79861,0,0.0202
79862,1,0.9891
79863,0,0.0236
79864,0,0.0384
79865,0,0.0055
79866,0,0.0121
79867,0,0.0009
79868,1,0.9606
79869,0,0.0194
79870,0,0.0738
79871,0,0.0336
79872,0,0.0038
79873,0,0.0917
79874,0,0.1099
79875,1,0.9713
79876,0,0.0222
79877,0,0.0509
79878,0,0.0263
79879,0,0.0163
79880,0,0.0288
79881,0,0.0372
79882,0,0.0017
79883,0,0.095
79884,0,0.0089
79885,1,0.9859
79886,0,0.0086
79887,1,0.883
79888,0,0.0046
79889,0,0.02
79890,0,0.0077
79891,0,0.0123
79892,0,0.0408
79893,0,0.0853
79894,0,0.0114
79895,0,0.0959
79896,0,0.0189
79897,0,0.0195
79898,0,0.0119
79899,0,0.0069
79900,0,0.0501
79901,0,0.013
79902,0,0.0228
79903,0,0.0525
79904,0,0.0494
79905,0,0.098
79906,0,0.0218
79907,0,0.0941
79908,0,0.0208
79909,0,0.0408
79910,0,0.0016
79911,0,0.0447
79912,0,0.079
79913,1,0.9811
79914,0,0.0307
79915,0,0.0091
79916,0,0.0681
79917,0,0.0061
79918,0,0.0317
79919,0,0.023
79920,0,0.0096
79921,0,0.0691
79922,0,0.0024
79923,0,0.0846
79924,0,0.1306
79925,0,0.0078
79926,0,0.0548
79927,0,0.003
79928,1,0.9686
79929,1,0.983
79930,0,0.0047
79931,0,0.1141
79932,0,0.2717
79933,0,0.0581
79934,0,0.2121
79935,0,0.0146
79936,0,0.0085
79937,0,0.0205
79938,1,0.9798
79939,1,0.951
79940,0,0.1961
79941,0,0.029
79942,0,0.0366
79943,0,0.0181
79944,1,0.9537
79945,0,0.0033
79946,0,0.0373
79947,0,0.0691
79948,0,0.0286
79949,0,0.0088
79950,0,0.0013
79951,0,0.0036
79952,0,0.0099
79953,0,0.0161
79954,0,0.0527
79955,0,0.0015
79956,0,0.0637
79957,0,0.0059
79958,0,0.015
79959,0,0.0262
79960,0,0.0087
79961,0,0.0414
79962,0,0.0338
79963,0,0.0053
79964,0,0.0134
79965,0,0.1283
79966,0,0.1352
79967,0,0.0349
79968,0,0.0294
79969,0,0.0079
79970,0,0.0071
79971,0,0.0048
79972,0,0.1399
79973,0,0.1424
79974,0,0.0102
79975,0,0.0369
79976,0,0.0137
79977,0,0.0211
79978,0,0.0186
79979,0,0.0112
79980,1,0.822
79981,0,0.0135
79982,0,0.0021
79983,0,0.0119
79984,0,0.0184
79985,0,0.0102
79986,0,0.0034
79987,0,0.0245
79988,0,0.0617
79989,0,0.1786
79990,0,0.019
79991,0,0.4152
79992,0,0.0113
79993,0,0.0297
79994,0,0.0135
79995,0,0.0258
79996,0,0.0984
79997,0,0.0105
79998,0,0.1774
79999,0,0.005
80000,0,0.0078
80001,0,0.0045
80002,1,0.7489
80003,0,0.0129
80004,0,0.059
80005,0,0.0113
80006,1,0.9815
80007,0,0.0066
80008,0,0.0367
80009,0,0.1284
80010,0,0.0064
80011,0,0.0012
80012,0,0.0744
80013,0,0.0183
80014,0,0.0116
80015,0,0.0166
80016,0,0.2242
80017,0,0.005
80018,0,0.019
80019,0,0.034
80020,0,0.0898
80021,0,0.0524
80022,0,0.0578
80023,0,0.0384
80024,0,0.0092
80025,1,0.5417
80026,0,0.2401
80027,0,0.0407
80028,0,0.0365
80029,0,0.0022
80030,0,0.0788
80031,0,0.0015
80032,0,0.039
80033,0,0.013
80034,0,0.0049
80035,0,0.031
80036,0,0.0196
80037,0,0.0169
80038,0,0.0134
80039,0,0.0486
80040,0,0.0397
80041,0,0.0178
80042,0,0.0254
80043,0,0.0402
80044,0,0.0508
80045,0,0.0055
80046,0,0.1139
80047,0,0.0901
80048,0,0.004
80049,0,0.0184
80050,0,0.0013
80051,1,0.9457
80052,0,0.0406
80053,0,0.0896
80054,0,0.0492
80055,1,0.9823
80056,1,0.8748
80057,0,0.2184
80058,0,0.0211
80059,0,0.0021
80060,0,0.0205
80061,0,0.049
80062,0,0.0197
80063,0,0.0407
80064,1,0.9859
80065,0,0.0576
80066,0,0.0938
80067,0,0.0171
80068,0,0.3731
80069,1,0.9679
80070,0,0.0187
80071,0,0.0226
80072,1,0.8836
80073,1,0.9365
80074,0,0.1172
80075,0,0.0235
80076,0,0.0131
80077,0,0.275
80078,0,0.0037
80079,0,0.0025
80080,0,0.0761
80081,0,0.076
80082,0,0.2588
80083,0,0.0072
80084,0,0.0295
80085,0,0.0013
80086,0,0.1979
80087,0,0.0067
80088,1,0.9224
80089,0,0.0172
80090,0,0.0076
80091,0,0.0268
80092,0,0.0466
80093,0,0.0365
80094,0,0.0772
80095,0,0.121
80096,0,0.0123
80097,1,0.9439
80098,0,0.025
80099,0,0.0861
80100,0,0.0307
80101,0,0.0101
80102,1,0.9775
80103,0,0.1343
80104,0,0.0367
80105,0,0.0133
80106,0,0.02
80107,0,0.0092
80108,0,0.0068
80109,1,0.9552
80110,0,0.0231
80111,0,0.1165
80112,0,0.0034
80113,0,0.0093
80114,0,0.0502
80115,0,0.0038
80116,0,0.0223
80117,0,0.0176
80118,0,0.0102
80119,0,0.1049
80120,0,0.0019
80121,0,0.0061
80122,0,0.0354
80123,0,0.001
80124,1,0.9848
80125,0,0.0686
80126,0,0.3577
80127,0,0.0058
80128,1,0.9944
80129,0,0.0066
80130,0,0.0263
80131,1,0.9672
80132,0,0.1407
80133,0,0.0141
80134,0,0.0891
80135,0,0.0799
80136,1,0.961
80137,0,0.0943
80138,0,0.0011
80139,0,0.0325
80140,0,0.0234
80141,0,0.0179
80142,0,0.0139
80143,0,0.0289
80144,0,0.0075
80145,0,0.3571
80146,0,0.2994
80147,1,0.9112
80148,0,0.0075
80149,1,0.8612
80150,0,0.0303
80151,0,0.0439
80152,1,0.9745
80153,0,0.0832
80154,0,0.0098
80155,0,0.1088
80156,1,0.9484
80157,1,0.8641
80158,0,0.0088
80159,0,0.0144
80160,0,0.0235
80161,0,0.0369
80162,0,0.0564
80163,0,0.014
80164,0,0.044
80165,0,0.195
80166,0,0.0268
80167,0,0.1228
80168,0,0.2263
80169,0,0.0258
80170,0,0.0096
80171,0,0.0067
80172,0,0.0078
80173,0,0.0048
80174,1,0.9875
80175,0,0.0063
80176,0,0.0113
80177,1,0.8777
80178,0,0.0179
80179,0,0.0331
80180,0,0.0115
80181,1,0.9422
80182,0,0.0068
80183,0,0.0132
80184,1,0.7225
80185,0,0.0198
80186,0,0.0078
80187,0,0.0154
80188,0,0.041
80189,0,0.0024
80190,0,0.0443
80191,0,0.0164
80192,0,0.0086
80193,0,0.002
80194,0,0.0065
80195,1,0.5598
80196,0,0.0016
80197,0,0.0073
80198,0,0.0115
80199,0,0.012
80200,0,0.0291
80201,0,0.1069
80202,0,0.0073
80203,1,0.9816
80204,0,0.114
80205,0,0.0553
80206,0,0.0015
80207,0,0.0848
80208,0,0.0137
80209,0,0.0203
80210,0,0.0332
80211,0,0.0146
80212,0,0.0269
80213,0,0.0213
80214,0,0.0216
80215,0,0.0184
80216,0,0.0511
80217,0,0.0125
80218,0,0.0078
80219,0,0.0088
80220,0,0.0054
80221,0,0.0165
80222,0,0.0932
80223,1,0.962
80224,0,0.0358
80225,0,0.0615
80226,0,0.0869
80227,0,0.0086
80228,0,0.0123
80229,0,0.0272
80230,0,0.0047
80231,1,0.9594
80232,0,0.0188
80233,0,0.0155
80234,0,0.0171
80235,0,0.0298
80236,0,0.0175
80237,0,0.0115
80238,0,0.0541
80239,0,0.0345
80240,0,0.034
80241,0,0.0106
80242,0,0.0811
80243,0,0.0021
80244,0,0.0105
80245,0,0.0421
80246,0,0.019
80247,0,0.0063
80248,0,0.0888
80249,0,0.0021
80250,0,0.1636
80251,0,0.0061
80252,0,0.0153
80253,0,0.0272
80254,0,0.0013
80255,0,0.06
80256,0,0.023
80257,0,0.1007
80258,0,0.0237
80259,0,0.0093
80260,0,0.022
80261,0,0.0111
80262,0,0.0391
80263,0,0.0379
80264,1,0.9544
80265,0,0.0132
80266,0,0.0561
80267,1,0.9754
80268,0,0.0022
80269,0,0.0096
80270,0,0.0284
80271,0,0.1162
80272,0,0.4702
80273,0,0.1259
80274,0,0.0293
80275,0,0.024
80276,1,0.8372
80277,0,0.012
80278,1,0.5529
80279,0,0.325
80280,0,0.0585
80281,0,0.0591
80282,0,0.0158
80283,0,0.0038
80284,0,0.0285
80285,0,0.0794
80286,1,0.9802
80287,0,0.0215
80288,0,0.0125
80289,0,0.0196
80290,0,0.013
80291,0,0.0062
80292,0,0.0006
80293,0,0.0064
80294,0,0.0209
80295,0,0.0236
80296,0,0.008
80297,1,0.9868
80298,0,0.0182
80299,0,0.1221
80300,0,0.0271
80301,0,0.0282
80302,0,0.0238
80303,0,0.0603
80304,0,0.0118
80305,0,0.0381
80306,0,0.0378
80307,0,0.0122
80308,0,0.0055
80309,0,0.0044
80310,0,0.0141
80311,0,0.003
80312,0,0.0102
80313,0,0.0139
80314,0,0.005
80315,0,0.0795
80316,0,0.0572
80317,0,0.0345
80318,1,0.9664
80319,0,0.0486
80320,0,0.0037
80321,0,0.0486
80322,0,0.0583
80323,0,0.2152
80324,0,0.016
80325,0,0.0682
80326,0,0.0459
80327,0,0.008
80328,0,0.0886
80329,0,0.0903
80330,0,0.0441
80331,0,0.011
80332,0,0.0572
80333,0,0.0667
80334,1,0.812
80335,0,0.0025
80336,0,0.0167
80337,0,0.0047
80338,0,0.0562
80339,0,0.0182
80340,0,0.0454
80341,0,0.0105
80342,0,0.0053
80343,0,0.0192
80344,0,0.0357
80345,0,0.0999
80346,1,0.9087
80347,0,0.0134
80348,0,0.0022
80349,0,0.1316
80350,0,0.1367
80351,0,0.0164
80352,0,0.0446
80353,0,0.0858
80354,0,0.3334
80355,0,0.0862
80356,0,0.0038
80357,0,0.0299
80358,0,0.1145
80359,0,0.0137
80360,0,0.0481
80361,0,0.0109
80362,0,0.0059
80363,0,0.0105
80364,0,0.0457
80365,0,0.0114
80366,0,0.0425
80367,0,0.0295
80368,0,0.0023
80369,1,0.9768
80370,1,0.9685
80371,1,0.6825
80372,0,0.1019
80373,0,0.0398
80374,0,0.0019
80375,0,0.0047
80376,1,0.9577
80377,0,0.0659
80378,0,0.0166
80379,0,0.003
80380,0,0.1111
80381,0,0.0255
80382,0,0.0959
80383,0,0.0584
80384,0,0.1496
80385,0,0.0211
80386,0,0.0146
80387,0,0.086
80388,0,0.0137
80389,0,0.0062
80390,0,0.0046
80391,0,0.0091
80392,0,0.0911
80393,0,0.1689
80394,0,0.1084
80395,0,0.0153
80396,0,0.1974
80397,0,0.0166
80398,0,0.0662
80399,0,0.0139
80400,1,0.9583
80401,0,0.0096
80402,0,0.0086
80403,0,0.1727
80404,0,0.0372
80405,0,0.0429
80406,0,0.0553
80407,0,0.0103
80408,0,0.133
80409,0,0.0363
80410,0,0.0061
80411,0,0.1067
80412,0,0.0208
80413,0,0.0232
80414,0,0.1207
80415,0,0.0011
80416,0,0.0605
80417,0,0.0092
80418,0,0.0165
80419,0,0.0558
80420,0,0.0047
80421,0,0.0174
80422,0,0.003
80423,0,0.0574
80424,0,0.0384
80425,0,0.0014
80426,0,0.0372
80427,0,0.0122
80428,0,0.0747
80429,1,0.8311
80430,0,0.0076
80431,1,0.9833
80432,0,0.1874
80433,0,0.0044
80434,0,0.0665
80435,0,0.0022
80436,0,0.0013
80437,0,0.0334
80438,0,0.0327
80439,0,0.0826
80440,0,0.1194
80441,0,0.0895
80442,0,0.082
80443,0,0.0132
80444,0,0.014
80445,0,0.0451
80446,0,0.0482
80447,0,0.0527
80448,0,0.0212
80449,0,0.0233
80450,0,0.0261
80451,0,0.0415
80452,0,0.0783
80453,0,0.1353
80454,0,0.0414
80455,0,0.0324
80456,0,0.0071
80457,0,0.0187
80458,1,0.9851
80459,0,0.0083
80460,0,0.016
80461,0,0.0723
80462,0,0.0075
80463,0,0.0328
80464,0,0.0053
80465,0,0.0706
80466,0,0.0157
80467,0,0.0155
80468,0,0.013
80469,0,0.0266
80470,0,0.2794
80471,0,0.0793
80472,0,0.0397
80473,0,0.0046
80474,0,0.0028
80475,0,0.008
80476,0,0.006
80477,0,0.0201
80478,0,0.0123
80479,0,0.0546
80480,0,0.0018
80481,0,0.0107
80482,0,0.4393
80483,0,0.0247
80484,0,0.0022
80485,0,0.0517
80486,0,0.0066
80487,0,0.0281
80488,1,0.9508
80489,0,0.0039
80490,0,0.0703
80491,1,0.9795
80492,0,0.0275
80493,0,0.0213
80494,0,0.0321
80495,1,0.9477
80496,0,0.0133
80497,1,0.9136
80498,0,0.088
80499,0,0.074
80500,1,0.984
80501,0,0.0517
80502,0,0.0064
80503,0,0.2244
80504,1,0.9549
80505,1,0.9254
80506,1,0.9406
80507,0,0.0217
80508,0,0.0112
80509,0,0.0186
80510,0,0.0397
80511,0,0.0248
80512,0,0.0239
80513,0,0.0057
80514,0,0.0066
80515,0,0.0992
80516,0,0.006
80517,0,0.0177
80518,0,0.0582
80519,0,0.0268
80520,0,0.0719
80521,0,0.0052
80522,0,0.0225
80523,0,0.0117
80524,0,0.0068
80525,0,0.005
80526,0,0.0343
80527,0,0.0015
80528,0,0.0146
80529,0,0.0124
80530,0,0.0219
80531,0,0.0137
80532,0,0.0175
80533,0,0.0134
80534,0,0.0104
80535,0,0.002
80536,0,0.0602
80537,0,0.01
80538,0,0.0086
80539,0,0.042
80540,0,0.0539
80541,0,0.0427
80542,0,0.0897
80543,0,0.0149
80544,0,0.0072
80545,0,0.0495
80546,0,0.0118
80547,0,0.0132
80548,0,0.0009
80549,1,0.943
80550,1,0.9881
80551,0,0.0951
80552,0,0.1104
80553,0,0.0014
80554,0,0.0099
80555,0,0.0011
80556,1,0.9744
80557,0,0.0553
80558,0,0.0043
80559,1,0.9385
80560,0,0.0135
80561,0,0.0824
80562,0,0.0334
80563,0,0.0839
80564,0,0.0028
80565,0,0.0012
80566,0,0.0409
80567,0,0.0179
80568,0,0.0108
80569,0,0.4866
80570,0,0.0403
80571,0,0.0178
80572,0,0.0394
80573,0,0.0919
80574,0,0.0078
80575,0,0.1847
80576,0,0.0645
80577,1,0.9877
80578,0,0.0115
80579,0,0.1967
80580,0,0.0048
80581,0,0.0359
80582,0,0.0175
80583,0,0.0099
80584,0,0.0055
80585,0,0.2758
80586,0,0.1045
80587,0,0.0104
80588,0,0.0253
80589,0,0.1598
80590,0,0.0257
80591,0,0.0033
80592,0,0.1437
80593,0,0.0108
80594,0,0.022
80595,0,0.0269
80596,0,0.0325
80597,0,0.1312
80598,0,0.006
80599,0,0.018
80600,1,0.9683
80601,0,0.0136
80602,0,0.019
80603,0,0.058
80604,0,0.0301
80605,0,0.0662
80606,0,0.0492
80607,0,0.012
80608,0,0.0123
80609,1,0.9084
80610,0,0.1348
80611,0,0.024
80612,1,0.8419
80613,0,0.1356
80614,0,0.0832
80615,1,0.8485
80616,0,0.0205
80617,0,0.1009
80618,1,0.752
80619,0,0.0935
80620,0,0.0119
80621,0,0.0136
80622,0,0.041
80623,0,0.2005
80624,0,0.0966
80625,0,0.2959
80626,0,0.0217
80627,0,0.2089
80628,0,0.0124
80629,0,0.0066
80630,0,0.0085
80631,0,0.0879
80632,0,0.123
80633,0,0.0124
80634,0,0.0032
80635,0,0.0623
80636,1,0.9094
80637,1,0.5256
80638,0,0.0958
80639,0,0.0156
80640,0,0.0049
80641,0,0.067
80642,0,0.0268
80643,0,0.0088
80644,0,0.0193
80645,1,0.939
80646,0,0.0058
80647,0,0.0229
80648,0,0.0737
80649,0,0.1491
80650,1,0.8855
80651,0,0.0063
80652,0,0.0082
80653,0,0.0147
80654,0,0.0729
80655,1,0.9647
80656,0,0.0161
80657,0,0.0648
80658,0,0.0234
80659,1,0.9607
80660,0,0.3244
80661,0,0.0163
80662,0,0.0179
80663,0,0.0118
80664,0,0.1477
80665,1,0.9036
80666,1,0.96
80667,0,0.0081
80668,0,0.0034
80669,1,0.6375
80670,0,0.0058
80671,0,0.0007
80672,0,0.0687
80673,0,0.1201
80674,0,0.0094
80675,0,0.0207
80676,0,0.0135
80677,0,0.0047
80678,0,0.0456
80679,0,0.0647
80680,0,0.0063
80681,0,0.0015
80682,0,0.0081
80683,0,0.0089
80684,0,0.0706
80685,1,0.9834
80686,0,0.0147
80687,0,0.026
80688,0,0.0229
80689,0,0.0168
80690,0,0.0893
80691,0,0.0063
80692,0,0.0041
80693,0,0.0134
80694,0,0.0211
80695,0,0.0019
80696,0,0.0467
80697,0,0.0091
80698,0,0.1443
80699,0,0.0022
80700,0,0.1951
80701,0,0.0329
80702,0,0.0094
80703,0,0.0041
80704,0,0.0279
80705,0,0.0548
80706,0,0.0494
80707,0,0.0214
80708,0,0.0058
80709,0,0.0093
80710,0,0.071
80711,0,0.0719
80712,0,0.0348
80713,0,0.0124
80714,0,0.0096
80715,0,0.0102
80716,0,0.0847
80717,0,0.0301
80718,0,0.0179
80719,0,0.0031
80720,0,0.0097
80721,0,0.0023
80722,0,0.0058
80723,0,0.0958
80724,0,0.1673
80725,0,0.1506
80726,0,0.0027
80727,0,0.0632
80728,0,0.0318
80729,0,0.0275
80730,0,0.0291
80731,0,0.0093
80732,0,0.0351
80733,0,0.0072
80734,0,0.0353
80735,0,0.0321
80736,0,0.0167
80737,0,0.0197
80738,0,0.1975
80739,0,0.0201
80740,0,0.027
80741,0,0.0145
80742,0,0.0014
80743,0,0.0056
80744,0,0.0151
80745,0,0.0059
80746,0,0.031
80747,0,0.0034
80748,0,0.0399
80749,0,0.0034
80750,0,0.0501
80751,0,0.209
80752,0,0.0101
80753,0,0.3448
80754,0,0.0111
80755,0,0.0171
80756,0,0.0585
80757,0,0.1404
80758,0,0.0755
80759,0,0.0147
80760,0,0.1329
80761,0,0.0239
80762,0,0.0478
80763,0,0.0319
80764,0,0.0311
80765,0,0.0144
80766,0,0.0353
80767,0,0.0171
80768,0,0.0043
80769,0,0.0205
80770,0,0.0351
80771,0,0.0828
80772,1,0.83
80773,0,0.0946
80774,0,0.0066
80775,0,0.0251
80776,0,0.0259
80777,0,0.1458
80778,0,0.0047
80779,0,0.0108
80780,0,0.0101
80781,0,0.0332
80782,0,0.006
80783,0,0.2795
80784,0,0.0665
80785,0,0.0189
80786,0,0.0115
80787,1,0.9898
80788,0,0.0143
80789,0,0.0805
80790,0,0.0492
80791,0,0.0043
80792,0,0.0082
80793,0,0.0192
80794,0,0.0091
80795,0,0.0206
80796,0,0.1425
80797,0,0.0364
80798,0,0.0025
80799,0,0.0372
80800,0,0.0237
80801,0,0.0356
80802,0,0.0096
80803,0,0.0191
80804,0,0.0066
80805,0,0.0127
80806,0,0.0032
80807,0,0.0079
80808,0,0.0795
80809,0,0.0735
80810,0,0.0154
80811,0,0.0089
80812,0,0.0077
80813,0,0.0259
80814,0,0.0121
80815,0,0.054
80816,0,0.0229
80817,0,0.1463
80818,0,0.014
80819,0,0.0098
80820,0,0.0775
80821,0,0.0281
80822,0,0.0116
80823,1,0.9923
80824,0,0.1054
80825,0,0.1898
80826,0,0.0188
80827,0,0.0163
80828,0,0.0033
80829,0,0.0091
80830,0,0.0823
80831,0,0.008
80832,1,0.9814
80833,0,0.0318
80834,0,0.0064
80835,0,0.0361
80836,0,0.0452
80837,0,0.0045
80838,0,0.0871
80839,0,0.0645
80840,0,0.0035
80841,0,0.0135
80842,0,0.0136
80843,0,0.0073
80844,0,0.0194
80845,0,0.0134
80846,0,0.3295
80847,0,0.0058
80848,0,0.0049
80849,0,0.0181
80850,0,0.254
80851,0,0.0304
80852,0,0.136
80853,0,0.0935
80854,0,0.0175
80855,0,0.0075
80856,0,0.1009
80857,0,0.2587
80858,0,0.0909
80859,1,0.926
80860,0,0.0125
80861,0,0.1125
80862,0,0.0529
80863,0,0.4788
80864,1,0.9522
80865,0,0.0089
80866,0,0.0013
80867,0,0.0112
80868,1,0.9554
80869,0,0.0069
80870,0,0.0289
80871,0,0.005
80872,0,0.0205
80873,0,0.0091
80874,1,0.9741
80875,0,0.3123
80876,0,0.0094
80877,1,0.9466
80878,1,0.8325
80879,0,0.0412
80880,0,0.0458
80881,1,0.9746
80882,0,0.003
80883,0,0.0928
80884,0,0.0022
80885,0,0.0069
80886,0,0.0019
80887,0,0.0051
80888,0,0.0326
80889,0,0.0065
80890,0,0.0439
80891,0,0.087
80892,1,0.9887
80893,0,0.0092
80894,0,0.0119
80895,0,0.0136
80896,0,0.0063
80897,0,0.0941
80898,0,0.008
80899,0,0.1103
80900,0,0.0054
80901,0,0.0166
80902,0,0.0279
80903,0,0.0135
80904,0,0.0041
80905,0,0.0027
80906,0,0.0338
80907,0,0.4365
80908,0,0.0371
80909,0,0.3305
80910,0,0.026
80911,0,0.0032
80912,0,0.0154
80913,0,0.0266
80914,0,0.0072
80915,1,0.9765
80916,0,0.0094
80917,0,0.0124
80918,0,0.0039
80919,0,0.0949
80920,0,0.0083
80921,0,0.0266
80922,0,0.0727
80923,0,0.0133
80924,0,0.0211
80925,0,0.0346
80926,0,0.0176
80927,0,0.0722
80928,0,0.0108
80929,0,0.0419
80930,0,0.1705
80931,1,0.9782
80932,0,0.1314
80933,0,0.0126
80934,0,0.0082
80935,0,0.0266
80936,1,0.9544
80937,0,0.1713
80938,0,0.0152
80939,0,0.0386
80940,0,0.0456
80941,0,0.0584
80942,0,0.0462
80943,0,0.0847
80944,0,0.0196
80945,0,0.0264
80946,0,0.0063
80947,1,0.9676
80948,0,0.0073
80949,0,0.0641
80950,0,0.0342
80951,1,0.9821
80952,0,0.1335
80953,0,0.0119
80954,0,0.0046
80955,0,0.0143
80956,0,0.0035
80957,0,0.016
80958,0,0.1951
80959,0,0.0101
80960,1,0.9497
80961,0,0.0158
80962,0,0.0388
80963,0,0.0081
80964,0,0.0873
80965,0,0.016
80966,0,0.0449
80967,0,0.0435
80968,0,0.0107
80969,0,0.0077
80970,0,0.0301
80971,1,0.9603
80972,1,0.6441
80973,0,0.0107
80974,0,0.1183
80975,0,0.0716
80976,0,0.0176
80977,0,0.0338
80978,0,0.0125
80979,0,0.0286
80980,0,0.0029
80981,1,0.9743
80982,0,0.0094
80983,0,0.1901
80984,0,0.0198
80985,0,0.0082
80986,0,0.0334
80987,0,0.1348
80988,0,0.0773
80989,0,0.0298
80990,0,0.0146
80991,0,0.0367
80992,0,0.007
80993,0,0.0006
80994,0,0.2624
80995,0,0.0284
80996,0,0.0452
80997,1,0.9977
80998,0,0.0147
80999,0,0.1041
81000,0,0.0492
81001,0,0.1263
81002,0,0.064
81003,0,0.0152
81004,0,0.0777
81005,0,0.003
81006,0,0.0248
81007,0,0.0025
81008,0,0.0893
81009,0,0.0616
81010,0,0.4517
81011,0,0.2919
81012,0,0.0284
81013,0,0.0158
81014,0,0.007
81015,0,0.0239
81016,0,0.068
81017,0,0.0103
81018,0,0.057
81019,0,0.0169
81020,0,0.0513
81021,1,0.9666
81022,0,0.0158
81023,0,0.0516
81024,0,0.0459
81025,0,0.0449
81026,0,0.0487
81027,0,0.0243
81028,1,0.9227
81029,0,0.0288
81030,0,0.0267
81031,0,0.0486
81032,0,0.1008
81033,0,0.0316
81034,1,0.9035
81035,0,0.0095
81036,0,0.0313
81037,1,0.9287
81038,0,0.043
81039,0,0.0315
81040,0,0.0092
81041,0,0.0166
81042,1,0.9656
81043,0,0.0014
81044,0,0.009
81045,0,0.0114
81046,0,0.0851
81047,0,0.0218
81048,0,0.0101
81049,0,0.0144
81050,0,0.0338
81051,0,0.0038
81052,0,0.0624
81053,0,0.0016
81054,0,0.0174
81055,0,0.0084
81056,0,0.0335
81057,0,0.2508
81058,0,0.0875
81059,0,0.0015
81060,0,0.0395
81061,0,0.3433
81062,0,0.0177
81063,0,0.1663
81064,1,0.9829
81065,0,0.0104
81066,1,0.9013
81067,0,0.0143
81068,0,0.0143
81069,1,0.9722
81070,0,0.0299
81071,0,0.0197
81072,0,0.0068
81073,0,0.0832
81074,0,0.0089
81075,0,0.0415
81076,0,0.0318
81077,0,0.0035
81078,0,0.0083
81079,0,0.0351
81080,0,0.0199
81081,0,0.3295
81082,0,0.0398
81083,0,0.3914
81084,0,0.0009
81085,1,0.9686
81086,0,0.021
81087,0,0.019
81088,0,0.0504
81089,0,0.0672
81090,0,0.0205
81091,0,0.0093
81092,0,0.0019
81093,0,0.0178
81094,0,0.0123
81095,0,0.0403
81096,0,0.001
81097,0,0.0228
81098,0,0.0535
81099,0,0.0254
81100,0,0.0046
81101,0,0.0094
81102,0,0.0593
81103,0,0.0012
81104,0,0.0055
81105,0,0.0122
81106,0,0.004
81107,0,0.0508
81108,0,0.0048
81109,0,0.0285
81110,0,0.0272
81111,0,0.0066
81112,0,0.0037
81113,0,0.2486
81114,0,0.0023
81115,0,0.0031
81116,0,0.0234
81117,0,0.0045
81118,0,0.0517
81119,0,0.0267
81120,1,0.9916
81121,0,0.03
81122,0,0.0984
81123,0,0.0027
81124,0,0.0374
81125,0,0.1965
81126,0,0.0111
81127,1,0.9731
81128,1,0.9191
81129,0,0.0208
81130,0,0.0406
81131,0,0.0096
81132,0,0.0059
81133,0,0.0027
81134,0,0.081
81135,0,0.0382
81136,1,0.9882
81137,0,0.0172
81138,0,0.0591
81139,0,0.0101
81140,0,0.0483
81141,0,0.0117
81142,0,0.1783
81143,0,0.0229
81144,0,0.0194
81145,0,0.0144
81146,1,0.9689
81147,1,0.9248
81148,0,0.0083
81149,0,0.0745
81150,0,0.002
81151,0,0.011
81152,0,0.004
81153,0,0.1978
81154,0,0.0017
81155,0,0.0836
81156,0,0.012
81157,0,0.0633
81158,0,0.025
81159,0,0.0563
81160,0,0.0138
81161,1,0.962
81162,0,0.0481
81163,0,0.0643
81164,1,0.881
81165,0,0.0505
81166,1,0.989
81167,0,0.0248
81168,0,0.0068
81169,0,0.0314
81170,0,0.2524
81171,0,0.0092
81172,0,0.0244
81173,0,0.0268
81174,0,0.0226
81175,0,0.0268
81176,0,0.0027
81177,0,0.108
81178,0,0.0603
81179,0,0.1853
81180,0,0.0163
81181,0,0.0162
81182,0,0.0276
81183,1,0.9271
81184,0,0.0269
81185,0,0.0262
81186,0,0.0226
81187,0,0.0092
81188,0,0.0287
81189,0,0.0301
81190,0,0.0311
81191,0,0.0105
81192,0,0.0917
81193,0,0.0057
81194,0,0.0152
81195,0,0.0047
81196,0,0.0049
81197,0,0.0177
81198,0,0.0103
81199,0,0.0203
81200,0,0.017
81201,0,0.1006
81202,1,0.9634
81203,0,0.0616
81204,0,0.098
81205,1,0.979
81206,0,0.0145
81207,0,0.0203
81208,0,0.0116
81209,0,0.0125
81210,0,0.0537
81211,0,0.0063
81212,0,0.0063
81213,0,0.0075
81214,0,0.0071
81215,0,0.0189
81216,0,0.015
81217,1,0.6875
81218,1,0.9765
81219,1,0.9727
81220,0,0.0521
81221,0,0.0538
81222,0,0.0013
81223,0,0.0525
81224,0,0.0841
81225,0,0.0202
81226,0,0.0816
81227,0,0.0197
81228,0,0.0022
81229,0,0.0143
81230,0,0.014
81231,0,0.1501
81232,0,0.0114
81233,0,0.012
81234,0,0.0759
81235,0,0.0515
81236,0,0.0198
81237,0,0.0067
81238,0,0.0156
81239,1,0.9713
81240,0,0.0012
81241,0,0.0028
81242,0,0.045
81243,0,0.0307
81244,0,0.0043
81245,0,0.0989
81246,0,0.0839
81247,1,0.7727
81248,0,0.0121
81249,0,0.078
81250,0,0.1368
81251,0,0.0037
81252,0,0.022
81253,0,0.0446
81254,0,0.2396
81255,0,0.0975
81256,1,0.9529
81257,0,0.0319
81258,0,0.0146
81259,0,0.0257
81260,0,0.0407
81261,0,0.078
81262,0,0.0492
81263,0,0.0422
81264,0,0.029
81265,0,0.0071
81266,1,0.513
81267,0,0.0072
81268,0,0.0273
81269,0,0.1163
81270,0,0.0014
81271,1,0.8559
81272,0,0.0191
81273,0,0.0166
81274,0,0.0505
81275,0,0.0954
81276,0,0.2272
81277,0,0.3552
81278,0,0.1257
81279,0,0.114
81280,0,0.1928
81281,1,0.9117
81282,0,0.0445
81283,0,0.0309
81284,0,0.0426
81285,0,0.2061
81286,0,0.0429
81287,0,0.4038
81288,0,0.0061
81289,0,0.0093
81290,0,0.1488
81291,0,0.0069
81292,0,0.0131
81293,0,0.0693
81294,0,0.012
81295,1,0.6643
81296,0,0.0117
81297,0,0.0433
81298,0,0.0129
81299,0,0.0274
81300,0,0.0289
81301,0,0.0174
81302,0,0.0074
81303,0,0.0618
81304,0,0.0295
81305,0,0.0017
81306,0,0.0096
81307,0,0.0361
81308,0,0.0079
81309,0,0.0018
81310,0,0.069
81311,0,0.0489
81312,0,0.0059
81313,0,0.0067
81314,0,0.0143
81315,0,0.0409
81316,0,0.3356
81317,0,0.0509
81318,0,0.0236
81319,0,0.0257
81320,1,0.8674
81321,0,0.048
81322,0,0.0256
81323,0,0.0282
81324,0,0.0141
81325,0,0.002
81326,0,0.0056
81327,0,0.0337
81328,1,0.9532
81329,0,0.0621
81330,0,0.0319
81331,0,0.0013
81332,0,0.0132
81333,0,0.082
81334,1,0.7892
81335,0,0.0114
81336,0,0.0013
81337,0,0.0156
81338,0,0.0105
81339,0,0.0168
81340,0,0.0084
81341,0,0.0101
81342,0,0.0257
81343,1,0.9775
81344,0,0.0032
81345,0,0.004
81346,0,0.0009
81347,0,0.0049
81348,1,0.9787
81349,0,0.1393
81350,0,0.011
81351,0,0.0358
81352,0,0.006
81353,0,0.1043
81354,0,0.0105
81355,0,0.0155
81356,0,0.0093
81357,1,0.9401
81358,0,0.0056
81359,0,0.1553
81360,0,0.0809
81361,0,0.0425
81362,0,0.0178
81363,0,0.0262
81364,1,0.5582
81365,0,0.0061
81366,0,0.0335
81367,0,0.279
81368,0,0.0307
81369,1,0.8984
81370,0,0.0169
81371,0,0.0329
81372,0,0.0036
81373,0,0.0407
81374,0,0.0059
81375,0,0.0492
81376,0,0.0037
81377,1,0.9764
81378,0,0.0219
81379,0,0.0388
81380,0,0.0014
81381,0,0.0078
81382,0,0.014
81383,0,0.0177
81384,0,0.0156
81385,0,0.0235
81386,0,0.0289
81387,0,0.0057
81388,0,0.0281
81389,0,0.0215
81390,0,0.0195
81391,0,0.007
81392,1,0.806
81393,0,0.0101
81394,0,0.0838
81395,0,0.0388
81396,0,0.0245
81397,0,0.0469
81398,0,0.004
81399,0,0.0198
81400,0,0.2603
81401,0,0.0579
81402,0,0.0173
81403,0,0.031
81404,0,0.0141
81405,1,0.9538
81406,0,0.0116
81407,0,0.0085
81408,0,0.017
81409,0,0.0076
81410,0,0.0607
81411,0,0.0143
81412,0,0.0077
81413,1,0.9334
81414,0,0.0012
81415,0,0.1271
81416,0,0.0136
81417,0,0.0279
81418,0,0.029
81419,0,0.0203
81420,0,0.0074
81421,0,0.0037
81422,0,0.0576
81423,0,0.0043
81424,0,0.0393
81425,1,0.9405
81426,0,0.0295
81427,0,0.0155
81428,0,0.0239
81429,1,0.9969
81430,0,0.0128
81431,0,0.0314
81432,1,0.9218
81433,0,0.1535
81434,0,0.0478
81435,0,0.0872
81436,0,0.0949
81437,0,0.0179
81438,0,0.0544
81439,0,0.0094
81440,0,0.005
81441,0,0.0335
81442,0,0.0052
81443,0,0.0047
81444,0,0.0061
81445,0,0.0377
81446,0,0.012
81447,0,0.1052
81448,0,0.0394
81449,0,0.0033
81450,0,0.037
81451,0,0.0624
81452,0,0.0012
81453,0,0.008
81454,0,0.2072
81455,0,0.0167
81456,0,0.0015
81457,0,0.0079
81458,0,0.0239
81459,0,0.0097
81460,0,0.0687
81461,0,0.0138
81462,1,0.9553
81463,0,0.0231
81464,0,0.0281
81465,0,0.0122
81466,0,0.0007
81467,0,0.0056
81468,0,0.0115
81469,0,0.0576
81470,0,0.0184
81471,0,0.0018
81472,0,0.0498
81473,0,0.01
81474,0,0.0125
81475,0,0.002
81476,1,0.7969
81477,1,0.9977
81478,0,0.0609
81479,0,0.0194
81480,0,0.0128
81481,0,0.1234
81482,0,0.0524
81483,0,0.0659
81484,0,0.059
81485,0,0.0193
81486,0,0.0012
81487,0,0.0142
81488,0,0.0198
81489,0,0.0066
81490,0,0.0202
81491,0,0.0953
81492,0,0.0175
81493,0,0.0017
81494,0,0.0263
81495,0,0.0089
81496,0,0.0317
81497,0,0.0069
81498,0,0.0158
81499,0,0.0243
81500,0,0.0059
81501,1,0.9762
81502,0,0.0525
81503,0,0.0108
81504,0,0.0188
81505,0,0.0138
81506,0,0.07
81507,0,0.0275
81508,0,0.0012
81509,0,0.0553
81510,0,0.2649
81511,1,0.9434
81512,0,0.1266
81513,0,0.006
81514,0,0.0055
81515,0,0.0049
81516,0,0.1034
81517,0,0.0501
81518,0,0.0071
81519,1,0.5033
81520,0,0.0414
81521,0,0.0153
81522,0,0.0226
81523,0,0.0412
81524,0,0.0786
81525,0,0.0095
81526,0,0.0029
81527,0,0.0038
81528,0,0.0523
81529,0,0.0874
81530,0,0.0127
81531,0,0.0149
81532,0,0.034
81533,0,0.0043
81534,0,0.0224
81535,0,0.0463
81536,0,0.0068
81537,1,0.861
81538,0,0.0403
81539,0,0.0038
81540,0,0.0082
81541,0,0.0583
81542,0,0.0014
81543,0,0.0516
81544,0,0.0433
81545,0,0.0028
81546,0,0.0057
81547,0,0.0157
81548,0,0.4103
81549,0,0.0245
81550,0,0.0998
81551,0,0.0561
81552,0,0.0704
81553,1,0.9906
81554,0,0.0014
81555,0,0.0245
81556,0,0.0075
81557,0,0.0371
81558,0,0.0242
81559,1,0.9532
81560,0,0.0268
81561,0,0.0894
81562,0,0.0009
81563,0,0.0047
81564,0,0.0192
81565,0,0.0021
81566,0,0.0031
81567,1,0.9467
81568,1,0.978
81569,0,0.0174
81570,1,0.9764
81571,0,0.0961
81572,0,0.0064
81573,0,0.0011
81574,0,0.0529
81575,0,0.0515
81576,0,0.0479
81577,0,0.3016
81578,0,0.0048
81579,0,0.1109
81580,0,0.4804
81581,0,0.0427
81582,0,0.0085
81583,1,0.6069
81584,0,0.1238
81585,0,0.0536
81586,0,0.1236
81587,0,0.0125
81588,0,0.251
81589,0,0.0056
81590,0,0.0048
81591,0,0.0105
81592,0,0.0532
81593,0,0.0358
81594,0,0.0084
81595,1,0.9619
81596,0,0.0163
81597,0,0.0106
81598,1,0.9659
81599,0,0.016
81600,0,0.0366
81601,0,0.015
81602,0,0.0059
81603,0,0.0386
81604,0,0.1094
81605,0,0.0529
81606,1,0.5345
81607,0,0.0319
81608,0,0.0614
81609,0,0.0191
81610,0,0.0071
81611,0,0.0455
81612,0,0.0533
81613,0,0.022
81614,0,0.0319
81615,0,0.0096
81616,0,0.0089
81617,0,0.0822
81618,0,0.2234
81619,0,0.0051
81620,0,0.0385
81621,0,0.0009
81622,0,0.0073
81623,0,0.0328
81624,0,0.0015
81625,0,0.0284
81626,0,0.0127
81627,0,0.0007
81628,0,0.0601
81629,0,0.0099
81630,0,0.0078
81631,0,0.033
81632,0,0.0583
81633,0,0.0343
81634,0,0.0691
81635,0,0.0279
81636,0,0.0019
81637,0,0.0018
81638,0,0.0533
81639,0,0.2667
81640,0,0.0119
81641,0,0.0651
81642,1,0.9173
81643,1,0.8551
81644,0,0.018
81645,0,0.001
81646,0,0.008
81647,0,0.0008
81648,0,0.0111
81649,0,0.0045
81650,0,0.0023
81651,0,0.1011
81652,0,0.0184
81653,0,0.0236
81654,0,0.0373
81655,0,0.0129
81656,0,0.0409
81657,0,0.0178
81658,0,0.0697
81659,0,0.013
81660,0,0.1234
81661,0,0.1932
81662,0,0.0194
81663,0,0.0077
81664,0,0.0384
81665,0,0.1987
81666,0,0.0092
81667,0,0.0016
81668,0,0.0009
81669,0,0.0017
81670,0,0.3331
81671,0,0.0373
81672,1,0.9683
81673,0,0.0285
81674,0,0.0174
81675,1,0.9734
81676,0,0.0012
81677,0,0.0045
81678,0,0.0604
81679,0,0.0221
81680,0,0.0681
81681,0,0.0458
81682,0,0.0296
81683,0,0.4009
81684,0,0.0073
81685,1,0.8132
81686,0,0.0123
81687,0,0.0186
81688,1,0.9576
81689,0,0.0069
81690,0,0.0387
81691,0,0.0138
81692,0,0.1015
81693,1,0.9716
81694,0,0.02
81695,0,0.0155
81696,0,0.0054
81697,0,0.3172
81698,0,0.0934
81699,0,0.0072
81700,0,0.0562
81701,0,0.0974
81702,0,0.0236
81703,0,0.048
81704,0,0.0799
81705,1,0.9583
81706,0,0.0013
81707,0,0.0077
81708,0,0.009
81709,0,0.0225
81710,0,0.3043
81711,0,0.0269
81712,0,0.1525
81713,0,0.0119
81714,0,0.0085
81715,0,0.2834
81716,0,0.0046
81717,0,0.0099
81718,0,0.0025
81719,1,0.9727
81720,0,0.0102
81721,0,0.0421
81722,1,0.9212
81723,0,0.0468
81724,0,0.1127
81725,0,0.0304
81726,0,0.0075
81727,0,0.0817
81728,0,0.0144
81729,0,0.0421
81730,0,0.0496
81731,0,0.0197
81732,0,0.0437
81733,0,0.022
81734,0,0.0037
81735,0,0.1093
81736,0,0.0231
81737,0,0.0429
81738,0,0.0458
81739,0,0.0863
81740,0,0.007
81741,0,0.0613
81742,1,0.9202
81743,1,0.9796
81744,0,0.0151
81745,0,0.0141
81746,1,0.9874
81747,0,0.0759
81748,0,0.0313
81749,0,0.0021
81750,1,0.9217
81751,1,0.8868
81752,1,0.9606
81753,0,0.0014
81754,0,0.0054
81755,0,0.0055
81756,0,0.0346
81757,0,0.0175
81758,0,0.0468
81759,0,0.0267
81760,0,0.0014
81761,0,0.009
81762,0,0.0027
81763,0,0.0222
81764,0,0.0317
81765,0,0.0093
81766,0,0.025
81767,0,0.0218
81768,0,0.3385
81769,0,0.001
81770,0,0.001
81771,0,0.0127
81772,0,0.031
81773,0,0.0264
81774,0,0.012
81775,0,0.117
81776,0,0.1689
81777,0,0.0524
81778,0,0.0104
81779,0,0.0499
81780,0,0.0203
81781,0,0.005
81782,0,0.0425
81783,0,0.035
81784,0,0.0109
81785,0,0.0344
81786,0,0.1165
81787,0,0.026
81788,1,0.8291
81789,0,0.026
81790,0,0.0222
81791,0,0.0276
81792,0,0.0949
81793,0,0.0298
81794,0,0.0207
81795,0,0.0248
81796,0,0.0083
81797,0,0.0148
81798,0,0.0231
81799,0,0.0162
81800,0,0.0028
81801,0,0.0082
81802,0,0.0031
81803,0,0.0368
81804,0,0.04
81805,0,0.33
81806,0,0.0048
81807,0,0.0121
81808,0,0.0136
81809,0,0.0025
81810,0,0.0328
81811,1,0.9885
81812,1,0.9634
81813,0,0.0524
81814,0,0.0183
81815,0,0.0884
81816,1,0.9613
81817,0,0.0765
81818,0,0.015
81819,0,0.0335
81820,0,0.0418
81821,0,0.0095
81822,1,0.9775
81823,0,0.0254
81824,0,0.0796
81825,0,0.0382
81826,1,0.9878
81827,0,0.0203
81828,1,0.9426
81829,0,0.1064
81830,0,0.0362
81831,0,0.0195
81832,0,0.0392
81833,0,0.0028
81834,0,0.0136
81835,0,0.0209
81836,1,0.9787
81837,0,0.0048
81838,0,0.0098
81839,0,0.0042
81840,1,0.8824
81841,0,0.0992
81842,1,0.8887
81843,0,0.0074
81844,1,0.9761
81845,0,0.0309
81846,0,0.0332
81847,0,0.1326
81848,1,0.9717
81849,0,0.0024
81850,0,0.0024
81851,0,0.0013
81852,0,0.0016
81853,0,0.0122
81854,1,0.8157
81855,0,0.0628
81856,0,0.0193
81857,0,0.0072
81858,0,0.0072
81859,0,0.457
81860,1,0.8537
81861,0,0.0407
81862,0,0.0016
81863,0,0.4503
81864,0,0.0305
81865,0,0.0164
81866,0,0.0046
81867,0,0.0081
81868,0,0.0336
81869,1,0.6262
81870,0,0.0762
81871,0,0.0376
81872,0,0.0015
81873,0,0.0025
81874,1,0.986
81875,0,0.0151
81876,0,0.1091
81877,0,0.0464
81878,0,0.0117
81879,1,0.9611
81880,1,0.6456
81881,1,0.9594
81882,0,0.0211
81883,1,0.8544
81884,1,0.9827
81885,0,0.0119
81886,0,0.0085
81887,0,0.0136
81888,0,0.0059
81889,0,0.0168
81890,0,0.0179
81891,0,0.0073
81892,0,0.0118
81893,0,0.0156
81894,1,0.9576
81895,0,0.0084
81896,1,0.9476
81897,0,0.0128
81898,0,0.028
81899,0,0.0389
81900,0,0.1122
81901,0,0.0104
81902,1,0.988
81903,0,0.0027
81904,0,0.003
81905,0,0.0469
81906,0,0.0034
81907,0,0.0405
81908,0,0.0463
81909,0,0.0295
81910,0,0.0124
81911,0,0.0219
81912,0,0.0018
81913,0,0.0195
81914,0,0.0208
81915,0,0.0207
81916,0,0.0163
81917,0,0.383
81918,0,0.0085
81919,0,0.014
81920,0,0.0337
81921,0,0.027
81922,1,0.9295
81923,0,0.0569
81924,0,0.0136
81925,0,0.0507
81926,0,0.0309
81927,0,0.0218
81928,0,0.1143
81929,0,0.0723
81930,0,0.1057
81931,0,0.1981
81932,0,0.0133
81933,1,0.9822
81934,0,0.0748
81935,0,0.0165
81936,0,0.0856
81937,0,0.0198
81938,0,0.1079
81939,0,0.0273
81940,0,0.0015
81941,0,0.0067
81942,0,0.0259
81943,0,0.0875
81944,0,0.0047
81945,0,0.0187
81946,0,0.066
81947,0,0.1342
81948,0,0.0013
81949,0,0.0338
81950,0,0.0047
81951,0,0.2039
81952,0,0.0046
81953,0,0.0625
81954,0,0.0194
81955,0,0.0167
81956,0,0.0041
81957,0,0.0009
81958,0,0.0171
81959,0,0.0792
81960,0,0.009
81961,0,0.0055
81962,0,0.0152
81963,1,0.984
81964,1,0.9888
81965,0,0.138
81966,1,0.9639
81967,0,0.0443
81968,0,0.0168
81969,0,0.0411
81970,0,0.0126
81971,0,0.0549
81972,0,0.007
81973,0,0.1869
81974,0,0.0175
81975,0,0.0186
81976,0,0.0553
81977,1,0.9562
81978,0,0.0305
81979,0,0.2064
81980,0,0.0227
81981,0,0.0194
81982,0,0.0053
81983,0,0.0161
81984,0,0.0097
81985,1,0.951
81986,0,0.027
81987,0,0.0026
81988,0,0.0055
81989,0,0.008
81990,0,0.0999
81991,0,0.0633
81992,1,0.8496
81993,1,0.8393
81994,0,0.0072
81995,0,0.0881
81996,0,0.0178
81997,0,0.0401
81998,0,0.0041
81999,0,0.0524
82000,0,0.0187
82001,0,0.0087
82002,1,0.985
82003,0,0.0316
82004,0,0.0187
82005,0,0.0037
82006,0,0.0781
82007,0,0.1056
82008,0,0.1107
82009,0,0.0199
82010,0,0.002
82011,1,0.6464
82012,0,0.0324
82013,0,0.004
82014,0,0.0012
82015,0,0.0211
82016,0,0.4819
82017,0,0.0164
82018,0,0.1319
82019,0,0.053
82020,0,0.262
82021,0,0.052
82022,0,0.0105
82023,0,0.0786
82024,0,0.0221
82025,0,0.0375
82026,0,0.0359
82027,0,0.1466
82028,0,0.1672
82029,0,0.0065
82030,1,0.9448
82031,0,0.0404
82032,0,0.0619
82033,1,0.7694
82034,0,0.0063
82035,0,0.0371
82036,0,0.0392
82037,0,0.051
82038,0,0.0941
82039,0,0.0423
82040,0,0.0013
82041,0,0.0262
82042,0,0.0023
82043,0,0.0798
82044,1,0.8549
82045,0,0.0138
82046,0,0.0079
82047,0,0.3423
82048,0,0.0339
82049,0,0.1171
82050,0,0.0203
82051,0,0.0482
82052,0,0.0175
82053,0,0.0097
82054,0,0.0296
82055,0,0.0061
82056,0,0.0199
82057,0,0.0751
82058,0,0.0222
82059,0,0.1092
82060,0,0.1962
82061,0,0.0035
82062,0,0.0138
82063,0,0.3111
82064,0,0.0294
82065,0,0.0611
82066,0,0.0333
82067,0,0.0216
82068,1,0.9576
82069,0,0.0709
82070,0,0.0355
82071,0,0.0215
82072,0,0.079
82073,0,0.0531
82074,0,0.0298
82075,0,0.0325
82076,0,0.2835
82077,0,0.0625
82078,0,0.0031
82079,0,0.3897
82080,0,0.0183
82081,0,0.0097
82082,1,0.9444
82083,0,0.0307
82084,0,0.0185
82085,0,0.0166
82086,0,0.034
82087,0,0.0067
82088,0,0.1507
82089,0,0.0019
82090,0,0.0057
82091,0,0.0064
82092,0,0.0127
82093,1,0.8489
82094,0,0.1134
82095,0,0.1451
82096,0,0.0556
82097,0,0.0075
82098,0,0.0368
82099,0,0.0482
82100,0,0.0688
82101,0,0.0098
82102,0,0.0467
82103,0,0.0423
82104,0,0.1839
82105,0,0.1734
82106,1,0.7956
82107,0,0.009
82108,0,0.0112
82109,0,0.0022
82110,0,0.0138
82111,0,0.0075
82112,0,0.0263
82113,1,0.9649
82114,0,0.189
82115,1,0.9939
82116,0,0.0152
82117,0,0.0009
82118,0,0.0223
82119,0,0.0042
82120,0,0.0883
82121,0,0.0062
82122,0,0.0345
82123,0,0.0056
82124,0,0.0451
82125,0,0.0276
82126,0,0.0129
82127,0,0.0086
82128,0,0.0021
82129,0,0.0336
82130,0,0.03
82131,0,0.0151
82132,0,0.066
82133,0,0.0746
82134,0,0.0009
82135,0,0.0689
82136,0,0.0353
82137,0,0.064
82138,0,0.0178
82139,0,0.0104
82140,0,0.0427
82141,0,0.1151
82142,0,0.1459
82143,1,0.9316
82144,0,0.0389
82145,0,0.0044
82146,0,0.0094
82147,0,0.0015
82148,0,0.0191
82149,0,0.0587
82150,0,0.0298
82151,0,0.1172
82152,0,0.0092
82153,0,0.2016
82154,0,0.0027
82155,1,0.9565
82156,0,0.1382
82157,0,0.0283
82158,0,0.0155
82159,0,0.1194
82160,0,0.0077
82161,0,0.042
82162,0,0.0258
82163,0,0.0103
82164,0,0.0048
82165,0,0.0062
82166,0,0.0045
82167,0,0.0275
82168,0,0.0097
82169,0,0.0135
82170,0,0.0331
82171,0,0.0826
82172,1,0.9972
82173,0,0.0918
82174,0,0.0155
82175,0,0.1068
82176,0,0.0911
82177,0,0.0037
82178,1,0.9681
82179,0,0.0474
82180,0,0.0372
82181,0,0.0141
82182,0,0.0144
82183,0,0.0045
82184,0,0.0555
82185,0,0.0185
82186,0,0.0137
82187,0,0.0238
82188,0,0.0752
82189,1,0.867
82190,0,0.0118
82191,1,0.8809
82192,0,0.0057
82193,0,0.04
82194,0,0.0772
82195,0,0.0012
82196,0,0.0093
82197,1,0.9119
82198,0,0.0409
82199,0,0.0271
82200,0,0.0061
82201,0,0.0058
82202,1,0.9407
82203,0,0.1868
82204,0,0.0274
82205,0,0.003
82206,0,0.0058
82207,0,0.001
82208,0,0.0095
82209,0,0.0079
82210,0,0.3397
82211,0,0.2577
82212,0,0.1823
82213,1,0.9636
82214,0,0.0008
82215,0,0.036
82216,0,0.0277
82217,0,0.2152
82218,0,0.0067
82219,0,0.0458
82220,0,0.0432
82221,0,0.0612
82222,0,0.1252
82223,0,0.0028
82224,0,0.0233
82225,0,0.0065
82226,0,0.0137
82227,0,0.0012
82228,0,0.0168
82229,0,0.0282
82230,0,0.0131
82231,0,0.0049
82232,0,0.0164
82233,0,0.0598
82234,0,0.1328
82235,0,0.0439
82236,0,0.0048
82237,0,0.0406
82238,0,0.0043
82239,0,0.0152
82240,0,0.0346
82241,0,0.0571
82242,0,0.1821
82243,0,0.1947
82244,1,0.9226
82245,1,0.9573
82246,0,0.0055
82247,1,0.9612
82248,0,0.0151
82249,0,0.1791
82250,0,0.0386
82251,0,0.0059
82252,0,0.0358
82253,0,0.0286
82254,0,0.0489
82255,0,0.0419
82256,0,0.1383
82257,0,0.0892
82258,0,0.0177
82259,1,0.9438
82260,0,0.0107
82261,0,0.0162
82262,0,0.0527
82263,0,0.0026
82264,0,0.0018
82265,0,0.023
82266,0,0.0889
82267,0,0.0288
82268,0,0.0154
82269,0,0.0123
82270,1,0.976
82271,0,0.008
82272,0,0.1346
82273,1,0.9463
82274,0,0.0197
82275,0,0.0333
82276,0,0.0914
82277,1,0.9917
82278,0,0.0434
82279,0,0.4988
82280,0,0.0277
82281,0,0.0523
82282,0,0.012
82283,0,0.0016
82284,0,0.0164
82285,0,0.0576
82286,0,0.0337
82287,0,0.0662
82288,0,0.0079
82289,0,0.0601
82290,0,0.0731
82291,0,0.0491
82292,0,0.0099
82293,1,0.9183
82294,0,0.0216
82295,0,0.02
82296,0,0.0054
82297,0,0.0017
82298,0,0.0047
82299,0,0.0377
82300,0,0.1372
82301,0,0.0217
82302,0,0.0091
82303,1,0.9665
82304,0,0.0474
82305,0,0.0019
82306,0,0.1856
82307,0,0.0057
82308,0,0.0068
82309,0,0.0242
82310,0,0.0233
82311,0,0.0805
82312,0,0.0106
82313,0,0.2896
82314,0,0.0048
82315,0,0.0699
82316,0,0.1995
82317,0,0.0222
82318,0,0.0102
82319,0,0.0148
82320,0,0.0247
82321,0,0.0109
82322,0,0.0497
82323,0,0.0099
82324,0,0.0653
82325,0,0.0083
82326,0,0.0268
82327,0,0.0201
82328,0,0.0387
82329,0,0.013
82330,0,0.0144
82331,0,0.0341
82332,0,0.0056
82333,0,0.0841
82334,0,0.0042
82335,0,0.0037
82336,0,0.231
82337,0,0.0143
82338,0,0.0371
82339,0,0.0187
82340,0,0.0417
82341,0,0.0144
82342,0,0.0162
82343,0,0.0356
82344,0,0.1315
82345,0,0.0106
82346,0,0.0777
82347,0,0.0078
82348,1,0.9809
82349,0,0.0216
82350,0,0.0058
82351,0,0.0303
82352,0,0.0789
82353,0,0.027
82354,0,0.0565
82355,0,0.0217
82356,0,0.0207
82357,0,0.018
82358,0,0.2
82359,0,0.4016
82360,0,0.0343
82361,0,0.0156
82362,0,0.0061
82363,0,0.0713
82364,1,0.9014
82365,0,0.1148
82366,0,0.0053
82367,0,0.0258
82368,0,0.0412
82369,0,0.0165
82370,0,0.0555
82371,0,0.0074
82372,0,0.0079
82373,0,0.1726
82374,0,0.0821
82375,0,0.0057
82376,0,0.2304
82377,0,0.0098
82378,0,0.0342
82379,0,0.0142
82380,0,0.0181
82381,0,0.0406
82382,0,0.03
82383,0,0.1145
82384,0,0.009
82385,0,0.1461
82386,0,0.032
82387,0,0.0341
82388,0,0.0057
82389,0,0.0395
82390,0,0.0409
82391,1,0.9401
82392,0,0.0464
82393,0,0.3972
82394,0,0.2489
82395,0,0.0115
82396,0,0.0107
82397,0,0.0279
82398,0,0.0106
82399,0,0.0408
82400,0,0.006
82401,0,0.0411
82402,0,0.0418
82403,0,0.3475
82404,0,0.0173
82405,0,0.0398
82406,0,0.0194
82407,0,0.0253
82408,0,0.005
82409,0,0.0019
82410,0,0.0065
82411,0,0.0357
82412,0,0.0087
82413,0,0.0101
82414,0,0.0198
82415,0,0.0306
82416,0,0.0113
82417,0,0.1674
82418,0,0.023
82419,0,0.0268
82420,0,0.002
82421,1,0.8294
82422,0,0.001
82423,0,0.0079
82424,0,0.0214
82425,0,0.0217
82426,1,0.8836
82427,0,0.0034
82428,0,0.0148
82429,0,0.0343
82430,0,0.009
82431,0,0.0061
82432,0,0.0153
82433,0,0.041
82434,0,0.0245
82435,0,0.1265
82436,0,0.0043
82437,0,0.0181
82438,0,0.028
82439,0,0.2136
82440,0,0.1055
82441,0,0.0038
82442,0,0.0024
82443,0,0.0682
82444,0,0.0275
82445,0,0.0217
82446,0,0.0723
82447,0,0.0497
82448,0,0.028
82449,0,0.0065
82450,0,0.0363
82451,0,0.1471
82452,0,0.0129
82453,0,0.002
82454,0,0.0164
82455,0,0.0193
82456,1,0.986
82457,0,0.0221
82458,0,0.0465
82459,0,0.0252
82460,0,0.0042
82461,0,0.0193
82462,0,0.1368
82463,0,0.0661
82464,0,0.0096
82465,0,0.0016
82466,0,0.2931
82467,0,0.0123
82468,0,0.0062
82469,0,0.0185
82470,0,0.0137
82471,0,0.0008
82472,0,0.0469
82473,0,0.0629
82474,0,0.0085
82475,0,0.0236
82476,0,0.0219
82477,0,0.0032
82478,0,0.0049
82479,1,0.9501
82480,0,0.0055
82481,0,0.0118
82482,0,0.0066
82483,0,0.0158
82484,0,0.435
82485,0,0.0493
82486,1,0.9844
82487,0,0.0443
82488,1,0.9699
82489,1,0.9394
82490,0,0.0223
82491,0,0.0195
82492,0,0.0088
82493,0,0.0886
82494,0,0.0418
82495,0,0.0599
82496,0,0.0296
82497,0,0.0656
82498,0,0.0054
82499,0,0.2149
82500,0,0.0094
82501,0,0.0628
82502,0,0.014
82503,0,0.0994
82504,0,0.0217
82505,0,0.0143
82506,0,0.004
82507,0,0.0096
82508,0,0.0758
82509,0,0.0105
82510,0,0.0324
82511,0,0.0154
82512,0,0.028
82513,0,0.1724
82514,0,0.0143
82515,1,0.8918
82516,0,0.0013
82517,0,0.032
82518,0,0.0419
82519,0,0.0209
82520,0,0.1687
82521,0,0.207
82522,0,0.0329
82523,0,0.0088
82524,0,0.0137
82525,0,0.0309
82526,0,0.1768
82527,0,0.0295
82528,0,0.0135
82529,0,0.0244
82530,0,0.0173
82531,0,0.0588
82532,0,0.4807
82533,0,0.0337
82534,0,0.0651
82535,1,0.9234
82536,0,0.0678
82537,0,0.1371
82538,0,0.007
82539,0,0.4163
82540,0,0.0108
82541,0,0.0675
82542,1,0.7641
82543,0,0.0064
82544,0,0.0284
82545,1,0.9946
82546,0,0.1196
82547,0,0.0282
82548,0,0.0594
82549,0,0.0577
82550,0,0.0066
82551,0,0.0106
82552,0,0.0009
82553,0,0.0017
82554,0,0.0092
82555,0,0.0156
82556,0,0.1357
82557,0,0.041
82558,0,0.0793
82559,0,0.006
82560,0,0.0081
82561,0,0.0378
82562,0,0.0132
82563,0,0.0252
82564,0,0.0565
82565,0,0.0052
82566,0,0.0181
82567,0,0.0062
82568,0,0.0067
82569,1,0.9699
82570,1,0.9372
82571,1,0.9103
82572,0,0.0241
82573,0,0.0719
82574,0,0.0102
82575,1,0.9481
82576,0,0.0168
82577,0,0.01
82578,0,0.0141
82579,0,0.0235
82580,0,0.007
82581,1,0.9527
82582,0,0.0077
82583,0,0.004
82584,0,0.0072
82585,0,0.0165
82586,0,0.0579
82587,0,0.0244
82588,0,0.1466
82589,0,0.0037
82590,0,0.0049
82591,0,0.4498
82592,1,0.9066
82593,0,0.0223
82594,0,0.017
82595,1,0.8984
82596,0,0.0141
82597,0,0.0132
82598,0,0.0135
82599,0,0.0326
82600,0,0.0165
82601,1,0.8331
82602,0,0.0214
82603,0,0.0188
82604,0,0.0064
82605,0,0.0102
82606,0,0.1704
82607,0,0.0068
82608,0,0.0146
82609,0,0.1241
82610,0,0.0099
82611,0,0.0467
82612,0,0.092
82613,1,0.9562
82614,0,0.0073
82615,1,0.9268
82616,0,0.0134
82617,0,0.0462
82618,0,0.003
82619,0,0.024
82620,0,0.0282
82621,0,0.0235
82622,0,0.1041
82623,0,0.0052
82624,0,0.0046
82625,1,0.8858
82626,0,0.0257
82627,0,0.0488
82628,0,0.0108
82629,0,0.0072
82630,0,0.0177
82631,0,0.0022
82632,0,0.0291
82633,0,0.0102
82634,0,0.1254
82635,0,0.0296
82636,1,0.9501
82637,0,0.0075
82638,0,0.0107
82639,0,0.111
82640,0,0.0082
82641,0,0.1644
82642,0,0.0168
82643,0,0.0344
82644,0,0.0614
82645,0,0.0206
82646,0,0.0073
82647,0,0.0318
82648,0,0.0042
82649,0,0.0046
82650,0,0.0086
82651,0,0.0032
82652,0,0.0049
82653,0,0.1491
82654,0,0.0261
82655,0,0.0137
82656,1,0.9763
82657,0,0.0149
82658,1,0.9702
82659,0,0.0158
82660,0,0.0656
82661,0,0.1301
82662,0,0.0288
82663,0,0.0529
82664,0,0.0123
82665,1,0.9732
82666,0,0.0304
82667,1,0.9928
82668,0,0.0964
82669,0,0.0348
82670,0,0.095
82671,1,0.9373
82672,0,0.0056
82673,0,0.0467
82674,0,0.0045
82675,0,0.0376
82676,0,0.0103
82677,0,0.0084
82678,0,0.105
82679,0,0.0396
82680,0,0.1458
82681,0,0.0067
82682,1,0.9484
82683,0,0.0658
82684,0,0.2343
82685,0,0.0048
82686,0,0.0043
82687,0,0.0159
82688,0,0.0061
82689,0,0.0185
82690,0,0.0104
82691,0,0.007
82692,0,0.0104
82693,0,0.0076
82694,0,0.0063
82695,0,0.0029
82696,0,0.0452
82697,0,0.0178
82698,1,0.9787
82699,0,0.0034
82700,0,0.0028
82701,0,0.0464
82702,0,0.0016
82703,0,0.0132
82704,0,0.0051
82705,0,0.0034
82706,0,0.0358
82707,0,0.0168
82708,0,0.0067
82709,0,0.1644
82710,0,0.0012
82711,0,0.0143
82712,0,0.0156
82713,0,0.0284
82714,0,0.0085
82715,0,0.0451
82716,0,0.0212
82717,0,0.01
82718,0,0.0915
82719,0,0.0917
82720,0,0.0573
82721,0,0.0195
82722,0,0.0594
82723,0,0.0178
82724,0,0.0505
82725,1,0.9443
82726,0,0.0128
82727,0,0.0336
82728,1,0.9479
82729,0,0.0459
82730,1,0.9229
82731,0,0.0077
82732,0,0.0384
82733,0,0.1133
82734,0,0.0141
82735,0,0.0953
82736,1,0.9441
82737,0,0.0637
82738,1,0.8917
82739,0,0.0656
82740,0,0.118
82741,0,0.1605
82742,0,0.0062
82743,0,0.3623
82744,0,0.106
82745,0,0.0029
82746,0,0.0201
82747,1,0.8943
82748,0,0.0553
82749,0,0.0889
82750,0,0.0086
82751,0,0.2409
82752,0,0.0141
82753,0,0.002
82754,0,0.0059
82755,0,0.0343
82756,0,0.009
82757,0,0.0193
82758,0,0.016
82759,0,0.0032
82760,0,0.0457
82761,1,0.9668
82762,0,0.014
82763,0,0.025
82764,1,0.9704
82765,0,0.0214
82766,0,0.0013
82767,1,0.9819
82768,0,0.0158
82769,0,0.0255
82770,0,0.0178
82771,0,0.0499
82772,0,0.0865
82773,0,0.0163
82774,0,0.477
82775,0,0.0137
82776,1,0.9693
82777,0,0.009
82778,0,0.0231
82779,0,0.0131
82780,0,0.0852
82781,0,0.134
82782,0,0.108
82783,0,0.0313
82784,0,0.0579
82785,0,0.0073
82786,0,0.0222
82787,0,0.0094
82788,0,0.015
82789,0,0.0013
82790,1,0.9552
82791,1,0.9791
82792,0,0.0175
82793,0,0.0009
82794,0,0.1713
82795,0,0.0078
82796,0,0.1414
82797,0,0.0024
82798,0,0.0191
82799,0,0.0148
82800,0,0.0086
82801,0,0.0931
82802,0,0.0076
82803,0,0.0092
82804,0,0.0188
82805,0,0.015
82806,0,0.0075
82807,0,0.0621
82808,0,0.1108
82809,0,0.0201
82810,0,0.0661
82811,1,0.8994
82812,0,0.0196
82813,0,0.0132
82814,1,0.9786
82815,1,0.9642
82816,0,0.0128
82817,0,0.0071
82818,0,0.0091
82819,0,0.0304
82820,0,0.0177
82821,0,0.0118
82822,0,0.0772
82823,1,0.9684
82824,0,0.0039
82825,0,0.0168
82826,1,0.9144
82827,0,0.0935
82828,0,0.0108
82829,0,0.0102
82830,0,0.0194
82831,0,0.0158
82832,0,0.0197
82833,0,0.0167
82834,0,0.0526
82835,0,0.0096
82836,0,0.0505
82837,0,0.0156
82838,0,0.0265
82839,0,0.0577
82840,0,0.0382
82841,1,0.9591
82842,0,0.0356
82843,0,0.01
82844,0,0.0219
82845,0,0.0111
82846,0,0.0086
82847,0,0.0122
82848,0,0.0888
82849,0,0.1588
82850,0,0.0139
82851,0,0.1743
82852,0,0.0094
82853,0,0.0187
82854,0,0.0393
82855,1,0.9472
82856,1,0.8888
82857,0,0.141
82858,1,0.985
82859,0,0.0262
82860,1,0.9874
82861,0,0.0249
82862,0,0.1954
82863,0,0.076
82864,0,0.0357
82865,1,0.977
82866,0,0.0428
82867,0,0.4741
82868,0,0.0211
82869,0,0.0322
82870,0,0.0672
82871,0,0.4865
82872,0,0.0144
82873,0,0.0791
82874,0,0.0398
82875,1,0.8761
82876,0,0.0153
82877,0,0.0077
82878,0,0.0108
82879,1,0.9552
82880,0,0.0714
82881,0,0.0034
82882,1,0.8573
82883,0,0.0173
82884,0,0.0139
82885,0,0.0621
82886,0,0.0034
82887,0,0.0551
82888,0,0.0461
82889,1,0.8515
82890,0,0.1049
82891,0,0.0068
82892,0,0.1035
82893,0,0.0045
82894,0,0.0428
82895,0,0.0034
82896,0,0.0281
82897,0,0.0431
82898,0,0.0326
82899,0,0.0102
82900,0,0.0339
82901,1,0.9366
82902,0,0.0206
82903,0,0.0211
82904,0,0.0038
82905,0,0.0022
82906,0,0.0587
82907,0,0.054
82908,0,0.0055
82909,0,0.0066
82910,0,0.0037
82911,1,0.9617
82912,0,0.038
82913,0,0.0249
82914,0,0.3779
82915,0,0.0034
82916,0,0.0471
82917,0,0.2156
82918,0,0.0153
82919,0,0.0115
82920,0,0.0045
82921,0,0.0055
82922,0,0.0608
82923,0,0.0319
82924,0,0.0105
82925,0,0.0993
82926,0,0.0094
82927,0,0.0592
82928,0,0.0216
82929,0,0.0092
82930,0,0.0051
82931,1,0.9831
82932,0,0.004
82933,0,0.0075
82934,1,0.6167
82935,0,0.0863
82936,0,0.034
82937,0,0.0176
82938,0,0.0673
82939,1,0.754
82940,0,0.0291
82941,0,0.004
82942,0,0.0253
82943,0,0.0109
82944,0,0.0095
82945,0,0.0958
82946,0,0.061
82947,1,0.8404
82948,0,0.1183
82949,0,0.0065
82950,0,0.0202
82951,0,0.0008
82952,1,0.5548
82953,1,0.9844
82954,0,0.0038
82955,0,0.0314
82956,0,0.1835
82957,1,0.8566
82958,0,0.0092
82959,0,0.0526
82960,0,0.0215
82961,0,0.0042
82962,0,0.0243
82963,1,0.8115
82964,0,0.0154
82965,0,0.0084
82966,1,0.9635
82967,1,0.975
82968,0,0.0437
82969,0,0.0308
82970,0,0.0223
82971,0,0.0016
82972,1,0.9643
82973,0,0.0464
82974,0,0.0149
82975,0,0.0024
82976,0,0.0381
82977,0,0.0098
82978,0,0.0783
82979,0,0.0338
82980,0,0.1602
82981,0,0.0219
82982,0,0.0555
82983,0,0.0392
82984,0,0.0172
82985,0,0.0255
82986,0,0.0075
82987,0,0.027
82988,0,0.1009
82989,0,0.0091
82990,0,0.0179
82991,0,0.282
82992,0,0.01
82993,0,0.0028
82994,0,0.0314
82995,0,0.0071
82996,0,0.0138
82997,0,0.0923
82998,0,0.0089
82999,0,0.0014
83000,0,0.0191
83001,1,0.9455
83002,0,0.0034
83003,0,0.0149
83004,0,0.006
83005,0,0.2359
83006,0,0.0076
83007,0,0.024
83008,0,0.1309
83009,0,0.1653
83010,0,0.0703
83011,1,0.9426
83012,0,0.2545
83013,0,0.0204
83014,0,0.0876
83015,0,0.0382
83016,0,0.0553
83017,0,0.0121
83018,0,0.0791
83019,1,0.6912
83020,0,0.0063
83021,0,0.0709
83022,0,0.0191
83023,0,0.0134
83024,0,0.0009
83025,0,0.0022
83026,0,0.0071
83027,0,0.0222
83028,0,0.0691
83029,0,0.0923
83030,0,0.0057
83031,0,0.0188
83032,0,0.0239
83033,0,0.0123
83034,0,0.0096
83035,0,0.0406
83036,0,0.0866
83037,1,0.9659
83038,0,0.0961
83039,0,0.2916
83040,0,0.0106
83041,0,0.028
83042,0,0.0284
83043,0,0.018
83044,0,0.0164
83045,0,0.0488
83046,0,0.0271
83047,0,0.013
83048,0,0.0641
83049,0,0.0141
83050,0,0.01
83051,0,0.0311
83052,0,0.0082
83053,0,0.0153
83054,0,0.0151
83055,0,0.0093
83056,0,0.0095
83057,0,0.2113
83058,0,0.0626
83059,0,0.0227
83060,0,0.0279
83061,0,0.064
83062,0,0.1073
83063,1,0.9618
83064,0,0.0289
83065,0,0.02
83066,0,0.0101
83067,0,0.0245
83068,1,0.9499
83069,0,0.023
83070,0,0.0111
83071,0,0.1195
83072,0,0.3234
83073,0,0.0043
83074,0,0.0193
83075,0,0.019
83076,0,0.0009
83077,0,0.0079
83078,0,0.0135
83079,0,0.2718
83080,0,0.2006
83081,0,0.0045
83082,0,0.0139
83083,0,0.0347
83084,0,0.0022
83085,0,0.0124
83086,0,0.1227
83087,0,0.0052
83088,0,0.005
83089,0,0.0092
83090,0,0.0467
83091,0,0.0858
83092,1,0.9656
83093,0,0.0131
83094,0,0.0056
83095,0,0.011
83096,0,0.0582
83097,0,0.0039
83098,0,0.0437
83099,0,0.0057
83100,0,0.0269
83101,0,0.0295
83102,1,0.8621
83103,0,0.0067
83104,0,0.0336
83105,0,0.0071
83106,0,0.0905
83107,0,0.1571
83108,0,0.0391
83109,0,0.0718
83110,0,0.0148
83111,0,0.0129
83112,0,0.0561
83113,0,0.0021
83114,0,0.0084
83115,0,0.0816
83116,0,0.0061
83117,0,0.0064
83118,0,0.0945
83119,0,0.0061
83120,0,0.0157
83121,0,0.0013
83122,1,0.8628
83123,0,0.0895
83124,0,0.0096
83125,0,0.018
83126,0,0.0086
83127,0,0.1022
83128,0,0.1478
83129,0,0.0145
83130,1,0.9734
83131,0,0.0089
83132,0,0.0364
83133,0,0.0291
83134,0,0.0823
83135,0,0.0222
83136,1,0.8866
83137,0,0.0191
83138,0,0.0386
83139,0,0.0265
83140,0,0.0161
83141,0,0.024
83142,0,0.0596
83143,0,0.0012
83144,0,0.0279
83145,0,0.0816
83146,0,0.0084
83147,0,0.0701
83148,0,0.1048
83149,0,0.0605
83150,0,0.0071
83151,0,0.0201
83152,0,0.048
83153,0,0.0095
83154,0,0.009
83155,1,0.9663
83156,0,0.0364
83157,0,0.1398
83158,0,0.0123
83159,0,0.0309
83160,0,0.1611
83161,0,0.0386
83162,0,0.1452
83163,0,0.0211
83164,0,0.0853
83165,0,0.0686
83166,0,0.0189
83167,0,0.2128
83168,1,0.7532
83169,0,0.0169
83170,0,0.0642
83171,0,0.1926
83172,0,0.0588
83173,0,0.0607
83174,0,0.0846
83175,0,0.0712
83176,1,0.9543
83177,0,0.0199
83178,0,0.0147
83179,0,0.0518
83180,1,0.9514
83181,0,0.0154
83182,0,0.0163
83183,0,0.0201
83184,0,0.0103
83185,1,0.9534
83186,0,0.1082
83187,0,0.0084
83188,0,0.0465
83189,0,0.0341
83190,0,0.0094
83191,0,0.0117
83192,0,0.3202
83193,0,0.0069
83194,0,0.0209
83195,0,0.0228
83196,0,0.1112
83197,0,0.0044
83198,0,0.1991
83199,0,0.0238
83200,0,0.0163
83201,0,0.0901
83202,1,0.716
83203,0,0.0252
83204,0,0.009
83205,0,0.2733
83206,0,0.0053
83207,1,0.9623
83208,0,0.0315
83209,0,0.0062
83210,0,0.2033
83211,0,0.1333
83212,0,0.0084
83213,0,0.1665
83214,0,0.0129
83215,0,0.1067
83216,1,0.9645
83217,0,0.0145
83218,0,0.0342
83219,0,0.0048
83220,0,0.1279
83221,0,0.0109
83222,0,0.01
83223,0,0.0084
83224,0,0.0095
83225,0,0.0219
83226,0,0.1806
83227,0,0.3402
83228,0,0.081
83229,0,0.0576
83230,0,0.001
83231,1,0.9479
83232,0,0.0165
83233,0,0.0045
83234,1,0.9808
83235,0,0.0009
83236,0,0.0031
83237,0,0.3087
83238,1,0.9714
83239,0,0.0309
83240,0,0.4625
83241,0,0.0506
83242,1,0.9768
83243,0,0.0426
83244,0,0.0469
83245,0,0.0048
83246,0,0.4564
83247,0,0.0329
83248,0,0.0088
83249,0,0.0136
83250,0,0.018
83251,0,0.0333
83252,0,0.0409
83253,0,0.0882
83254,0,0.0138
83255,0,0.0393
83256,0,0.0214
83257,0,0.0013
83258,0,0.0267
83259,0,0.053
83260,0,0.0181
83261,0,0.0899
83262,1,0.9442
83263,0,0.0095
83264,0,0.0162
83265,1,0.9561
83266,0,0.0097
83267,0,0.0673
83268,0,0.005
83269,0,0.0031
83270,0,0.0327
83271,0,0.0276
83272,0,0.0275
83273,0,0.0076
83274,0,0.0451
83275,0,0.0018
83276,0,0.0089
83277,0,0.0144
83278,0,0.045
83279,0,0.0174
83280,0,0.0223
83281,0,0.0241
83282,0,0.0646
83283,0,0.0119
83284,0,0.0017
83285,0,0.0216
83286,1,0.804
83287,0,0.0087
83288,0,0.0259
83289,0,0.0167
83290,0,0.0139
83291,0,0.34
83292,0,0.0085
83293,0,0.0064
83294,0,0.0096
83295,0,0.0228
83296,0,0.0034
83297,0,0.0193
83298,0,0.026
83299,0,0.0048
83300,0,0.0092
83301,0,0.1236
83302,0,0.0306
83303,0,0.3155
83304,0,0.1466
83305,0,0.0215
83306,0,0.1154
83307,0,0.0089
83308,0,0.0163
83309,0,0.0182
83310,0,0.0115
83311,0,0.25
83312,0,0.0062
83313,0,0.034
83314,0,0.0699
83315,0,0.0208
83316,0,0.0163
83317,1,0.9682
83318,0,0.0097
83319,0,0.0594
83320,1,0.9187
83321,0,0.107
83322,0,0.0034
83323,0,0.0137
83324,0,0.0076
83325,0,0.1547
83326,0,0.0534
83327,0,0.0055
83328,0,0.4312
83329,0,0.0074
83330,0,0.0068
83331,1,0.9737
83332,0,0.0011
83333,1,0.516
83334,0,0.0041
83335,0,0.0016
83336,0,0.1297
83337,0,0.0275
83338,1,0.9583
83339,0,0.1361
83340,0,0.0136
83341,0,0.0718
83342,1,0.9584
83343,0,0.0301
83344,0,0.0155
83345,0,0.0171
83346,0,0.0058
83347,0,0.0051
83348,0,0.0082
83349,0,0.012
83350,1,0.9848
83351,0,0.0405
83352,0,0.0374
83353,0,0.0144
83354,0,0.0371
83355,0,0.0852
83356,0,0.0129
83357,1,0.9711
83358,0,0.0433
83359,0,0.1574
83360,1,0.7997
83361,0,0.0063
83362,0,0.2027
83363,0,0.0135
83364,1,0.9603
83365,0,0.009
83366,1,0.876
83367,0,0.0347
83368,0,0.0078
83369,0,0.0046
83370,0,0.0876
83371,1,0.9245
83372,1,0.944
83373,0,0.0802
83374,0,0.0791
83375,0,0.0387
83376,1,0.9831
83377,0,0.0141
83378,1,0.9098
83379,0,0.047
83380,0,0.0629
83381,1,0.9293
83382,0,0.0328
83383,0,0.0316
83384,0,0.0215
83385,0,0.0457
83386,0,0.0076
83387,0,0.055
83388,0,0.002
83389,0,0.0227
83390,1,0.9773
83391,0,0.0351
83392,0,0.01
83393,0,0.0195
83394,0,0.0572
83395,0,0.0243
83396,0,0.2356
83397,0,0.0074
83398,0,0.1314
83399,0,0.0222
83400,0,0.1184
83401,0,0.0081
83402,0,0.003
83403,1,0.9694
83404,1,0.9662
83405,0,0.0277
83406,0,0.0382
83407,0,0.0207
83408,0,0.0183
83409,0,0.0576
83410,0,0.0188
83411,0,0.0311
83412,1,0.9614
83413,0,0.0134
83414,0,0.0168
83415,0,0.09
83416,0,0.0365
83417,0,0.0234
83418,0,0.0225
83419,1,0.9162
83420,0,0.0382
83421,0,0.0184
83422,0,0.0456
83423,0,0.0512
83424,0,0.0021
83425,0,0.0103
83426,0,0.0052
83427,1,0.9702
83428,0,0.0094
83429,0,0.0059
83430,0,0.0726
83431,0,0.0395
83432,0,0.0683
83433,0,0.0144
83434,0,0.0832
83435,0,0.0045
83436,0,0.0292
83437,0,0.0026
83438,0,0.0013
83439,0,0.0267
83440,0,0.1255
83441,0,0.0485
83442,0,0.0084
83443,0,0.001
83444,0,0.1068
83445,0,0.0323
83446,0,0.0177
83447,0,0.0099
83448,0,0.0108
83449,0,0.1715
83450,0,0.0342
83451,0,0.0166
83452,0,0.011
83453,0,0.0823
83454,0,0.0116
83455,0,0.0769
83456,0,0.0056
83457,0,0.0432
83458,0,0.002
83459,0,0.0064
83460,0,0.027
83461,0,0.1033
83462,0,0.0069
83463,0,0.0305
83464,0,0.0125
83465,0,0.1211
83466,0,0.0083
83467,0,0.011
83468,0,0.0053
83469,0,0.0093
83470,0,0.0113
83471,0,0.0061
83472,0,0.0211
83473,0,0.0112
83474,0,0.0751
83475,0,0.0868
83476,0,0.0143
83477,1,0.7752
83478,0,0.1726
83479,0,0.0125
83480,0,0.0249
83481,0,0.1147
83482,0,0.0064
83483,0,0.0666
83484,1,0.9528
83485,1,0.9537
83486,0,0.1377
83487,1,0.8869
83488,0,0.0171
83489,0,0.0061
83490,0,0.0379
83491,0,0.0178
83492,0,0.0149
83493,0,0.0083
83494,0,0.1049
83495,0,0.0148
83496,0,0.1079
83497,0,0.0464
83498,0,0.0104
83499,0,0.0386
83500,0,0.0424
83501,0,0.0187
83502,0,0.0148
83503,0,0.0091
83504,0,0.0663
83505,0,0.1534
83506,0,0.199
83507,0,0.0052
83508,0,0.0063
83509,0,0.0135
83510,0,0.0031
83511,0,0.0055
83512,0,0.0275
83513,0,0.0408
83514,1,0.9155
83515,0,0.0053
83516,0,0.0008
83517,0,0.0276
83518,0,0.0084
83519,0,0.0408
83520,1,0.9687
83521,0,0.025
83522,0,0.1658
83523,1,0.9395
83524,0,0.0476
83525,0,0.0088
83526,0,0.0259
83527,0,0.0259
83528,0,0.0774
83529,0,0.0082
83530,0,0.0117
83531,0,0.0748
83532,1,0.9429
83533,1,0.9641
83534,0,0.0126
83535,0,0.0224
83536,0,0.004
83537,0,0.0198
83538,0,0.0185
83539,1,0.6108
83540,0,0.021
83541,0,0.121
83542,0,0.0059
83543,0,0.0328
83544,0,0.0062
83545,0,0.1358
83546,0,0.0065
83547,0,0.032
83548,0,0.0122
83549,0,0.0266
83550,0,0.2032
83551,0,0.0119
83552,0,0.0486
83553,1,0.9647
83554,0,0.0225
83555,0,0.4754
83556,0,0.0221
83557,0,0.0155
83558,0,0.0808
83559,0,0.0693
83560,0,0.0017
83561,0,0.03
83562,0,0.009
83563,0,0.0477
83564,0,0.0371
83565,0,0.0214
83566,0,0.0222
83567,0,0.1035
83568,0,0.0102
83569,0,0.0043
83570,0,0.0136
83571,0,0.0183
83572,0,0.0178
83573,0,0.02
83574,0,0.023
83575,0,0.0506
83576,0,0.0434
83577,0,0.1406
83578,0,0.0686
83579,0,0.008
83580,0,0.1454
83581,0,0.001
83582,0,0.0012
83583,0,0.0178
83584,0,0.0021
83585,0,0.0301
83586,0,0.0243
83587,0,0.1315
83588,1,0.8132
83589,1,0.9786
83590,0,0.0283
83591,0,0.0334
83592,0,0.0274
83593,0,0.0352
83594,0,0.0189
83595,0,0.0837
83596,0,0.0187
83597,0,0.0289
83598,0,0.1351
83599,0,0.032
83600,0,0.071
83601,0,0.0719
83602,0,0.0237
83603,0,0.0079
83604,0,0.0126
83605,0,0.0035
83606,1,0.9763
83607,1,0.9699
83608,0,0.0073
83609,0,0.207
83610,0,0.0111
83611,0,0.025
83612,0,0.1763
83613,0,0.0169
83614,0,0.0031
83615,0,0.0312
83616,0,0.0518
83617,0,0.01
83618,1,0.9711
83619,0,0.0176
83620,0,0.0028
83621,0,0.178
83622,0,0.0118
83623,0,0.0655
83624,1,0.9916
83625,0,0.0087
83626,0,0.138
83627,0,0.0027
83628,0,0.0228
83629,0,0.0134
83630,0,0.3165
83631,0,0.0311
83632,0,0.0045
83633,0,0.0125
83634,1,0.9685
83635,0,0.0039
83636,0,0.0187
83637,0,0.2558
83638,1,0.9694
83639,0,0.0015
83640,0,0.0444
83641,0,0.0124
83642,0,0.0027
83643,0,0.022
83644,0,0.072
83645,0,0.0775
83646,1,0.9784
83647,0,0.0984
83648,1,0.931
83649,0,0.0009
83650,1,0.9918
83651,0,0.0085
83652,0,0.0426
83653,0,0.0916
83654,1,0.5208
83655,0,0.0322
83656,0,0.0154
83657,0,0.0525
83658,0,0.0504
83659,0,0.0077
83660,0,0.0233
83661,0,0.0181
83662,0,0.0474
83663,0,0.0205
83664,0,0.0078
83665,1,0.8983
83666,0,0.0023
83667,0,0.0125
83668,0,0.0021
83669,0,0.0088
83670,0,0.01
83671,0,0.0757
83672,0,0.0164
83673,1,0.9924
83674,0,0.0437
83675,0,0.0158
83676,0,0.1342
83677,0,0.0105
83678,0,0.0099
83679,0,0.0129
83680,0,0.0171
83681,0,0.0122
83682,0,0.0089
83683,0,0.0133
83684,0,0.0883
83685,0,0.1797
83686,0,0.0518
83687,0,0.0213
83688,0,0.1015
83689,1,0.9912
83690,0,0.0104
83691,0,0.0345
83692,0,0.0852
83693,0,0.3574
83694,0,0.0015
83695,0,0.0287
83696,0,0.1252
83697,0,0.017
83698,0,0.0899
83699,0,0.0543
83700,0,0.0499
83701,0,0.1019
83702,0,0.0082
83703,0,0.0012
83704,0,0.102
83705,0,0.0451
83706,0,0.0162
83707,0,0.0266
83708,0,0.0189
83709,0,0.0528
83710,0,0.0607
83711,0,0.049
83712,0,0.0317
83713,1,0.9779
83714,0,0.0646
83715,0,0.0029
83716,0,0.0243
83717,0,0.2185
83718,0,0.0336
83719,0,0.0627
83720,0,0.043
83721,0,0.0103
83722,0,0.0021
83723,0,0.0273
83724,0,0.0469
83725,0,0.0353
83726,0,0.0671
83727,0,0.0701
83728,0,0.024
83729,0,0.0044
83730,0,0.0834
83731,0,0.2703
83732,1,0.8305
83733,0,0.0067
83734,0,0.0485
83735,0,0.0024
83736,0,0.0079
83737,0,0.0098
83738,0,0.0041
83739,0,0.0125
83740,0,0.1583
83741,1,0.9658
83742,0,0.0282
83743,0,0.0394
83744,0,0.0305
83745,0,0.0369
83746,0,0.0137
83747,0,0.008
83748,0,0.0125
83749,0,0.0148
83750,0,0.023
83751,0,0.0011
83752,0,0.0244
83753,0,0.0117
83754,1,0.9005
83755,0,0.0341
83756,0,0.0598
83757,0,0.2561
83758,0,0.0076
83759,0,0.0405
83760,1,0.8548
83761,0,0.0029
83762,0,0.0313
83763,0,0.0124
83764,0,0.0028
83765,0,0.0366
83766,0,0.316
83767,0,0.0188
83768,0,0.0209
83769,0,0.0387
83770,1,0.9497
83771,0,0.009
83772,0,0.0389
83773,0,0.0166
83774,0,0.0068
83775,0,0.0366
83776,0,0.0082
83777,0,0.0426
83778,0,0.431
83779,0,0.015
83780,0,0.1326
83781,0,0.0307
83782,0,0.1293
83783,0,0.0066
83784,0,0.0326
83785,0,0.016
83786,0,0.0146
83787,0,0.0179
83788,0,0.003
83789,0,0.0378
83790,0,0.0241
83791,0,0.0307
83792,1,0.7039
83793,0,0.053
83794,0,0.0413
83795,0,0.1649
83796,0,0.1463
83797,0,0.0403
83798,0,0.0046
83799,0,0.0287
83800,0,0.0411
83801,1,0.9317
83802,0,0.15
83803,0,0.0286
83804,0,0.0139
83805,0,0.0626
83806,0,0.0549
83807,1,0.9272
83808,1,0.9346
83809,0,0.0193
83810,1,0.9845
83811,0,0.0078
83812,0,0.0085
83813,0,0.0146
83814,0,0.0086
83815,0,0.0462
83816,0,0.0111
83817,0,0.0364
83818,0,0.188
83819,1,0.9585
83820,0,0.3369
83821,0,0.0975
83822,0,0.1636
83823,0,0.0165
83824,0,0.0106
83825,0,0.012
83826,0,0.0776
83827,0,0.0082
83828,0,0.1012
83829,0,0.1254
83830,0,0.0901
83831,1,0.9856
83832,0,0.0373
83833,0,0.0784
83834,0,0.0197
83835,0,0.0215
83836,0,0.0725
83837,0,0.0219
83838,0,0.0117
83839,1,0.9838
83840,0,0.0906
83841,0,0.0486
83842,0,0.0375
83843,0,0.0086
83844,0,0.0081
83845,0,0.0115
83846,1,0.9407
83847,0,0.0099
83848,1,0.9867
83849,0,0.0098
83850,0,0.012
83851,0,0.0097
83852,0,0.0106
83853,0,0.0076
83854,0,0.1213
83855,0,0.0133
83856,0,0.0188
83857,0,0.0571
83858,0,0.007
83859,0,0.0115
83860,0,0.0319
83861,0,0.1178
83862,0,0.0246
83863,0,0.135
83864,0,0.0144
83865,0,0.0139
83866,0,0.0229
83867,0,0.0314
83868,0,0.0138
83869,0,0.019
83870,0,0.0084
83871,0,0.0036
83872,0,0.1138
83873,0,0.4832
83874,0,0.0824
83875,0,0.0641
83876,0,0.0329
83877,0,0.0313
83878,0,0.0014
83879,0,0.0138
83880,0,0.1384
83881,1,0.9627
83882,0,0.0099
83883,0,0.0191
83884,0,0.0166
83885,0,0.1007
83886,0,0.0333
83887,0,0.1461
83888,0,0.0164
83889,0,0.0127
83890,0,0.0093
83891,0,0.0253
83892,0,0.0201
83893,0,0.0378
83894,0,0.01
83895,0,0.0047
83896,0,0.0051
83897,0,0.0907
83898,0,0.0424
83899,0,0.014
83900,0,0.0086
83901,0,0.041
83902,0,0.0114
83903,0,0.2754
83904,0,0.0238
83905,0,0.034
83906,0,0.1113
83907,1,0.9158
83908,0,0.0197
83909,0,0.0395
83910,0,0.007
83911,0,0.0166
83912,0,0.0331
83913,0,0.0566
83914,0,0.0211
83915,0,0.0107
83916,0,0.0117
83917,0,0.0091
83918,0,0.0106
83919,0,0.0436
83920,0,0.0443
83921,0,0.097
83922,0,0.0176
83923,0,0.1104
83924,1,0.9201
83925,0,0.0013
83926,0,0.0348
83927,0,0.0306
83928,0,0.0196
83929,1,0.8274
83930,1,0.9718
83931,0,0.0046
83932,0,0.0093
83933,0,0.0209
83934,0,0.0079
83935,0,0.0296
83936,0,0.0218
83937,0,0.002
83938,0,0.0279
83939,1,0.9666
83940,0,0.0423
83941,0,0.0219
83942,0,0.0035
83943,1,0.9709
83944,0,0.0173
83945,0,0.0188
83946,0,0.1732
83947,0,0.1265
83948,0,0.1249
83949,0,0.0034
83950,0,0.0582
83951,0,0.0111
83952,0,0.1434
83953,1,0.9178
83954,0,0.026
83955,0,0.0042
83956,0,0.0776
83957,0,0.0063
83958,0,0.0139
83959,0,0.0109
83960,0,0.1335
83961,0,0.0028
83962,0,0.0174
83963,1,0.9016
83964,0,0.1439
83965,0,0.0007
83966,0,0.0181
83967,0,0.0548
83968,0,0.0027
83969,0,0.0362
83970,0,0.0083
83971,0,0.075
83972,0,0.0349
83973,0,0.0059
83974,0,0.2417
83975,0,0.0071
83976,0,0.0212
83977,0,0.0367
83978,0,0.0456
83979,0,0.1253
83980,0,0.0119
83981,0,0.0152
83982,0,0.0209
83983,0,0.0227
83984,0,0.007
83985,0,0.0094
83986,0,0.0854
83987,0,0.0147
83988,1,0.91
83989,0,0.0196
83990,0,0.0129
83991,0,0.0229
83992,0,0.2745
83993,0,0.1534
83994,0,0.1925
83995,0,0.0008
83996,0,0.0347
83997,0,0.0991
83998,0,0.0053
83999,0,0.0796
84000,0,0.0136
84001,0,0.0236
84002,0,0.0168
84003,1,0.9726
84004,0,0.0022
84005,0,0.036
84006,1,0.9353
84007,1,0.9251
84008,0,0.0053
84009,0,0.0008
84010,0,0.0014
84011,0,0.0159
84012,0,0.0388
84013,0,0.0174
84014,0,0.0114
84015,0,0.048
84016,0,0.0091
84017,0,0.0083
84018,0,0.0594
84019,0,0.0068
84020,0,0.0728
84021,0,0.0261
84022,0,0.4773
84023,0,0.0037
84024,0,0.0054
84025,1,0.9455
84026,1,0.9699
84027,0,0.0109
84028,0,0.0193
84029,0,0.0487
84030,0,0.0244
84031,0,0.0387
84032,0,0.0113
84033,0,0.0055
84034,0,0.0098
84035,0,0.0471
84036,0,0.0079
84037,0,0.0568
84038,0,0.0696
84039,0,0.0212
84040,0,0.0047
84041,0,0.1903
84042,0,0.0209
84043,0,0.0045
84044,0,0.046
84045,1,0.9731
84046,1,0.5172
84047,0,0.3915
84048,0,0.0042
84049,0,0.004
84050,0,0.0188
84051,0,0.0373
84052,0,0.0077
84053,0,0.0309
84054,0,0.0248
84055,0,0.0165
84056,0,0.2081
84057,0,0.163
84058,0,0.032
84059,0,0.0253
84060,0,0.0081
84061,0,0.0253
84062,0,0.0321
84063,0,0.0494
84064,0,0.0439
84065,0,0.0369
84066,0,0.0298
84067,0,0.0063
84068,0,0.0264
84069,0,0.0088
84070,0,0.0034
84071,0,0.0868
84072,0,0.0393
84073,0,0.0209
84074,0,0.0292
84075,0,0.0348
84076,0,0.0115
84077,0,0.0259
84078,1,0.9796
84079,0,0.1172
84080,0,0.034
84081,0,0.0365
84082,0,0.005
84083,0,0.063
84084,0,0.0071
84085,0,0.0206
84086,0,0.0574
84087,0,0.0387
84088,0,0.0106
84089,0,0.028
84090,0,0.0438
84091,1,0.9824
84092,0,0.0276
84093,0,0.1221
84094,0,0.011
84095,0,0.008
84096,0,0.0174
84097,0,0.0132
84098,0,0.014
84099,0,0.0058
84100,0,0.0476
84101,0,0.2653
84102,0,0.0335
84103,0,0.2229
84104,1,0.9863
84105,0,0.0976
84106,0,0.0631
84107,0,0.0696
84108,0,0.0423
84109,1,0.9654
84110,0,0.0236
84111,0,0.0119
84112,0,0.0204
84113,0,0.0127
84114,0,0.0065
84115,0,0.0395
84116,0,0.021
84117,0,0.0151
84118,0,0.0114
84119,0,0.0105
84120,0,0.0207
84121,0,0.0131
84122,0,0.0092
84123,0,0.001
84124,0,0.0138
84125,0,0.1732
84126,0,0.1233
84127,0,0.3599
84128,0,0.1379
84129,1,0.5998
84130,0,0.0162
84131,0,0.0146
84132,0,0.0353
84133,0,0.0022
84134,0,0.0572
84135,0,0.0138
84136,0,0.0465
84137,0,0.004
84138,0,0.0394
84139,0,0.0182
84140,0,0.0069
84141,0,0.0131
84142,0,0.0128
84143,0,0.0052
84144,0,0.0118
84145,0,0.0119
84146,0,0.1163
84147,0,0.0043
84148,0,0.0071
84149,0,0.0156
84150,0,0.0195
84151,0,0.2758
84152,0,0.0035
84153,0,0.0512
84154,0,0.0648
84155,0,0.0096
84156,0,0.0099
84157,0,0.324
84158,1,0.9626
84159,0,0.0187
84160,0,0.0294
84161,0,0.0229
84162,0,0.0213
84163,0,0.0779
84164,0,0.029
84165,0,0.0048
84166,1,0.8985
84167,0,0.0032
84168,1,0.9523
84169,1,0.9797
84170,0,0.0094
84171,0,0.0186
84172,0,0.1924
84173,0,0.0148
84174,1,0.8392
84175,0,0.209
84176,0,0.0149
84177,0,0.0244
84178,0,0.0414
84179,0,0.0044
84180,0,0.0169
84181,0,0.01
84182,1,0.9653
84183,0,0.0011
84184,0,0.025
84185,0,0.0141
84186,0,0.026
84187,0,0.0034
84188,0,0.1568
84189,0,0.0017
84190,0,0.0046
84191,0,0.0211
84192,0,0.0068
84193,1,0.9027
84194,0,0.0465
84195,0,0.0191
84196,0,0.0041
84197,0,0.0059
84198,0,0.0181
84199,0,0.0384
84200,1,0.9766
84201,0,0.1171
84202,0,0.0081
84203,0,0.0313
84204,0,0.0013
84205,0,0.1556
84206,0,0.1251
84207,0,0.0088
84208,0,0.0507
84209,0,0.1001
84210,0,0.0056
84211,0,0.0088
84212,0,0.0312
84213,0,0.0295
84214,0,0.013
84215,0,0.0053
84216,1,0.9444
84217,0,0.0184
84218,0,0.247
84219,0,0.0894
84220,0,0.0088
84221,0,0.0058
84222,0,0.1119
84223,0,0.0134
84224,0,0.0902
84225,0,0.0944
84226,0,0.0049
84227,0,0.0135
84228,0,0.0079
84229,0,0.1727
84230,0,0.0175
84231,0,0.0678
84232,0,0.0311
84233,0,0.0164
84234,0,0.0033
84235,0,0.1158
84236,0,0.0219
84237,0,0.0111
84238,0,0.0151
84239,0,0.0091
84240,0,0.011
84241,0,0.0181
84242,0,0.0168
84243,0,0.0186
84244,0,0.0798
84245,1,0.9498
84246,0,0.0335
84247,0,0.2272
84248,0,0.1385
84249,0,0.3877
84250,0,0.0606
84251,0,0.0529
84252,0,0.0311
84253,0,0.0208
84254,0,0.0191
84255,0,0.0425
84256,0,0.138
84257,0,0.0165
84258,0,0.004
84259,0,0.1349
84260,0,0.0908
84261,0,0.1733
84262,0,0.0026
84263,0,0.039
84264,0,0.0116
84265,0,0.0033
84266,0,0.0306
84267,0,0.0044
84268,0,0.029
84269,0,0.0012
84270,0,0.0427
84271,0,0.0757
84272,0,0.001
84273,0,0.0189
84274,0,0.2502
84275,0,0.0011
84276,1,0.9721
84277,0,0.0035
84278,0,0.1072
84279,0,0.0453
84280,0,0.0051
84281,0,0.0042
84282,0,0.38
84283,0,0.0426
84284,0,0.0261
84285,0,0.0121
84286,0,0.0681
84287,1,0.9047
84288,0,0.0131
84289,0,0.0506
84290,0,0.0177
84291,0,0.0231
84292,0,0.0419
84293,0,0.0027
84294,0,0.3101
84295,0,0.0947
84296,0,0.0105
84297,0,0.1937
84298,0,0.0532
84299,0,0.0131
84300,0,0.1652
84301,0,0.0179
84302,0,0.0572
84303,0,0.0123
84304,0,0.0034
84305,0,0.3671
84306,0,0.0282
84307,0,0.003
84308,0,0.0144
84309,0,0.0013
84310,0,0.0204
84311,0,0.0927
84312,0,0.061
84313,0,0.1093
84314,0,0.0842
84315,0,0.0038
84316,0,0.007
84317,0,0.0076
84318,0,0.19
84319,0,0.0249
84320,0,0.042
84321,0,0.092
84322,0,0.0483
84323,0,0.0059
84324,0,0.0164
84325,0,0.047
84326,0,0.0097
84327,0,0.0087
84328,0,0.3451
84329,1,0.9668
84330,0,0.0151
84331,0,0.0041
84332,0,0.0358
84333,0,0.0266
84334,0,0.0166
84335,0,0.0747
84336,1,0.9269
84337,1,0.9775
84338,0,0.0125
84339,0,0.0075
84340,0,0.0603
84341,0,0.0686
84342,0,0.0184
84343,0,0.074
84344,0,0.018
84345,0,0.0288
84346,0,0.0836
84347,0,0.0117
84348,0,0.0421
84349,0,0.0008
84350,0,0.0364
84351,0,0.0123
84352,1,0.992
84353,0,0.0384
84354,0,0.0021
84355,0,0.0634
84356,0,0.019
84357,0,0.0208
84358,0,0.0719
84359,0,0.0897
84360,0,0.3728
84361,0,0.0138
84362,0,0.0152
84363,0,0.0209
84364,0,0.0465
84365,0,0.0359
84366,0,0.0227
84367,0,0.0184
84368,0,0.0167
84369,1,0.9305
84370,0,0.0722
84371,0,0.0387
84372,0,0.0106
84373,0,0.0875
84374,0,0.0323
84375,0,0.1163
84376,0,0.0173
84377,0,0.0169
84378,1,0.9585
84379,0,0.0015
84380,0,0.0113
84381,0,0.0783
84382,0,0.0178
84383,0,0.0509
84384,0,0.0072
84385,0,0.0208
84386,0,0.0027
84387,0,0.0224
84388,0,0.0194
84389,0,0.0022
84390,0,0.0026
84391,0,0.0076
84392,0,0.0094
84393,0,0.0176
84394,0,0.0273
84395,0,0.0062
84396,0,0.0775
84397,0,0.0086
84398,0,0.0323
84399,0,0.0091
84400,0,0.0294
84401,1,0.812
84402,0,0.0444
84403,0,0.0363
84404,0,0.0214
84405,0,0.2221
84406,0,0.0422
84407,0,0.015
84408,0,0.0061
84409,0,0.0079
84410,1,0.8453
84411,1,0.9603
84412,0,0.0069
84413,0,0.0804
84414,0,0.0269
84415,0,0.0287
84416,0,0.0129
84417,1,0.9597
84418,0,0.0069
84419,0,0.0359
84420,0,0.0256
84421,0,0.0201
84422,0,0.0221
84423,1,0.6735
84424,0,0.0171
84425,0,0.0012
84426,0,0.2709
84427,0,0.0134
84428,0,0.0095
84429,0,0.0575
84430,1,0.9712
84431,0,0.1488
84432,0,0.0077
84433,0,0.0521
84434,0,0.0211
84435,0,0.1337
84436,0,0.0072
84437,1,0.853
84438,0,0.0316
84439,1,0.976
84440,0,0.0141
84441,0,0.0417
84442,0,0.0904
84443,0,0.039
84444,0,0.0167
84445,0,0.1067
84446,0,0.0849
84447,0,0.008
84448,0,0.0357
84449,0,0.0027
84450,0,0.1045
84451,0,0.1499
84452,0,0.0011
84453,1,0.9474
84454,0,0.1048
84455,0,0.0107
84456,0,0.0318
84457,1,0.9882
84458,1,0.9563
84459,0,0.0141
84460,0,0.0097
84461,0,0.0211
84462,1,0.5742
84463,0,0.0303
84464,0,0.0268
84465,1,0.8999
84466,0,0.012
84467,0,0.0157
84468,0,0.0119
84469,0,0.0148
84470,0,0.0125
84471,0,0.0734
84472,0,0.0362
84473,1,0.9596
84474,0,0.0169
84475,0,0.0821
84476,0,0.0014
84477,0,0.0079
84478,0,0.016
84479,0,0.0223
84480,0,0.018
84481,0,0.0346
84482,0,0.0013
84483,1,0.9597
84484,0,0.1769
84485,0,0.0106
84486,0,0.0175
84487,0,0.0423
84488,0,0.0166
84489,1,0.9089
84490,0,0.044
84491,0,0.1552
84492,1,0.9722
84493,0,0.0078
84494,0,0.0084
84495,0,0.0196
84496,0,0.0167
84497,0,0.0052
84498,0,0.0237
84499,0,0.0064
84500,0,0.0013
84501,0,0.0036
84502,0,0.0553
84503,0,0.016
84504,0,0.0987
84505,0,0.0018
84506,0,0.0169
84507,0,0.0096
84508,0,0.0342
84509,0,0.0243
84510,0,0.0138
84511,0,0.0028
84512,0,0.0339
84513,0,0.0811
84514,0,0.0119
84515,0,0.0231
84516,0,0.0108
84517,0,0.0255
84518,0,0.0182
84519,0,0.1304
84520,0,0.2947
84521,0,0.285
84522,0,0.0144
84523,0,0.0164
84524,1,0.9371
84525,0,0.1544
84526,0,0.0252
84527,0,0.0755
84528,0,0.0629
84529,0,0.0564
84530,0,0.0344
84531,0,0.1707
84532,0,0.0026
84533,0,0.318
84534,0,0.0343
84535,0,0.028
84536,0,0.069
84537,0,0.0233
84538,0,0.0132
84539,0,0.0029
84540,0,0.067
84541,0,0.0224
84542,0,0.1057
84543,0,0.0072
84544,0,0.0509
84545,0,0.0208
84546,0,0.0098
84547,0,0.0802
84548,0,0.0055
84549,0,0.0059
84550,0,0.0541
84551,1,0.9859
84552,0,0.0277
84553,0,0.0394
84554,0,0.0151
84555,0,0.2522
84556,0,0.0705
84557,0,0.0083
84558,0,0.0127
84559,0,0.053
84560,0,0.0319
84561,0,0.0112
84562,0,0.226
84563,0,0.0196
84564,0,0.0128
84565,0,0.103
84566,0,0.0053
84567,0,0.0535
84568,0,0.0141
84569,1,0.9826
84570,0,0.0147
84571,1,0.9353
84572,0,0.0184
84573,0,0.1158
84574,0,0.028
84575,0,0.1165
84576,0,0.0026
84577,0,0.0478
84578,0,0.0214
84579,0,0.0653
84580,0,0.1407
84581,0,0.0311
84582,0,0.0065
84583,0,0.0064
84584,0,0.0272
84585,0,0.0724
84586,0,0.0714
84587,0,0.2569
84588,0,0.0218
84589,0,0.0729
84590,1,0.9861
84591,1,0.9736
84592,0,0.0043
84593,0,0.0096
84594,0,0.0379
84595,0,0.0023
84596,0,0.0033
84597,0,0.3378
84598,0,0.0333
84599,0,0.0404
84600,0,0.0094
84601,0,0.0768
84602,0,0.1566
84603,0,0.0589
84604,0,0.022
84605,0,0.037
84606,0,0.0336
84607,0,0.0089
84608,1,0.9664
84609,1,0.9686
84610,1,0.9519
84611,0,0.0983
84612,0,0.3295
84613,0,0.0087
84614,0,0.0024
84615,0,0.0085
84616,1,0.9804
84617,0,0.0537
84618,0,0.0137
84619,0,0.0079
84620,0,0.0221
84621,0,0.0239
84622,0,0.0848
84623,0,0.0308
84624,0,0.0151
84625,0,0.031
84626,0,0.0579
84627,0,0.0955
84628,0,0.014
84629,0,0.0358
84630,0,0.0045
84631,1,0.6564
84632,0,0.0112
84633,0,0.0316
84634,0,0.0894
84635,0,0.1312
84636,0,0.0041
84637,0,0.0207
84638,0,0.0088
84639,0,0.0164
84640,0,0.0386
84641,0,0.0513
84642,0,0.0099
84643,0,0.0692
84644,0,0.0086
84645,0,0.0898
84646,0,0.0072
84647,0,0.0147
84648,0,0.0305
84649,0,0.0456
84650,0,0.0326
84651,0,0.0214
84652,0,0.0527
84653,0,0.0113
84654,0,0.0118
84655,0,0.0317
84656,0,0.0059
84657,0,0.0309
84658,0,0.0681
84659,0,0.0051
84660,0,0.0126
84661,0,0.0286
84662,0,0.003
84663,1,0.9542
84664,0,0.0094
84665,0,0.0037
84666,0,0.0224
84667,1,0.9053
84668,0,0.2242
84669,1,0.9196
84670,0,0.169
84671,0,0.0127
84672,0,0.0015
84673,0,0.0697
84674,0,0.0051
84675,0,0.121
84676,0,0.1981
84677,0,0.012
84678,0,0.0967
84679,0,0.2299
84680,0,0.2197
84681,0,0.0453
84682,0,0.0107
84683,0,0.0785
84684,0,0.0991
84685,0,0.0146
84686,0,0.0407
84687,0,0.0292
84688,1,0.5965
84689,0,0.0875
84690,0,0.0137
84691,0,0.0369
84692,0,0.0944
84693,0,0.0023
84694,0,0.023
84695,0,0.0122
84696,0,0.0537
84697,0,0.0128
84698,0,0.0443
84699,0,0.0378
84700,0,0.002
84701,0,0.0134
84702,0,0.0151
84703,0,0.0814
84704,0,0.0135
84705,1,0.6624
84706,0,0.0226
84707,0,0.0083
84708,1,0.9332
84709,0,0.0907
84710,0,0.0308
84711,0,0.0051
84712,0,0.0024
84713,0,0.0087
84714,0,0.0118
84715,1,0.6648
84716,0,0.061
84717,1,0.9803
84718,0,0.0613
84719,0,0.034
84720,0,0.1904
84721,0,0.0293
84722,0,0.0143
84723,1,0.9862
84724,0,0.0072
84725,1,0.9722
84726,0,0.0068
84727,0,0.0135
84728,1,0.9743
84729,0,0.0221
84730,0,0.1231
84731,0,0.0019
84732,0,0.01
84733,0,0.0186
84734,0,0.0028
84735,0,0.1375
84736,0,0.0072
84737,1,0.9405
84738,0,0.0207
84739,0,0.0021
84740,0,0.0321
84741,0,0.0035
84742,0,0.0131
84743,0,0.0341
84744,0,0.0062
84745,0,0.0249
84746,0,0.0161
84747,0,0.0995
84748,0,0.0271
84749,1,0.9461
84750,0,0.0683
84751,0,0.099
84752,0,0.238
84753,0,0.017
84754,0,0.1106
84755,0,0.2134
84756,0,0.4782
84757,0,0.0209
84758,0,0.0916
84759,0,0.0149
84760,0,0.1303
84761,0,0.0267
84762,0,0.0239
84763,0,0.0135
84764,0,0.1102
84765,0,0.0135
84766,0,0.2731
84767,0,0.0131
84768,0,0.0067
84769,0,0.0176
84770,0,0.007
84771,0,0.003
84772,0,0.106
84773,0,0.0246
84774,0,0.0113
84775,0,0.0245
84776,0,0.0251
84777,0,0.0058
84778,0,0.078
84779,1,0.9805
84780,1,0.8475
84781,1,0.9576
84782,0,0.0664
84783,0,0.0186
84784,0,0.1921
84785,0,0.3795
84786,1,0.9512
84787,0,0.05
84788,1,0.9691
84789,1,0.9588
84790,0,0.0311
84791,1,0.9809
84792,0,0.0019
84793,0,0.0297
84794,0,0.0386
84795,0,0.0101
84796,0,0.0433
84797,0,0.0076
84798,0,0.0104
84799,0,0.0049
84800,0,0.0168
84801,0,0.0151
84802,0,0.0226
84803,0,0.0019
84804,0,0.0516
84805,0,0.0115
84806,0,0.2954
84807,0,0.0145
84808,0,0.0249
84809,0,0.0254
84810,0,0.0089
84811,1,0.9513
84812,0,0.0418
84813,0,0.0085
84814,1,0.8367
84815,1,0.9107
84816,1,0.9564
84817,0,0.0315
84818,0,0.0282
84819,0,0.0571
84820,0,0.0325
84821,0,0.009
84822,0,0.0108
84823,0,0.0079
84824,0,0.0131
84825,0,0.0095
84826,0,0.0262
84827,0,0.07
84828,0,0.0236
84829,0,0.088
84830,0,0.0101
84831,0,0.1016
84832,0,0.0101
84833,0,0.0793
84834,0,0.0117
84835,0,0.08
84836,1,0.9575
84837,0,0.0036
84838,0,0.1423
84839,0,0.3554
84840,0,0.0054
84841,0,0.1298
84842,0,0.0149
84843,0,0.0112
84844,0,0.0714
84845,1,0.8595
84846,0,0.0007
84847,0,0.0861
84848,0,0.1401
84849,0,0.0321
84850,0,0.0154
84851,0,0.006
84852,0,0.078
84853,0,0.0156
84854,0,0.0218
84855,0,0.0531
84856,0,0.0009
84857,0,0.01
84858,0,0.0061
84859,0,0.0238
84860,0,0.0022
84861,0,0.0076
84862,1,0.9913
84863,0,0.0217
84864,0,0.0744
84865,0,0.0172
84866,0,0.0025
84867,0,0.0455
84868,0,0.0436
84869,0,0.0386
84870,0,0.0721
84871,0,0.0051
84872,0,0.0583
84873,0,0.006
84874,0,0.0169
84875,0,0.0414
84876,0,0.2208
84877,1,0.8836
84878,0,0.0438
84879,0,0.0161
84880,0,0.0124
84881,0,0.0512
84882,0,0.0361
84883,0,0.0098
84884,0,0.0073
84885,0,0.058
84886,0,0.2503
84887,0,0.0168
84888,0,0.027
84889,0,0.0717
84890,0,0.287
84891,0,0.0071
84892,0,0.0453
84893,0,0.0534
84894,0,0.0123
84895,0,0.0016
84896,0,0.0086
84897,0,0.0796
84898,0,0.0066
84899,0,0.0781
84900,0,0.1058
84901,0,0.0291
84902,0,0.0241
84903,1,0.9131
84904,0,0.016
84905,0,0.1059
84906,0,0.0206
84907,0,0.1379
84908,0,0.0322
84909,0,0.0648
84910,0,0.0124
84911,1,0.9385
84912,0,0.0143
84913,0,0.0057
84914,0,0.0243
84915,0,0.0315
84916,0,0.019
84917,0,0.1292
84918,0,0.192
84919,0,0.0365
84920,0,0.0257
84921,0,0.0572
84922,0,0.0017
84923,0,0.0012
84924,0,0.0246
84925,0,0.0208
84926,1,0.9882
84927,0,0.0025
84928,0,0.0497
84929,0,0.0127
84930,0,0.3566
84931,0,0.0196
84932,0,0.028
84933,0,0.0277
84934,0,0.47
84935,1,0.7894
84936,0,0.0077
84937,0,0.0653
84938,0,0.0254
84939,0,0.0028
84940,0,0.0227
84941,0,0.0654
84942,0,0.0481
84943,0,0.0135
84944,0,0.0129
84945,0,0.0122
84946,0,0.1218
84947,0,0.167
84948,0,0.0024
84949,0,0.0491
84950,0,0.0039
84951,0,0.0186
84952,0,0.0364
84953,0,0.0125
84954,0,0.0135
84955,0,0.041
84956,0,0.0636
84957,0,0.009
84958,0,0.0027
84959,0,0.0238
84960,0,0.0514
84961,0,0.0014
84962,0,0.2714
84963,0,0.011
84964,0,0.0053
84965,0,0.0289
84966,0,0.0447
84967,0,0.137
84968,0,0.013
84969,0,0.016
84970,1,0.5943
84971,0,0.0213
84972,1,0.9649
84973,0,0.005
84974,0,0.0339
84975,0,0.011
84976,0,0.0119
84977,0,0.0119
84978,0,0.0127
84979,1,0.9156
84980,0,0.1726
84981,0,0.0132
84982,1,0.9475
84983,0,0.0773
84984,0,0.0361
84985,0,0.36
84986,0,0.0127
84987,0,0.0566
84988,0,0.0406
84989,0,0.095
84990,0,0.0179
84991,0,0.0131
84992,0,0.0208
84993,0,0.0237
84994,0,0.0245
84995,0,0.0653
84996,0,0.0764
84997,0,0.0662
84998,0,0.0156
84999,1,0.9034
85000,0,0.0278
85001,0,0.0171
85002,0,0.0609
85003,0,0.0241
85004,0,0.097
85005,0,0.0498
85006,0,0.2146
85007,1,0.9501
85008,0,0.1064
85009,0,0.2989
85010,0,0.0225
85011,0,0.0308
85012,0,0.0472
85013,0,0.0122
85014,0,0.0524
85015,0,0.0197
85016,0,0.0229
85017,0,0.003
85018,0,0.1467
85019,0,0.0273
85020,0,0.0049
85021,0,0.0169
85022,0,0.0295
85023,0,0.0085
85024,0,0.0117
85025,0,0.0009
85026,0,0.007
85027,0,0.0135
85028,1,0.6684
85029,0,0.1018
85030,0,0.0265
85031,0,0.0077
85032,0,0.006
85033,0,0.0013
85034,0,0.0422
85035,0,0.0048
85036,1,0.9683
85037,0,0.0264
85038,0,0.0558
85039,0,0.0169
85040,1,0.8497
85041,0,0.0039
85042,0,0.0159
85043,0,0.0049
85044,0,0.0181
85045,0,0.0168
85046,0,0.0116
85047,0,0.0683
85048,0,0.0137
85049,0,0.0174
85050,0,0.0101
85051,0,0.0817
85052,0,0.0566
85053,0,0.0573
85054,0,0.0098
85055,0,0.0438
85056,0,0.043
85057,0,0.0014
85058,0,0.0117
85059,0,0.0212
85060,0,0.0387
85061,1,0.9793
85062,1,0.9433
85063,0,0.0227
85064,0,0.0075
85065,0,0.0593
85066,0,0.1165
85067,0,0.0081
85068,0,0.0916
85069,0,0.0031
85070,1,0.9356
85071,0,0.0442
85072,0,0.0629
85073,0,0.0138
85074,0,0.009
85075,0,0.0079
85076,0,0.0427
85077,0,0.0093
85078,0,0.0048
85079,0,0.0059
85080,0,0.014
85081,1,0.9553
85082,0,0.2422
85083,0,0.0013
85084,0,0.1302
85085,0,0.0473
85086,0,0.0117
85087,0,0.0149
85088,0,0.0238
85089,0,0.0065
85090,0,0.0369
85091,0,0.0221
85092,0,0.091
85093,0,0.0115
85094,0,0.007
85095,0,0.1169
85096,0,0.0782
85097,0,0.0022
85098,1,0.9522
85099,0,0.027
85100,0,0.0661
85101,0,0.0064
85102,0,0.0222
85103,0,0.015
85104,1,0.9553
85105,0,0.0367
85106,0,0.1816
85107,0,0.1302
85108,0,0.0401
85109,0,0.0053
85110,0,0.0103
85111,0,0.1766
85112,0,0.0101
85113,0,0.0115
85114,0,0.0571
85115,0,0.0329
85116,0,0.0197
85117,0,0.0049
85118,0,0.0173
85119,0,0.0562
85120,1,0.9708
85121,0,0.1346
85122,0,0.0221
85123,0,0.015
85124,1,0.9636
85125,0,0.0237
85126,0,0.0866
85127,0,0.0216
85128,0,0.3134
85129,0,0.0235
85130,0,0.0268
85131,0,0.0149
85132,0,0.1266
85133,1,0.9667
85134,0,0.0282
85135,0,0.0036
85136,0,0.0065
85137,1,0.9904
85138,0,0.1253
85139,0,0.0154
85140,0,0.0026
85141,0,0.0474
85142,0,0.0018
85143,0,0.027
85144,1,0.8139
85145,0,0.0387
85146,0,0.0647
85147,0,0.0196
85148,0,0.0013
85149,0,0.0345
85150,0,0.0031
85151,0,0.0812
85152,0,0.0232
85153,0,0.0906
85154,1,0.929
85155,0,0.052
85156,0,0.0547
85157,0,0.054
85158,1,0.9455
85159,0,0.0152
85160,0,0.0744
85161,1,0.5945
85162,0,0.0144
85163,0,0.0074
85164,0,0.0084
85165,0,0.0078
85166,0,0.0656
85167,0,0.001
85168,0,0.0343
85169,1,0.936
85170,1,0.9552
85171,0,0.0105
85172,0,0.0011
85173,0,0.0013
85174,1,0.9895
85175,0,0.0085
85176,0,0.0004
85177,0,0.0808
85178,0,0.1689
85179,0,0.0148
85180,0,0.0271
85181,0,0.0087
85182,0,0.1726
85183,0,0.0081
85184,0,0.019
85185,1,0.7123
85186,0,0.0575
85187,0,0.0813
85188,1,0.6975
85189,0,0.0149
85190,0,0.0076
85191,0,0.0212
85192,0,0.0216
85193,1,0.9839
85194,0,0.0267
85195,0,0.0479
85196,0,0.1209
85197,0,0.0551
85198,0,0.0054
85199,0,0.0143
85200,0,0.0735
85201,0,0.0881
85202,0,0.0021
85203,0,0.0192
85204,0,0.0109
85205,0,0.0152
85206,0,0.0946
85207,1,0.9552
85208,0,0.3869
85209,0,0.0179
85210,0,0.0089
85211,0,0.0253
85212,1,0.9437
85213,0,0.0753
85214,0,0.053
85215,0,0.1588
85216,0,0.0123
85217,0,0.0134
85218,0,0.0435
85219,0,0.008
85220,0,0.0019
85221,1,0.8571
85222,0,0.3916
85223,0,0.0189
85224,0,0.1075
85225,0,0.0315
85226,0,0.2474
85227,0,0.082
85228,0,0.0955
85229,0,0.0302
85230,0,0.032
85231,0,0.0058
85232,0,0.0246
85233,0,0.0092
85234,0,0.0687
85235,0,0.383
85236,0,0.0105
85237,0,0.0078
85238,0,0.003
85239,0,0.0052
85240,1,0.9452
85241,1,0.8908
85242,0,0.0653
85243,0,0.0055
85244,0,0.011
85245,0,0.0125
85246,0,0.2325
85247,0,0.0025
85248,0,0.0013
85249,1,0.7441
85250,0,0.0245
85251,0,0.0504
85252,0,0.033
85253,0,0.0368
85254,0,0.0214
85255,0,0.008
85256,0,0.3144
85257,1,0.9491
85258,0,0.0261
85259,0,0.0065
85260,0,0.005
85261,0,0.1562
85262,0,0.0323
85263,0,0.0118
85264,1,0.9477
85265,0,0.0035
85266,0,0.1111
85267,0,0.133
85268,0,0.0207
85269,0,0.0079
85270,0,0.0871
85271,0,0.0156
85272,1,0.9736
85273,0,0.0038
85274,0,0.1083
85275,0,0.0238
85276,0,0.0107
85277,0,0.058
85278,0,0.0141
85279,0,0.0024
85280,0,0.0907
85281,0,0.0071
85282,0,0.0262
85283,1,0.5401
85284,0,0.0954
85285,0,0.0167
85286,0,0.01
85287,0,0.0456
85288,0,0.0575
85289,1,0.9792
85290,0,0.0149
85291,0,0.1213
85292,0,0.0026
85293,0,0.0058
85294,0,0.0356
85295,0,0.0081
85296,0,0.0162
85297,1,0.8707
85298,1,0.9737
85299,0,0.0094
85300,0,0.0286
85301,0,0.0539
85302,0,0.019
85303,0,0.0076
85304,0,0.0028
85305,0,0.1463
85306,0,0.0088
85307,0,0.076
85308,0,0.1049
85309,0,0.0456
85310,0,0.0454
85311,0,0.1133
85312,0,0.0157
85313,0,0.0148
85314,0,0.0236
85315,0,0.0273
85316,0,0.0142
85317,1,0.9503
85318,0,0.0321
85319,0,0.0051
85320,0,0.1017
85321,0,0.0687
85322,0,0.0095
85323,0,0.0094
85324,0,0.0161
85325,0,0.0913
85326,0,0.0748
85327,0,0.0104
85328,1,0.9251
85329,0,0.0488
85330,0,0.0728
85331,0,0.1838
85332,0,0.0046
85333,0,0.0077
85334,0,0.0062
85335,0,0.033
85336,0,0.0109
85337,0,0.0019
85338,0,0.0042
85339,1,0.9622
85340,0,0.0096
85341,0,0.0068
85342,1,0.9836
85343,0,0.0084
85344,0,0.0469
85345,0,0.0229
85346,0,0.0209
85347,0,0.0705
85348,0,0.1379
85349,0,0.0325
85350,0,0.0075
85351,0,0.0078
85352,0,0.1405
85353,0,0.0451
85354,0,0.008
85355,0,0.0317
85356,0,0.0366
85357,0,0.0171
85358,0,0.0429
85359,0,0.0954
85360,0,0.0615
85361,0,0.0072
85362,0,0.0317
85363,1,0.9418
85364,1,0.9833
85365,1,0.9736
85366,0,0.0207
85367,0,0.08
85368,0,0.0121
85369,0,0.0113
85370,0,0.296
85371,0,0.0017
85372,0,0.0326
85373,0,0.0271
85374,0,0.0249
85375,0,0.055
85376,0,0.0155
85377,0,0.0061
85378,0,0.0279
85379,0,0.0027
85380,0,0.018
85381,0,0.0515
85382,0,0.0101
85383,0,0.0279
85384,0,0.0222
85385,0,0.0153
85386,0,0.0074
85387,0,0.0762
85388,0,0.3269
85389,0,0.0017
85390,0,0.0287
85391,0,0.0138
85392,0,0.0966
85393,0,0.1503
85394,0,0.0172
85395,0,0.0287
85396,0,0.003
85397,0,0.0499
85398,0,0.2289
85399,0,0.0282
85400,0,0.0188
85401,0,0.0587
85402,0,0.0033
85403,1,0.6756
85404,0,0.0184
85405,0,0.0557
85406,0,0.0196
85407,0,0.023
85408,0,0.008
85409,0,0.0014
85410,0,0.0682
85411,0,0.0027
85412,0,0.0539
85413,0,0.0359
85414,0,0.0621
85415,0,0.0381
85416,0,0.008
85417,0,0.0621
85418,0,0.0024
85419,0,0.0036
85420,1,0.9734
85421,0,0.1788
85422,0,0.0343
85423,0,0.0146
85424,0,0.0122
85425,0,0.0463
85426,0,0.0538
85427,0,0.0283
85428,0,0.0099
85429,0,0.0133
85430,0,0.0166
85431,0,0.0487
85432,0,0.0153
85433,0,0.0216
85434,0,0.0306
85435,0,0.0284
85436,0,0.0181
85437,1,0.9137
85438,0,0.0903
85439,0,0.0272
85440,0,0.0413
85441,0,0.0036
85442,0,0.0916
85443,0,0.011
85444,1,0.8843
85445,1,0.952
85446,0,0.0215
85447,0,0.0151
85448,0,0.0014
85449,0,0.0139
85450,0,0.0121
85451,0,0.0057
85452,0,0.0371
85453,0,0.0547
85454,1,0.9759
85455,0,0.0122
85456,0,0.026
85457,0,0.0086
85458,0,0.0089
85459,0,0.0079
85460,0,0.022
85461,0,0.1683
85462,0,0.0346
85463,0,0.0638
85464,0,0.0078
85465,0,0.0211
85466,0,0.021
85467,0,0.1859
85468,1,0.9606
85469,0,0.0241
85470,0,0.2704
85471,1,0.987
85472,0,0.2721
85473,0,0.1051
85474,1,0.9777
85475,0,0.2975
85476,0,0.0374
85477,0,0.0068
85478,0,0.0058
85479,0,0.0196
85480,0,0.1172
85481,0,0.043
85482,0,0.0083
85483,0,0.0231
85484,0,0.0423
85485,0,0.1022
85486,0,0.2638
85487,0,0.2266
85488,0,0.0127
85489,1,0.9885
85490,0,0.0402
85491,1,0.803
85492,0,0.0126
85493,0,0.1961
85494,0,0.022
85495,0,0.061
85496,0,0.0136
85497,0,0.0067
85498,0,0.028
85499,0,0.0133
85500,0,0.0033
85501,0,0.0184
85502,0,0.0565
85503,0,0.0474
85504,0,0.0075
85505,0,0.0153
85506,0,0.0031
85507,0,0.0033
85508,0,0.0314
85509,0,0.0026
85510,0,0.0082
85511,0,0.0422
85512,0,0.0237
85513,0,0.0299
85514,0,0.0566
85515,0,0.0483
85516,0,0.0058
85517,0,0.0123
85518,0,0.0615
85519,0,0.0274
85520,1,0.965
85521,1,0.9783
85522,0,0.035
85523,0,0.0075
85524,0,0.2648
85525,0,0.1287
85526,0,0.0129
85527,0,0.0146
85528,0,0.0116
85529,0,0.0031
85530,0,0.018
85531,0,0.0109
85532,0,0.0209
85533,0,0.0099
85534,0,0.1146
85535,0,0.0792
85536,0,0.0049
85537,0,0.0085
85538,0,0.0183
85539,0,0.0198
85540,0,0.017
85541,0,0.2793
85542,0,0.0016
85543,0,0.0338
85544,0,0.0014
85545,0,0.0239
85546,0,0.0155
85547,0,0.012
85548,0,0.0327
85549,0,0.0814
85550,0,0.0063
85551,0,0.0374
85552,0,0.0543
85553,0,0.0505
85554,0,0.0083
85555,0,0.0477
85556,0,0.0161
85557,1,0.7883
85558,0,0.0621
85559,0,0.0406
85560,0,0.0079
85561,0,0.0896
85562,0,0.0251
85563,0,0.0806
85564,0,0.0148
85565,0,0.0039
85566,0,0.0128
85567,0,0.023
85568,0,0.0671
85569,0,0.0041
85570,0,0.0389
85571,1,0.9523
85572,0,0.0257
85573,0,0.0044
85574,0,0.0148
85575,0,0.0032
85576,0,0.0361
85577,0,0.0046
85578,0,0.041
85579,1,0.5941
85580,0,0.0637
85581,0,0.0063
85582,0,0.039
85583,0,0.025
85584,0,0.0625
85585,0,0.0288
85586,1,0.8612
85587,0,0.0348
85588,0,0.0668
85589,0,0.0867
85590,0,0.0972
85591,1,0.9716
85592,0,0.012
85593,0,0.0757
85594,0,0.0089
85595,0,0.1787
85596,0,0.0358
85597,0,0.0234
85598,0,0.0145
85599,0,0.0263
85600,0,0.0255
85601,0,0.058
85602,0,0.0093
85603,0,0.0071
85604,0,0.219
85605,0,0.0055
85606,0,0.0292
85607,0,0.1587
85608,0,0.1786
85609,0,0.0123
85610,0,0.0034
85611,0,0.0254
85612,0,0.0394
85613,0,0.0385
85614,0,0.0196
85615,0,0.0146
85616,0,0.0203
85617,1,0.974
85618,0,0.3394
85619,0,0.011
85620,0,0.0138
85621,0,0.1152
85622,0,0.0012
85623,1,0.9349
85624,1,0.9557
85625,0,0.0709
85626,0,0.0578
85627,0,0.0042
85628,0,0.0092
85629,0,0.2327
85630,0,0.0385
85631,0,0.0145
85632,0,0.0083
85633,0,0.0062
85634,0,0.05
85635,0,0.0078
85636,1,0.9639
85637,0,0.1126
85638,0,0.0086
85639,1,0.9328
85640,0,0.0803
85641,0,0.0235
85642,0,0.0647
85643,0,0.0166
85644,0,0.0317
85645,0,0.0268
85646,0,0.1059
85647,0,0.0227
85648,1,0.9846
85649,0,0.1905
85650,0,0.0079
85651,0,0.0328
85652,0,0.0224
85653,0,0.0147
85654,1,0.9684
85655,0,0.0594
85656,0,0.025
85657,0,0.0017
85658,0,0.0194
85659,0,0.0528
85660,0,0.0376
85661,0,0.1336
85662,0,0.045
85663,1,0.985
85664,0,0.0282
85665,0,0.0341
85666,0,0.0076
85667,0,0.0081
85668,1,0.9029
85669,0,0.0166
85670,0,0.1441
85671,0,0.0288
85672,0,0.0079
85673,0,0.0318
85674,0,0.022
85675,0,0.1264
85676,0,0.1878
85677,0,0.042
85678,1,0.9472
85679,0,0.0072
85680,0,0.072
85681,0,0.0942
85682,0,0.0047
85683,0,0.0016
85684,1,0.8026
85685,1,0.9388
85686,0,0.0833
85687,1,0.9932
85688,0,0.2926
85689,0,0.0249
85690,0,0.3464
85691,0,0.019
85692,0,0.2954
85693,0,0.0673
85694,1,0.7072
85695,0,0.0256
85696,0,0.0164
85697,0,0.0564
85698,0,0.011
85699,0,0.0404
85700,0,0.0092
85701,0,0.0495
85702,0,0.0123
85703,0,0.2163
85704,1,0.9376
85705,0,0.089
85706,0,0.0204
85707,0,0.0964
85708,0,0.0025
85709,1,0.9712
85710,0,0.1438
85711,0,0.0765
85712,0,0.0301
85713,0,0.2451
85714,0,0.0694
85715,0,0.0106
85716,0,0.0203
85717,1,0.9706
85718,0,0.0723
85719,0,0.0442
85720,0,0.0352
85721,0,0.037
85722,0,0.0108
85723,0,0.0209
85724,0,0.0231
85725,0,0.0454
85726,0,0.0325
85727,0,0.0122
85728,0,0.0365
85729,1,0.9364
85730,1,0.7843
85731,0,0.0055
85732,0,0.136
85733,0,0.0285
85734,0,0.0071
85735,0,0.0029
85736,0,0.0302
85737,1,0.9443
85738,0,0.0284
85739,0,0.0091
85740,0,0.0064
85741,0,0.0318
85742,0,0.0074
85743,0,0.0113
85744,0,0.0012
85745,0,0.3031
85746,0,0.008
85747,0,0.0835
85748,0,0.0101
85749,0,0.2703
85750,0,0.0224
85751,0,0.0084
85752,0,0.0574
85753,0,0.0718
85754,0,0.0549
85755,0,0.0067
85756,0,0.0507
85757,1,0.9429
85758,0,0.0094
85759,0,0.0026
85760,0,0.0123
85761,0,0.3099
85762,0,0.021
85763,0,0.0108
85764,0,0.2881
85765,0,0.0978
85766,0,0.0404
85767,0,0.0043
85768,0,0.0532
85769,0,0.0386
85770,0,0.0065
85771,0,0.0177
85772,0,0.0115
85773,0,0.0316
85774,0,0.0121
85775,0,0.0092
85776,0,0.0049
85777,1,0.9428
85778,0,0.0072
85779,0,0.0023
85780,0,0.0027
85781,0,0.0757
85782,0,0.0041
85783,0,0.0097
85784,1,0.9793
85785,0,0.0102
85786,0,0.0061
85787,1,0.9232
85788,0,0.0044
85789,0,0.0527
85790,0,0.2325
85791,0,0.0406
85792,0,0.1892
85793,0,0.0037
85794,0,0.0013
85795,0,0.0445
85796,0,0.1884
85797,0,0.0152
85798,0,0.0184
85799,0,0.0502
85800,1,0.9696
85801,0,0.0428
85802,0,0.0633
85803,0,0.0925
85804,0,0.002
85805,0,0.019
85806,0,0.0115
85807,0,0.0082
85808,0,0.0861
85809,0,0.1414
85810,1,0.8212
85811,0,0.0577
85812,0,0.0143
85813,0,0.3126
85814,0,0.0846
85815,0,0.0464
85816,0,0.0588
85817,0,0.0046
85818,0,0.0113
85819,0,0.0348
85820,0,0.0118
85821,0,0.0444
85822,0,0.0424
85823,0,0.0156
85824,0,0.0295
85825,0,0.0258
85826,1,0.9266
85827,0,0.0241
85828,0,0.0158
85829,0,0.0497
85830,1,0.9817
85831,1,0.9212
85832,0,0.0308
85833,0,0.0131
85834,0,0.0103
85835,0,0.1714
85836,0,0.0132
85837,1,0.713
85838,0,0.009
85839,0,0.0116
85840,1,0.942
85841,1,0.877
85842,0,0.0059
85843,0,0.3568
85844,0,0.0044
85845,0,0.07
85846,0,0.0454
85847,0,0.0142
85848,0,0.0809
85849,0,0.0166
85850,0,0.0586
85851,0,0.0539
85852,0,0.0037
85853,0,0.1732
85854,0,0.0156
85855,0,0.0085
85856,0,0.012
85857,0,0.0383
85858,0,0.3444
85859,0,0.0052
85860,0,0.0181
85861,0,0.0053
85862,0,0.0232
85863,0,0.0222
85864,1,0.975
85865,0,0.003
85866,0,0.2421
85867,0,0.0252
85868,1,0.7618
85869,0,0.0988
85870,0,0.0052
85871,0,0.0013
85872,0,0.0119
85873,0,0.0526
85874,0,0.023
85875,0,0.3217
85876,1,0.9733
85877,0,0.0291
85878,0,0.0964
85879,1,0.9877
85880,0,0.2123
85881,0,0.0138
85882,0,0.0355
85883,0,0.005
85884,0,0.2083
85885,0,0.0336
85886,0,0.0264
85887,1,0.9463
85888,0,0.1078
85889,0,0.0498
85890,0,0.0014
85891,0,0.01
85892,0,0.0118
85893,0,0.021
85894,1,0.9345
85895,0,0.0145
85896,0,0.0163
85897,0,0.0105
85898,0,0.0046
85899,0,0.0103
85900,0,0.0179
85901,0,0.0529
85902,0,0.0327
85903,0,0.0177
85904,0,0.0735
85905,0,0.0334
85906,0,0.0311
85907,0,0.0015
85908,0,0.0215
85909,0,0.0363
85910,0,0.0537
85911,0,0.0024
85912,0,0.0767
85913,1,0.9593
85914,0,0.079
85915,0,0.0044
85916,0,0.0077
85917,0,0.008
85918,0,0.0062
85919,0,0.306
85920,0,0.0396
85921,1,0.8795
85922,0,0.0076
85923,1,0.9666
85924,1,0.9929
85925,0,0.0441
85926,0,0.015
85927,0,0.0061
85928,0,0.0092
85929,0,0.0051
85930,0,0.1544
85931,0,0.0387
85932,0,0.0429
85933,0,0.0262
85934,0,0.0009
85935,0,0.0656
85936,0,0.011
85937,0,0.0262
85938,0,0.0014
85939,0,0.0418
85940,0,0.0185
85941,0,0.0138
85942,0,0.0084
85943,0,0.0014
85944,0,0.2628
85945,0,0.0166
85946,0,0.0393
85947,0,0.0419
85948,0,0.0565
85949,1,0.9645
85950,0,0.0417
85951,0,0.0325
85952,0,0.1544
85953,0,0.0332
85954,0,0.0042
85955,0,0.0006
85956,0,0.0325
85957,0,0.0059
85958,0,0.0416
85959,0,0.0017
85960,0,0.0035
85961,0,0.0058
85962,0,0.1986
85963,0,0.2216
85964,0,0.0075
85965,0,0.0014
85966,0,0.1696
85967,0,0.0212
85968,0,0.0934
85969,0,0.0064
85970,0,0.0059
85971,0,0.0212
85972,0,0.0255
85973,0,0.0214
85974,0,0.1002
85975,0,0.0311
85976,0,0.0074
85977,0,0.3044
85978,0,0.04
85979,0,0.0264
85980,0,0.0213
85981,0,0.0406
85982,0,0.0644
85983,0,0.1639
85984,0,0.4433
85985,0,0.0275
85986,0,0.0494
85987,0,0.0542
85988,0,0.0089
85989,0,0.0836
85990,0,0.0756
85991,0,0.022
85992,0,0.0621
85993,1,0.9718
85994,0,0.0913
85995,0,0.0082
85996,0,0.0426
85997,0,0.008
85998,0,0.0351
85999,0,0.0025
86000,0,0.007
86001,0,0.0116
86002,0,0.0033
86003,1,0.5822
86004,0,0.075
86005,0,0.0391
86006,0,0.0467
86007,0,0.0801
86008,0,0.0265
86009,0,0.0508
86010,0,0.0974
86011,0,0.0104
86012,0,0.0398
86013,0,0.1908
86014,0,0.1181
86015,0,0.0087
86016,0,0.0142
86017,0,0.0062
86018,0,0.0146
86019,0,0.0936
86020,0,0.0088
86021,0,0.0397
86022,0,0.1225
86023,0,0.0231
86024,0,0.0574
86025,0,0.0306
86026,0,0.0028
86027,0,0.0054
86028,0,0.0859
86029,0,0.0291
86030,0,0.0021
86031,0,0.023
86032,0,0.0034
86033,0,0.0234
86034,0,0.023
86035,0,0.0217
86036,0,0.0066
86037,0,0.0747
86038,1,0.9089
86039,0,0.0125
86040,0,0.0071
86041,1,0.6552
86042,0,0.0424
86043,1,0.8787
86044,0,0.0195
86045,0,0.0026
86046,0,0.0292
86047,0,0.1163
86048,0,0.0514
86049,0,0.0098
86050,0,0.0133
86051,0,0.0156
86052,0,0.1928
86053,0,0.0147
86054,0,0.0209
86055,0,0.0068
86056,1,0.7206
86057,0,0.0012
86058,0,0.0294
86059,0,0.0417
86060,0,0.0607
86061,0,0.0093
86062,0,0.0123
86063,0,0.0936
86064,0,0.0298
86065,0,0.0007
86066,0,0.0118
86067,0,0.0301
86068,0,0.0027
86069,0,0.1038
86070,1,0.9668
86071,0,0.0028
86072,0,0.0098
86073,0,0.0705
86074,0,0.01
86075,0,0.0341
86076,0,0.1563
86077,0,0.0226
86078,0,0.067
86079,0,0.0668
86080,0,0.0008
86081,0,0.0083
86082,0,0.0045
86083,0,0.0197
86084,0,0.0021
86085,0,0.0024
86086,0,0.1077
86087,1,0.9414
86088,0,0.0257
86089,0,0.0094
86090,0,0.0078
86091,0,0.016
86092,0,0.0056
86093,1,0.974
86094,0,0.0034
86095,0,0.0097
86096,0,0.0814
86097,0,0.0288
86098,0,0.0555
86099,0,0.0251
86100,1,0.9358
86101,0,0.033
86102,0,0.1217
86103,0,0.0083
86104,0,0.0019
86105,0,0.0298
86106,0,0.0022
86107,0,0.0151
86108,0,0.0332
86109,0,0.008
86110,0,0.0403
86111,0,0.0191
86112,0,0.0175
86113,0,0.0559
86114,0,0.0683
86115,0,0.0084
86116,0,0.003
86117,0,0.0057
86118,0,0.1059
86119,1,0.5262
86120,0,0.0329
86121,0,0.0902
86122,0,0.0348
86123,0,0.0021
86124,0,0.0106
86125,0,0.0228
86126,0,0.0053
86127,0,0.0121
86128,0,0.0241
86129,0,0.0066
86130,0,0.0126
86131,0,0.0177
86132,0,0.0597
86133,0,0.0018
86134,0,0.0491
86135,1,0.9263
86136,0,0.0236
86137,0,0.034
86138,0,0.0902
86139,0,0.0334
86140,0,0.0184
86141,0,0.0677
86142,0,0.1145
86143,0,0.0566
86144,1,0.9872
86145,0,0.0193
86146,0,0.0088
86147,0,0.0097
86148,0,0.0012
86149,1,0.856
86150,0,0.0067
86151,0,0.1807
86152,0,0.0057
86153,0,0.0236
86154,0,0.1769
86155,0,0.0295
86156,0,0.0122
86157,0,0.0157
86158,0,0.0163
86159,0,0.1271
86160,0,0.0092
86161,0,0.029
86162,0,0.0596
86163,0,0.0124
86164,0,0.0136
86165,0,0.0302
86166,0,0.0075
86167,0,0.0254
86168,0,0.0008
86169,0,0.0359
86170,0,0.0017
86171,0,0.0108
86172,0,0.1352
86173,0,0.0143
86174,0,0.0811
86175,0,0.2601
86176,0,0.1363
86177,1,0.9512
86178,0,0.0391
86179,0,0.0282
86180,0,0.0559
86181,0,0.0398
86182,0,0.0107
86183,0,0.0129
86184,0,0.0008
86185,0,0.0158
86186,0,0.0356
86187,0,0.0505
86188,0,0.0168
86189,0,0.0075
86190,0,0.1697
86191,0,0.0156
86192,0,0.0547
86193,0,0.0089
86194,0,0.0522
86195,0,0.0199
86196,0,0.0019
86197,0,0.0201
86198,0,0.0735
86199,0,0.0032
86200,0,0.1671
86201,0,0.035
86202,0,0.0191
86203,0,0.0068
86204,0,0.0095
86205,0,0.1811
86206,0,0.1227
86207,0,0.012
86208,0,0.0025
86209,0,0.0076
86210,0,0.0335
86211,1,0.976
86212,0,0.0237
86213,0,0.0167
86214,0,0.0061
86215,0,0.0139
86216,1,0.6164
86217,1,0.9768
86218,0,0.0095
86219,1,0.7691
86220,0,0.0021
86221,0,0.0519
86222,0,0.0021
86223,0,0.0051
86224,0,0.012
86225,0,0.0079
86226,0,0.0705
86227,0,0.0128
86228,1,0.9868
86229,0,0.0239
86230,0,0.0154
86231,0,0.008
86232,0,0.0143
86233,0,0.0171
86234,0,0.0173
86235,0,0.0009
86236,0,0.0341
86237,0,0.0209
86238,0,0.0239
86239,1,0.9312
86240,1,0.94
86241,1,0.9932
86242,0,0.0064
86243,0,0.026
86244,1,0.8228
86245,0,0.0028
86246,0,0.0277
86247,0,0.0201
86248,0,0.0038
86249,0,0.016
86250,0,0.0504
86251,0,0.0736
86252,0,0.0459
86253,0,0.0091
86254,0,0.0061
86255,1,0.8945
86256,0,0.0322
86257,0,0.0078
86258,0,0.004
86259,0,0.0136
86260,0,0.0161
86261,0,0.0102
86262,0,0.037
86263,1,0.938
86264,0,0.0143
86265,0,0.021
86266,1,0.9561
86267,0,0.0155
86268,0,0.0373
86269,1,0.8827
86270,0,0.1104
86271,0,0.0466
86272,0,0.0122
86273,0,0.0343
86274,1,0.9733
86275,1,0.9885
86276,0,0.0135
86277,0,0.0035
86278,0,0.0348
86279,0,0.0361
86280,0,0.1282
86281,0,0.0012
86282,0,0.0126
86283,1,0.9023
86284,0,0.0136
86285,0,0.0138
86286,0,0.0143
86287,0,0.019
86288,0,0.0028
86289,0,0.0113
86290,0,0.0148
86291,0,0.2621
86292,0,0.079
86293,0,0.1312
86294,0,0.037
86295,0,0.0094
86296,1,0.9344
86297,0,0.0467
86298,0,0.0008
86299,0,0.024
86300,0,0.0167
86301,1,0.8241
86302,0,0.029
86303,0,0.0027
86304,0,0.0466
86305,0,0.0101
86306,0,0.0084
86307,0,0.0245
86308,0,0.0071
86309,0,0.1454
86310,0,0.0138
86311,0,0.0096
86312,0,0.0062
86313,0,0.0751
86314,0,0.0123
86315,0,0.0118
86316,1,0.6818
86317,0,0.0799
86318,0,0.0018
86319,0,0.0139
86320,0,0.0915
86321,0,0.071
86322,0,0.1335
86323,1,0.9834
86324,0,0.0096
86325,0,0.0415
86326,0,0.0061
86327,0,0.0431
86328,0,0.0478
86329,0,0.0076
86330,0,0.0473
86331,0,0.0071
86332,0,0.0365
86333,0,0.0062
86334,0,0.0028
86335,0,0.0517
86336,0,0.0319
86337,0,0.0371
86338,0,0.1789
86339,0,0.0296
86340,0,0.0455
86341,0,0.0468
86342,1,0.5864
86343,0,0.0087
86344,0,0.0788
86345,0,0.0094
86346,0,0.0256
86347,0,0.1661
86348,0,0.0077
86349,0,0.0365
86350,0,0.0596
86351,0,0.007
86352,0,0.0381
86353,0,0.0203
86354,1,0.9195
86355,0,0.0075
86356,0,0.0078
86357,0,0.0181
86358,0,0.0157
86359,0,0.0167
86360,0,0.0212
86361,0,0.0013
86362,0,0.0694
86363,0,0.0061
86364,0,0.0536
86365,0,0.0634
86366,0,0.0092
86367,0,0.0036
86368,0,0.001
86369,0,0.0634
86370,0,0.0671
86371,0,0.2284
86372,1,0.9635
86373,0,0.0529
86374,0,0.0138
86375,0,0.0035
86376,0,0.0075
86377,0,0.0045
86378,0,0.3993
86379,0,0.0818
86380,0,0.0306
86381,0,0.0314
86382,1,0.9444
86383,0,0.0122
86384,0,0.0078
86385,0,0.0442
86386,0,0.0285
86387,0,0.0054
86388,0,0.0433
86389,0,0.0197
86390,0,0.0047
86391,0,0.0125
86392,0,0.0083
86393,0,0.0271
86394,0,0.0241
86395,1,0.9368
86396,0,0.1852
86397,0,0.0243
86398,0,0.0393
86399,0,0.0387
86400,0,0.0083
86401,0,0.0273
86402,0,0.1017
86403,0,0.018
86404,0,0.0031
86405,0,0.0162
86406,0,0.0579
86407,0,0.0143
86408,0,0.1549
86409,1,0.972
86410,0,0.0074
86411,0,0.0121
86412,0,0.0939
86413,0,0.0079
86414,0,0.0121
86415,0,0.0469
86416,0,0.0709
86417,1,0.9416
86418,0,0.0133
86419,0,0.0125
86420,0,0.0173
86421,1,0.9754
86422,0,0.0208
86423,0,0.0013
86424,0,0.0946
86425,0,0.2984
86426,0,0.2058
86427,0,0.2562
86428,0,0.0129
86429,0,0.0008
86430,0,0.0693
86431,0,0.0276
86432,0,0.0078
86433,0,0.0226
86434,0,0.006
86435,0,0.1835
86436,0,0.079
86437,0,0.024
86438,0,0.0492
86439,1,0.8952
86440,0,0.0373
86441,0,0.018
86442,0,0.0224
86443,0,0.0006
86444,0,0.0389
86445,0,0.0332
86446,0,0.0537
86447,0,0.008
86448,0,0.1684
86449,1,0.9796
86450,0,0.1819
86451,0,0.0046
86452,0,0.0087
86453,0,0.0019
86454,0,0.01
86455,0,0.0042
86456,0,0.1391
86457,0,0.0141
86458,0,0.031
86459,0,0.1789
86460,0,0.0337
86461,0,0.0257
86462,0,0.0239
86463,0,0.0176
86464,0,0.0139
86465,0,0.0443
86466,0,0.0126
86467,0,0.1327
86468,0,0.0066
86469,1,0.7111
86470,0,0.06
86471,0,0.0512
86472,1,0.8482
86473,0,0.0205
86474,0,0.0179
86475,0,0.0036
86476,0,0.046
86477,0,0.047
86478,0,0.0296
86479,0,0.1632
86480,1,0.924
86481,0,0.0405
86482,0,0.0572
86483,0,0.0256
86484,0,0.0135
86485,0,0.0149
86486,0,0.0152
86487,0,0.0333
86488,0,0.0122
86489,0,0.0101
86490,0,0.0018
86491,0,0.0278
86492,0,0.0134
86493,0,0.0303
86494,0,0.0821
86495,0,0.0075
86496,0,0.0636
86497,0,0.372
86498,1,0.9693
86499,0,0.0128
86500,0,0.0253
86501,0,0.0038
86502,0,0.009
86503,0,0.002
86504,0,0.0383
86505,0,0.018
86506,1,0.965
86507,0,0.0226
86508,0,0.0284
86509,0,0.0053
86510,0,0.0143
86511,0,0.0088
86512,0,0.0204
86513,0,0.0538
86514,0,0.0041
86515,0,0.028
86516,0,0.0723
86517,0,0.0061
86518,1,0.9394
86519,0,0.0336
86520,0,0.0066
86521,0,0.0283
86522,1,0.9766
86523,1,0.8719
86524,0,0.0066
86525,0,0.0081
86526,1,0.8929
86527,0,0.0432
86528,0,0.0432
86529,0,0.0252
86530,0,0.0324
86531,0,0.0092
86532,0,0.0093
86533,0,0.0231
86534,0,0.0411
86535,0,0.0316
86536,0,0.0877
86537,0,0.0049
86538,0,0.0066
86539,0,0.0156
86540,0,0.0187
86541,0,0.0133
86542,0,0.0368
86543,0,0.1311
86544,0,0.2125
86545,0,0.0326
86546,0,0.0036
86547,0,0.1316
86548,0,0.0318
86549,0,0.0842
86550,1,0.9785
86551,0,0.1657
86552,0,0.0128
86553,0,0.0128
86554,0,0.041
86555,0,0.0016
86556,0,0.0086
86557,0,0.0201
86558,1,0.9631
86559,0,0.0203
86560,0,0.0152
86561,0,0.1377
86562,0,0.0165
86563,0,0.2357
86564,0,0.0008
86565,0,0.015
86566,0,0.0635
86567,0,0.0741
86568,0,0.0466
86569,0,0.0108
86570,0,0.0061
86571,0,0.0164
86572,0,0.0074
86573,1,0.9334
86574,1,0.6211
86575,0,0.0163
86576,0,0.0087
86577,0,0.0876
86578,0,0.0451
86579,0,0.0125
86580,1,0.9535
86581,0,0.1316
86582,0,0.0336
86583,0,0.0126
86584,0,0.0749
86585,0,0.1779
86586,0,0.0221
86587,0,0.0033
86588,0,0.0378
86589,0,0.0983
86590,0,0.0032
86591,0,0.0791
86592,0,0.037
86593,0,0.0652
86594,0,0.0196
86595,0,0.0086
86596,0,0.0095
86597,1,0.7859
86598,0,0.0461
86599,0,0.0059
86600,0,0.0309
86601,0,0.0596
86602,1,0.9279
86603,0,0.0075
86604,0,0.0181
86605,0,0.0105
86606,0,0.0387
86607,0,0.0436
86608,0,0.1177
86609,0,0.0979
86610,0,0.0466
86611,0,0.0766
86612,0,0.0086
86613,0,0.0046
86614,0,0.0637
86615,0,0.0123
86616,0,0.0015
86617,0,0.0163
86618,0,0.0345
86619,0,0.0017
86620,0,0.0043
86621,0,0.0316
86622,0,0.0059
86623,0,0.1256
86624,0,0.0279
86625,0,0.1251
86626,0,0.0129
86627,0,0.0599
86628,0,0.0054
86629,0,0.0204
86630,1,0.8468
86631,0,0.1162
86632,0,0.2981
86633,0,0.0078
86634,0,0.0845
86635,0,0.0081
86636,0,0.3159
86637,0,0.0063
86638,0,0.0158
86639,0,0.0063
86640,0,0.0282
86641,0,0.0603
86642,1,0.8699
86643,0,0.0025
86644,0,0.0533
86645,0,0.0605
86646,0,0.0644
86647,0,0.0106
86648,0,0.0354
86649,0,0.0288
86650,0,0.3102
86651,0,0.0879
86652,0,0.0077
86653,0,0.3293
86654,0,0.2106
86655,0,0.0144
86656,0,0.0111
86657,0,0.0061
86658,0,0.0142
86659,0,0.027
86660,0,0.0284
86661,1,0.5227
86662,0,0.003
86663,0,0.1019
86664,0,0.0201
86665,0,0.3393
86666,1,0.9499
86667,0,0.0837
86668,0,0.0536
86669,0,0.0047
86670,0,0.0685
86671,0,0.1724
86672,0,0.0057
86673,0,0.0058
86674,0,0.0244
86675,0,0.0036
86676,0,0.0971
86677,0,0.0156
86678,0,0.0145
86679,0,0.0015
86680,0,0.0334
86681,0,0.0045
86682,0,0.0156
86683,0,0.0294
86684,0,0.0099
86685,0,0.0041
86686,0,0.0353
86687,0,0.0075
86688,0,0.1261
86689,0,0.0067
86690,0,0.0328
86691,0,0.0085
86692,0,0.0799
86693,1,0.9368
86694,0,0.0268
86695,1,0.9772
86696,0,0.0132
86697,1,0.8147
86698,0,0.0155
86699,1,0.8556
86700,0,0.067
86701,1,0.92
86702,0,0.0215
86703,0,0.2807
86704,0,0.0462
86705,0,0.0413
86706,0,0.0138
86707,1,0.9565
86708,0,0.0035
86709,0,0.043
86710,0,0.0009
86711,0,0.0106
86712,0,0.0128
86713,0,0.0023
86714,0,0.0171
86715,0,0.0259
86716,0,0.1345
86717,0,0.026
86718,0,0.311
86719,0,0.0393
86720,0,0.0313
86721,0,0.0181
86722,0,0.0838
86723,0,0.0008
86724,0,0.0496
86725,0,0.0593
86726,1,0.9727
86727,0,0.0527
86728,0,0.0245
86729,0,0.0049
86730,0,0.1477
86731,0,0.0116
86732,0,0.0309
86733,0,0.0018
86734,0,0.0861
86735,1,0.9086
86736,1,0.9009
86737,0,0.0089
86738,0,0.0097
86739,0,0.0089
86740,0,0.0029
86741,0,0.0126
86742,0,0.0089
86743,0,0.0075
86744,0,0.039
86745,0,0.0088
86746,0,0.2591
86747,0,0.012
86748,0,0.0085
86749,1,0.9414
86750,0,0.0063
86751,0,0.0284
86752,0,0.0099
86753,0,0.0362
86754,0,0.0244
86755,0,0.0282
86756,0,0.008
86757,1,0.9939
86758,0,0.0228
86759,1,0.8195
86760,0,0.0007
86761,0,0.0097
86762,0,0.0116
86763,0,0.017
86764,0,0.0267
86765,0,0.0156
86766,0,0.0592
86767,0,0.1039
86768,0,0.1443
86769,1,0.9846
86770,1,0.9803
86771,0,0.0084
86772,0,0.0428
86773,0,0.0604
86774,0,0.0266
86775,0,0.0033
86776,0,0.0848
86777,0,0.0148
86778,0,0.0077
86779,0,0.0697
86780,0,0.0011
86781,0,0.0048
86782,0,0.0143
86783,0,0.033
86784,0,0.0058
86785,0,0.0263
86786,1,0.9845
86787,0,0.025
86788,0,0.035
86789,0,0.0172
86790,1,0.5135
86791,0,0.0267
86792,0,0.0167
86793,0,0.0545
86794,0,0.1852
86795,0,0.0304
86796,0,0.0594
86797,0,0.0449
86798,0,0.0169
86799,0,0.4621
86800,0,0.0468
86801,0,0.0247
86802,0,0.1287
86803,0,0.1032
86804,0,0.0492
86805,1,0.6563
86806,0,0.0012
86807,1,0.9244
86808,1,0.7819
86809,0,0.0285
86810,0,0.0065
86811,1,0.9098
86812,0,0.0752
86813,1,0.9798
86814,0,0.0674
86815,0,0.0138
86816,0,0.0956
86817,0,0.2659
86818,0,0.0176
86819,0,0.0259
86820,0,0.0064
86821,1,0.9752
86822,0,0.1195
86823,1,0.8832
86824,0,0.0042
86825,0,0.0293
86826,0,0.0061
86827,0,0.0144
86828,0,0.0168
86829,1,0.9414
86830,0,0.0261
86831,0,0.0072
86832,0,0.111
86833,0,0.0213
86834,0,0.0097
86835,0,0.0354
86836,0,0.0811
86837,0,0.0167
86838,0,0.0147
86839,0,0.215
86840,0,0.0154
86841,0,0.003
86842,0,0.0366
86843,0,0.0253
86844,1,0.9447
86845,0,0.0207
86846,0,0.0642
86847,0,0.0926
86848,1,0.8584
86849,0,0.0637
86850,0,0.0011
86851,1,0.9634
86852,0,0.0407
86853,0,0.1143
86854,0,0.0087
86855,0,0.1844
86856,0,0.0143
86857,0,0.0131
86858,0,0.0037
86859,0,0.0747
86860,0,0.0038
86861,0,0.0172
86862,0,0.0636
86863,0,0.0133
86864,0,0.0237
86865,0,0.0105
86866,0,0.0174
86867,0,0.0988
86868,0,0.0175
86869,0,0.0975
86870,0,0.0413
86871,0,0.0523
86872,0,0.0424
86873,0,0.0448
86874,0,0.0157
86875,0,0.0342
86876,0,0.2418
86877,0,0.049
86878,0,0.0196
86879,0,0.0329
86880,0,0.0224
86881,0,0.2486
86882,0,0.0085
86883,0,0.0162
86884,0,0.0468
86885,0,0.0461
86886,0,0.0089
86887,0,0.0025
86888,0,0.0111
86889,0,0.0348
86890,0,0.0271
86891,0,0.0908
86892,0,0.0222
86893,0,0.0078
86894,0,0.0357
86895,0,0.0014
86896,0,0.0083
86897,0,0.2417
86898,1,0.9532
86899,0,0.0291
86900,0,0.1578
86901,0,0.2146
86902,0,0.0068
86903,0,0.0165
86904,0,0.0045
86905,0,0.0168
86906,0,0.0144
86907,0,0.0167
86908,0,0.0176
86909,0,0.0012
86910,0,0.0044
86911,0,0.0141
86912,0,0.0079
86913,0,0.024
86914,0,0.0062
86915,0,0.0015
86916,0,0.0133
86917,1,0.9408
86918,0,0.0133
86919,0,0.0259
86920,0,0.024
86921,0,0.0755
86922,0,0.0323
86923,0,0.0232
86924,0,0.0111
86925,0,0.0258
86926,0,0.435
86927,0,0.0024
86928,0,0.0118
86929,0,0.0049
86930,1,0.9285
86931,0,0.02
86932,1,0.8329
86933,0,0.0432
86934,0,0.068
86935,0,0.0139
86936,0,0.1837
86937,0,0.0591
86938,0,0.047
86939,0,0.0069
86940,0,0.008
86941,0,0.0861
86942,0,0.0827
86943,0,0.0143
86944,0,0.0462
86945,0,0.1751
86946,0,0.0151
86947,0,0.0787
86948,0,0.009
86949,0,0.049
86950,0,0.096
86951,0,0.0404
86952,1,0.977
86953,0,0.0097
86954,0,0.0297
86955,1,0.9801
86956,1,0.8396
86957,0,0.0067
86958,0,0.0019
86959,0,0.1475
86960,0,0.0077
86961,0,0.0065
86962,1,0.9959
86963,0,0.0363
86964,0,0.0043
86965,0,0.0243
86966,0,0.0065
86967,0,0.0281
86968,1,0.9542
86969,1,0.9862
86970,0,0.0082
86971,1,0.9609
86972,0,0.0057
86973,0,0.0032
86974,1,0.9715
86975,0,0.0542
86976,0,0.0311
86977,0,0.0051
86978,0,0.0092
86979,0,0.0044
86980,0,0.0056
86981,0,0.0033
86982,0,0.0762
86983,0,0.0653
86984,0,0.1057
86985,0,0.0019
86986,0,0.2154
86987,0,0.0435
86988,0,0.004
86989,1,0.812
86990,0,0.2895
86991,0,0.0421
86992,1,0.97
86993,0,0.2233
86994,0,0.0066
86995,0,0.0039
86996,0,0.0033
86997,0,0.02
86998,1,0.9881
86999,0,0.0221
87000,0,0.0053
87001,1,0.9799
87002,0,0.0808
87003,0,0.0258
87004,0,0.0038
87005,0,0.1809
87006,0,0.0043
87007,0,0.0729
87008,0,0.012
87009,0,0.0096
87010,0,0.0141
87011,0,0.0407
87012,0,0.0274
87013,0,0.1911
87014,0,0.0845
87015,0,0.0069
87016,0,0.0061
87017,0,0.0208
87018,0,0.0288
87019,0,0.014
87020,0,0.0205
87021,0,0.0015
87022,0,0.0178
87023,0,0.0281
87024,0,0.0534
87025,1,0.654
87026,0,0.0416
87027,0,0.0163
87028,0,0.1367
87029,0,0.0061
87030,0,0.0545
87031,0,0.0136
87032,1,0.8326
87033,0,0.0173
87034,0,0.3061
87035,0,0.0274
87036,0,0.0117
87037,0,0.0062
87038,0,0.0841
87039,1,0.9385
87040,0,0.1058
87041,0,0.0045
87042,0,0.0061
87043,1,0.9564
87044,0,0.0139
87045,0,0.0042
87046,0,0.0192
87047,1,0.9463
87048,0,0.032
87049,0,0.0013
87050,0,0.0412
87051,0,0.0214
87052,1,0.6899
87053,0,0.012
87054,0,0.0187
87055,0,0.0869
87056,0,0.0294
87057,0,0.0078
87058,0,0.0594
87059,1,0.9055
87060,0,0.0116
87061,0,0.0054
87062,0,0.017
87063,0,0.3516
87064,1,0.8924
87065,0,0.0086
87066,0,0.0467
87067,0,0.0083
87068,0,0.0166
87069,0,0.1606
87070,0,0.0143
87071,0,0.1444
87072,0,0.014
87073,0,0.0102
87074,0,0.0026
87075,0,0.0273
87076,1,0.9279
87077,0,0.053
87078,1,0.8942
87079,0,0.0481
87080,0,0.0234
87081,0,0.0138
87082,0,0.0214
87083,0,0.0051
87084,1,0.957
87085,0,0.0024
87086,0,0.2287
87087,0,0.0111
87088,0,0.0176
87089,0,0.0183
87090,0,0.0018
87091,0,0.0323
87092,0,0.0171
87093,0,0.0179
87094,0,0.0561
87095,0,0.0262
87096,0,0.0111
87097,0,0.0088
87098,0,0.0056
87099,0,0.0223
87100,0,0.0726
87101,0,0.06
87102,0,0.0155
87103,0,0.0009
87104,0,0.0073
87105,0,0.0227
87106,0,0.0292
87107,0,0.282
87108,0,0.0042
87109,0,0.0619
87110,0,0.2851
87111,0,0.053
87112,0,0.0125
87113,0,0.0512
87114,0,0.012
87115,1,0.9542
87116,0,0.0286
87117,0,0.0105
87118,0,0.1019
87119,0,0.0085
87120,0,0.0096
87121,0,0.0021
87122,0,0.0088
87123,0,0.0273
87124,0,0.1461
87125,0,0.0267
87126,0,0.0366
87127,0,0.0791
87128,0,0.0437
87129,0,0.0058
87130,0,0.0291
87131,0,0.0269
87132,0,0.0363
87133,0,0.0177
87134,0,0.2112
87135,0,0.0234
87136,0,0.0275
87137,0,0.0303
87138,0,0.0521
87139,0,0.1869
87140,0,0.1413
87141,0,0.0223
87142,0,0.0135
87143,0,0.0261
87144,0,0.0071
87145,0,0.0007
87146,0,0.0094
87147,0,0.0195
87148,1,0.9411
87149,1,0.9386
87150,0,0.0007
87151,0,0.0344
87152,0,0.0326
87153,0,0.0066
87154,0,0.0528
87155,0,0.0281
87156,0,0.0079
87157,0,0.0127
87158,0,0.0492
87159,0,0.0433
87160,0,0.0127
87161,0,0.1
87162,0,0.023
87163,0,0.1082
87164,0,0.021
87165,0,0.0067
87166,0,0.0594
87167,0,0.0012
87168,0,0.1673
87169,1,0.9528
87170,0,0.0874
87171,1,0.9661
87172,0,0.0181
87173,0,0.0039
87174,0,0.0127
87175,0,0.015
87176,1,0.948
87177,0,0.0628
87178,0,0.0079
87179,0,0.1017
87180,0,0.0223
87181,0,0.0083
87182,0,0.0109
87183,0,0.0106
87184,0,0.0275
87185,0,0.0135
87186,1,0.9904
87187,0,0.024
87188,0,0.1581
87189,0,0.0237
87190,0,0.0138
87191,0,0.0301
87192,0,0.1059
87193,0,0.0711
87194,1,0.9664
87195,0,0.0223
87196,1,0.9697
87197,0,0.0205
87198,0,0.0107
87199,0,0.2029
87200,0,0.0032
87201,0,0.0056
87202,0,0.0284
87203,0,0.0606
87204,0,0.1421
87205,0,0.0105
87206,0,0.0196
87207,0,0.0552
87208,0,0.0024
87209,1,0.9255
87210,0,0.023
87211,0,0.0046
87212,0,0.0041
87213,0,0.4317
87214,0,0.0014
87215,0,0.0057
87216,0,0.2747
87217,0,0.0207
87218,0,0.0963
87219,0,0.0298
87220,0,0.0452
87221,0,0.0056
87222,0,0.0445
87223,0,0.0088
87224,0,0.0135
87225,0,0.0709
87226,0,0.0054
87227,0,0.0136
87228,0,0.0341
87229,0,0.0162
87230,0,0.0081
87231,0,0.006
87232,0,0.0138
87233,0,0.062
87234,0,0.0505
87235,0,0.0077
87236,0,0.0265
87237,1,0.9884
87238,0,0.1652
87239,0,0.0052
87240,0,0.0732
87241,0,0.0087
87242,0,0.0292
87243,0,0.0034
87244,0,0.0028
87245,0,0.0677
87246,0,0.0016
87247,0,0.1089
87248,0,0.0108
87249,0,0.1089
87250,0,0.01
87251,0,0.0138
87252,0,0.1844
87253,0,0.0151
87254,0,0.0086
87255,0,0.0122
87256,1,0.9605
87257,0,0.0047
87258,1,0.9404
87259,0,0.0035
87260,0,0.0115
87261,1,0.9775
87262,0,0.0259
87263,0,0.0293
87264,0,0.001
87265,0,0.004
87266,0,0.0348
87267,0,0.0921
87268,0,0.0105
87269,0,0.0042
87270,0,0.0358
87271,1,0.971
87272,0,0.167
87273,0,0.0525
87274,0,0.0739
87275,0,0.001
87276,0,0.0294
87277,0,0.039
87278,0,0.1999
87279,1,0.9693
87280,0,0.0115
87281,0,0.0512
87282,0,0.0176
87283,0,0.0165
87284,0,0.0083
87285,0,0.0582
87286,0,0.1933
87287,1,0.9854
87288,0,0.0287
87289,0,0.0042
87290,0,0.0155
87291,0,0.2441
87292,0,0.0057
87293,0,0.0095
87294,0,0.0412
87295,0,0.0693
87296,0,0.0261
87297,0,0.0146
87298,0,0.0342
87299,0,0.0135
87300,0,0.0701
87301,0,0.0919
87302,0,0.0748
87303,0,0.0232
87304,0,0.0018
87305,0,0.0598
87306,0,0.004
87307,0,0.0135
87308,0,0.0007
87309,0,0.0141
87310,0,0.0468
87311,0,0.0194
87312,0,0.0015
87313,1,0.8128
87314,0,0.0055
87315,0,0.0259
87316,0,0.0966
87317,0,0.1145
87318,0,0.0269
87319,0,0.2489
87320,0,0.1186
87321,0,0.005
87322,0,0.0015
87323,0,0.0086
87324,0,0.1272
87325,0,0.1219
87326,0,0.2503
87327,0,0.0427
87328,0,0.0466
87329,0,0.0808
87330,0,0.0418
87331,1,0.6718
87332,0,0.0135
87333,0,0.002
87334,0,0.0198
87335,0,0.0952
87336,0,0.0302
87337,1,0.9147
87338,1,0.9767
87339,0,0.0149
87340,0,0.0108
87341,0,0.0159
87342,0,0.0151
87343,0,0.0673
87344,0,0.0134
87345,0,0.1421
87346,0,0.0839
87347,0,0.0013
87348,0,0.0123
87349,0,0.0167
87350,0,0.1349
87351,1,0.9703
87352,0,0.0525
87353,0,0.0479
87354,1,0.711
87355,0,0.0029
87356,1,0.5372
87357,0,0.0244
87358,0,0.0229
87359,0,0.0529
87360,1,0.8104
87361,0,0.0092
87362,1,0.9396
87363,0,0.0527
87364,0,0.0302
87365,0,0.0086
87366,1,0.9567
87367,0,0.104
87368,0,0.0034
87369,0,0.1131
87370,0,0.0636
87371,1,0.8917
87372,0,0.0151
87373,0,0.0213
87374,0,0.0071
87375,0,0.0102
87376,0,0.0117
87377,0,0.0106
87378,0,0.0219
87379,0,0.0094
87380,0,0.0007
87381,0,0.0452
87382,0,0.0813
87383,0,0.3344
87384,0,0.0665
87385,0,0.0027
87386,0,0.0022
87387,0,0.0248
87388,0,0.0248
87389,1,0.9866
87390,0,0.0253
87391,0,0.1168
87392,0,0.0096
87393,0,0.0139
87394,0,0.1645
87395,0,0.0326
87396,0,0.0496
87397,0,0.1158
87398,0,0.0284
87399,0,0.0054
87400,0,0.0072
87401,0,0.0312
87402,0,0.3493
87403,0,0.0373
87404,0,0.0156
87405,0,0.037
87406,0,0.1494
87407,0,0.0061
87408,0,0.008
87409,0,0.051
87410,0,0.0065
87411,0,0.0088
87412,0,0.0408
87413,1,0.9892
87414,0,0.0335
87415,0,0.0534
87416,0,0.0096
87417,0,0.0011
87418,0,0.0351
87419,0,0.0094
87420,0,0.1968
87421,0,0.0051
87422,0,0.0583
87423,1,0.6371
87424,0,0.0106
87425,0,0.0239
87426,0,0.0379
87427,0,0.0394
87428,1,0.9569
87429,0,0.0186
87430,0,0.0349
87431,0,0.0029
87432,0,0.1252
87433,0,0.0007
87434,0,0.022
87435,0,0.0294
87436,0,0.0085
87437,0,0.047
87438,0,0.0142
87439,0,0.0018
87440,0,0.2392
87441,0,0.0513
87442,0,0.1414
87443,1,0.952
87444,0,0.0114
87445,0,0.0128
87446,0,0.0187
87447,0,0.208
87448,0,0.0243
87449,0,0.0481
87450,0,0.3848
87451,0,0.0041
87452,0,0.0285
87453,0,0.0013
87454,0,0.0023
87455,0,0.0133
87456,0,0.2009
87457,0,0.0214
87458,1,0.8138
87459,0,0.0174
87460,0,0.0081
87461,0,0.0583
87462,0,0.036
87463,0,0.0224
87464,0,0.0424
87465,0,0.0028
87466,0,0.0139
87467,0,0.0385
87468,0,0.0361
87469,0,0.0373
87470,0,0.0144
87471,1,0.9408
87472,0,0.0239
87473,0,0.0053
87474,0,0.0394
87475,0,0.0419
87476,0,0.1348
87477,0,0.0299
87478,0,0.0143
87479,0,0.0047
87480,0,0.009
87481,0,0.0219
87482,0,0.0481
87483,0,0.1383
87484,0,0.0086
87485,0,0.0295
87486,0,0.0043
87487,1,0.9447
87488,0,0.0762
87489,1,0.9757
87490,0,0.0687
87491,0,0.0119
87492,1,0.8837
87493,0,0.0094
87494,0,0.0017
87495,0,0.0804
87496,0,0.082
87497,0,0.0531
87498,0,0.024
87499,0,0.0682
87500,0,0.0254
87501,0,0.0127
87502,0,0.016
87503,0,0.0039
87504,0,0.0031
87505,0,0.0207
87506,0,0.0199
87507,0,0.0138
87508,0,0.005
87509,0,0.0061
87510,0,0.0161
87511,0,0.066
87512,0,0.2379
87513,0,0.0134
87514,0,0.0118
87515,0,0.0077
87516,1,0.9753
87517,0,0.0466
87518,0,0.0691
87519,0,0.063
87520,0,0.0035
87521,0,0.0623
87522,0,0.1259
87523,1,0.9067
87524,1,0.9793
87525,0,0.0096
87526,0,0.0399
87527,1,0.8532
87528,0,0.0117
87529,0,0.0316
87530,0,0.0117
87531,0,0.0489
87532,0,0.041
87533,0,0.0475
87534,0,0.0132
87535,0,0.0203
87536,0,0.0162
87537,0,0.0268
87538,0,0.0387
87539,0,0.0323
87540,0,0.031
87541,1,0.9875
87542,0,0.0023
87543,0,0.0381
87544,0,0.0046
87545,0,0.3031
87546,0,0.0117
87547,0,0.0483
87548,0,0.1402
87549,0,0.0209
87550,0,0.0027
87551,0,0.1638
87552,0,0.0436
87553,0,0.036
87554,0,0.0112
87555,0,0.1497
87556,0,0.0108
87557,0,0.0831
87558,1,0.9377
87559,1,0.9654
87560,0,0.0861
87561,0,0.0058
87562,0,0.0399
87563,0,0.0711
87564,0,0.0009
87565,0,0.0468
87566,0,0.353
87567,0,0.0137
87568,0,0.0056
87569,0,0.0764
87570,1,0.9592
87571,0,0.0054
87572,0,0.0634
87573,0,0.0193
87574,0,0.1855
87575,0,0.2044
87576,0,0.0463
87577,0,0.0757
87578,0,0.0007
87579,1,0.9105
87580,0,0.1238
87581,0,0.1281
87582,0,0.0082
87583,0,0.0511
87584,0,0.0065
87585,0,0.0107
87586,0,0.0065
87587,0,0.0434
87588,0,0.1446
87589,0,0.0052
87590,0,0.0532
87591,0,0.0063
87592,0,0.016
87593,0,0.0243
87594,0,0.0178
87595,0,0.0073
87596,0,0.0066
87597,0,0.0021
87598,0,0.0555
87599,0,0.0172
87600,0,0.3767
87601,0,0.016
87602,0,0.0153
87603,0,0.0966
87604,0,0.0075
87605,0,0.0183
87606,0,0.0205
87607,1,0.9693
87608,0,0.1311
87609,0,0.0252
87610,0,0.1001
87611,0,0.0128
87612,0,0.1781
87613,1,0.9705
87614,0,0.0364
87615,0,0.0172
87616,0,0.056
87617,0,0.0134
87618,0,0.0495
87619,1,0.9324
87620,0,0.0089
87621,0,0.4093
87622,0,0.0162
87623,1,0.7522
87624,0,0.0328
87625,0,0.4036
87626,0,0.0121
87627,0,0.0351
87628,0,0.0685
87629,0,0.0391
87630,0,0.0133
87631,0,0.0179
87632,0,0.0401
87633,0,0.0692
87634,0,0.0016
87635,0,0.0148
87636,0,0.0475
87637,0,0.0417
87638,1,0.9729
87639,0,0.0109
87640,0,0.1964
87641,0,0.0085
87642,1,0.9768
87643,0,0.1588
87644,0,0.0157
87645,0,0.0154
87646,0,0.0175
87647,0,0.0451
87648,1,0.9741
87649,0,0.0443
87650,0,0.0335
87651,0,0.1748
87652,0,0.2514
87653,0,0.0229
87654,0,0.031
87655,0,0.0913
87656,0,0.0009
87657,0,0.0503
87658,0,0.0136
87659,0,0.104
87660,0,0.0123
87661,0,0.0009
87662,0,0.0148
87663,0,0.026
87664,0,0.0098
87665,0,0.015
87666,0,0.0052
87667,0,0.0221
87668,0,0.2636
87669,0,0.0577
87670,0,0.0167
87671,0,0.026
87672,0,0.0249
87673,0,0.0085
87674,0,0.0389
87675,0,0.0403
87676,0,0.0019
87677,0,0.0258
87678,0,0.0053
87679,0,0.0256
87680,0,0.4225
87681,0,0.0352
87682,0,0.035
87683,0,0.0133
87684,0,0.0025
87685,0,0.0013
87686,0,0.0405
87687,0,0.0141
87688,0,0.0162
87689,1,0.9114
87690,0,0.0672
87691,0,0.051
87692,0,0.0048
87693,0,0.0451
87694,0,0.0603
87695,0,0.0119
87696,0,0.0107
87697,0,0.001
87698,0,0.1445
87699,0,0.0202
87700,0,0.0074
87701,0,0.0739
87702,0,0.0469
87703,0,0.0151
87704,1,0.9818
87705,0,0.0056
87706,0,0.0031
87707,0,0.0723
87708,0,0.2922
87709,0,0.0047
87710,0,0.1672
87711,0,0.0076
87712,0,0.0309
87713,0,0.0426
87714,0,0.0172
87715,0,0.027
87716,0,0.0053
87717,0,0.0352
87718,0,0.2579
87719,0,0.103
87720,0,0.0304
87721,0,0.0218
87722,0,0.0166
87723,0,0.0018
87724,1,0.9096
87725,0,0.4594
87726,0,0.0654
87727,0,0.201
87728,0,0.0109
87729,0,0.0199
87730,0,0.1104
87731,0,0.229
87732,0,0.1428
87733,0,0.0639
87734,0,0.0091
87735,0,0.0108
87736,0,0.0135
87737,1,0.7582
87738,0,0.0388
87739,0,0.0094
87740,0,0.1144
87741,0,0.042
87742,0,0.2885
87743,0,0.0085
87744,0,0.0406
87745,0,0.0383
87746,0,0.0466
87747,0,0.1757
87748,0,0.0423
87749,0,0.0012
87750,0,0.0057
87751,0,0.0069
87752,0,0.0164
87753,1,0.8051
87754,0,0.0463
87755,0,0.0125
87756,0,0.0047
87757,0,0.0125
87758,0,0.0099
87759,0,0.0374
87760,0,0.165
87761,0,0.0104
87762,0,0.3646
87763,1,0.9493
87764,0,0.0367
87765,0,0.1384
87766,0,0.0124
87767,0,0.0353
87768,1,0.9719
87769,0,0.0017
87770,0,0.1
87771,1,0.8731
87772,0,0.0217
87773,0,0.008
87774,0,0.0946
87775,1,0.9945
87776,0,0.0309
87777,0,0.0084
87778,0,0.0222
87779,0,0.0524
87780,0,0.0251
87781,0,0.0056
87782,0,0.0213
87783,1,0.6041
87784,0,0.0195
87785,0,0.0062
87786,0,0.0073
87787,0,0.016
87788,0,0.1606
87789,0,0.0561
87790,0,0.0277
87791,0,0.0501
87792,0,0.0096
87793,0,0.011
87794,1,0.9333
87795,0,0.0035
87796,0,0.017
87797,1,0.8359
87798,0,0.0257
87799,0,0.0444
87800,0,0.0987
87801,0,0.0386
87802,0,0.0216
87803,0,0.0553
87804,0,0.0059
87805,0,0.0511
87806,0,0.074
87807,0,0.0122
87808,0,0.0299
87809,0,0.0244
87810,0,0.0064
87811,0,0.013
87812,0,0.0311
87813,0,0.0211
87814,0,0.0771
87815,0,0.0177
87816,1,0.9863
87817,0,0.0071
87818,0,0.1001
87819,0,0.0328
87820,0,0.0095
87821,0,0.1364
87822,0,0.0311
87823,0,0.0039
87824,0,0.007
87825,1,0.9669
87826,0,0.183
87827,0,0.0441
87828,0,0.0219
87829,0,0.0064
87830,0,0.0087
87831,0,0.1149
87832,0,0.0207
87833,0,0.0011
87834,0,0.1926
87835,0,0.0913
87836,0,0.0118
87837,0,0.0286
87838,0,0.0195
87839,0,0.0081
87840,1,0.9587
87841,0,0.0119
87842,0,0.1899
87843,0,0.0904
87844,0,0.0039
87845,0,0.0014
87846,0,0.005
87847,0,0.0155
87848,0,0.0011
87849,1,0.954
87850,0,0.0611
87851,0,0.0257
87852,1,0.5049
87853,0,0.0048
87854,0,0.0341
87855,0,0.0311
87856,0,0.0167
87857,0,0.0265
87858,0,0.0213
87859,0,0.0137
87860,0,0.0138
87861,0,0.0167
87862,0,0.095
87863,0,0.0089
87864,1,0.896
87865,0,0.1535
87866,0,0.0476
87867,0,0.0135
87868,0,0.0038
87869,0,0.0048
87870,1,0.9739
87871,0,0.0257
87872,0,0.0066
87873,0,0.0147
87874,0,0.013
87875,0,0.1012
87876,0,0.0138
87877,0,0.0164
87878,0,0.0154
87879,0,0.0635
87880,0,0.0256
87881,0,0.0347
87882,0,0.0081
87883,0,0.1703
87884,0,0.015
87885,0,0.009
87886,0,0.0132
87887,0,0.0479
87888,0,0.0319
87889,0,0.0074
87890,0,0.0418
87891,0,0.0109
87892,0,0.0342
87893,0,0.0076
87894,0,0.0584
87895,1,0.961
87896,0,0.025
87897,0,0.0104
87898,0,0.0112
87899,0,0.0672
87900,0,0.0177
87901,0,0.0067
87902,0,0.0381
87903,0,0.2439
87904,0,0.0014
87905,0,0.2014
87906,0,0.0489
87907,1,0.9619
87908,0,0.0043
87909,0,0.009
87910,1,0.8426
87911,0,0.0136
87912,0,0.0129
87913,0,0.0066
87914,0,0.0216
87915,1,0.9429
87916,0,0.0126
87917,0,0.0277
87918,0,0.0371
87919,0,0.0054
87920,0,0.4944
87921,0,0.0215
87922,0,0.0098
87923,0,0.1043
87924,0,0.0057
87925,0,0.051
87926,1,0.9503
87927,0,0.0095
87928,0,0.1331
87929,0,0.0549
87930,0,0.0638
87931,1,0.9479
87932,0,0.0092
87933,1,0.9172
87934,0,0.0063
87935,0,0.0096
87936,0,0.0514
87937,0,0.0133
87938,0,0.2036
87939,0,0.0253
87940,0,0.0114
87941,1,0.913
87942,0,0.0015
87943,0,0.0318
87944,0,0.0102
87945,0,0.0185
87946,0,0.0198
87947,0,0.0275
87948,0,0.0088
87949,0,0.0382
87950,1,0.9263
87951,0,0.016
87952,0,0.1476
87953,0,0.0201
87954,0,0.0065
87955,0,0.0089
87956,0,0.11
87957,0,0.0464
87958,0,0.0652
87959,0,0.0139
87960,0,0.0206
87961,0,0.009
87962,0,0.0014
87963,0,0.0116
87964,0,0.0465
87965,0,0.0166
87966,0,0.1057
87967,0,0.05
87968,0,0.0095
87969,0,0.023
87970,0,0.0226
87971,0,0.0057
87972,0,0.0715
87973,1,0.6318
87974,0,0.0992
87975,0,0.0185
87976,0,0.0241
87977,0,0.0164
87978,0,0.0015
87979,1,0.95
87980,0,0.0151
87981,0,0.0068
87982,0,0.0095
87983,0,0.0171
87984,0,0.0085
87985,0,0.0146
87986,1,0.9681
87987,0,0.186
87988,0,0.0557
87989,0,0.1993
87990,0,0.0136
87991,0,0.1567
87992,0,0.0143
87993,0,0.0143
87994,0,0.1142
87995,0,0.011
87996,0,0.0214
87997,0,0.0078
87998,0,0.0131
87999,0,0.185
88000,0,0.0167
88001,0,0.0049
88002,0,0.1234
88003,0,0.0021
88004,0,0.0154
88005,0,0.0212
88006,0,0.0292
88007,0,0.0374
88008,0,0.0159
88009,0,0.0114
88010,0,0.0077
88011,0,0.0699
88012,0,0.0228
88013,0,0.0088
88014,0,0.0449
88015,0,0.0692
88016,0,0.0269
88017,1,0.9403
88018,0,0.0436
88019,1,0.9668
88020,0,0.0372
88021,0,0.0201
88022,1,0.9676
88023,0,0.002
88024,0,0.042
88025,0,0.0472
88026,0,0.0132
88027,0,0.0353
88028,0,0.0075
88029,0,0.0246
88030,0,0.0491
88031,0,0.0167
88032,0,0.4111
88033,0,0.0009
88034,1,0.9391
88035,0,0.0016
88036,0,0.0031
88037,0,0.0404
88038,0,0.0272
88039,0,0.0164
88040,0,0.0136
88041,0,0.013
88042,0,0.2704
88043,0,0.112
88044,0,0.0091
88045,0,0.0079
88046,0,0.0223
88047,1,0.9751
88048,0,0.1476
88049,0,0.0879
88050,0,0.0156
88051,0,0.0036
88052,0,0.0269
88053,0,0.0154
88054,0,0.0067
88055,0,0.0197
88056,1,0.9874
88057,0,0.0145
88058,0,0.0094
88059,0,0.0553
88060,0,0.0347
88061,0,0.0332
88062,0,0.0604
88063,0,0.063
88064,0,0.1728
88065,0,0.0087
88066,0,0.0563
88067,0,0.0404
88068,0,0.0173
88069,0,0.0113
88070,0,0.0351
88071,0,0.0241
88072,0,0.0489
88073,0,0.378
88074,0,0.0092
88075,0,0.0701
88076,0,0.0381
88077,0,0.0894
88078,0,0.0783
88079,0,0.2186
88080,0,0.0023
88081,0,0.0185
88082,0,0.0254
88083,0,0.0025
88084,0,0.0873
88085,0,0.0352
88086,0,0.009
88087,0,0.2176
88088,0,0.1275
88089,0,0.1038
88090,0,0.0049
88091,0,0.053
88092,0,0.0112
88093,0,0.0024
88094,0,0.4428
88095,0,0.0051
88096,0,0.0062
88097,0,0.1391
88098,0,0.009
88099,1,0.9701
88100,0,0.0623
88101,0,0.0072
88102,0,0.0236
88103,0,0.0085
88104,0,0.0205
88105,0,0.015
88106,0,0.0255
88107,0,0.0053
88108,0,0.0497
88109,0,0.0113
88110,0,0.0099
88111,0,0.0298
88112,0,0.0096
88113,0,0.1554
88114,0,0.0822
88115,0,0.0951
88116,0,0.0012
88117,0,0.0487
88118,0,0.0324
88119,0,0.0174
88120,0,0.0814
88121,0,0.0267
88122,0,0.0386
88123,0,0.0186
88124,1,0.9161
88125,0,0.0062
88126,0,0.0045
88127,1,0.9624
88128,1,0.9252
88129,0,0.0068
88130,0,0.2064
88131,1,0.895
88132,1,0.969
88133,0,0.1344
88134,0,0.014
88135,1,0.9306
88136,0,0.0351
88137,0,0.0091
88138,0,0.0676
88139,0,0.0824
88140,0,0.0364
88141,0,0.0169
88142,0,0.0976
88143,0,0.0282
88144,0,0.0224
88145,0,0.2208
88146,0,0.4636
88147,0,0.0201
88148,0,0.0267
88149,0,0.1419
88150,0,0.0614
88151,0,0.0281
88152,0,0.0107
88153,0,0.005
88154,0,0.034
88155,0,0.0027
88156,0,0.0053
88157,0,0.0078
88158,0,0.0312
88159,1,0.9304
88160,0,0.0384
88161,1,0.9773
88162,0,0.0756
88163,0,0.0788
88164,0,0.0428
88165,0,0.0151
88166,0,0.0012
88167,0,0.0871
88168,0,0.0598
88169,0,0.007
88170,0,0.0315
88171,0,0.0255
88172,0,0.0082
88173,0,0.0749
88174,0,0.0057
88175,0,0.0072
88176,0,0.0638
88177,0,0.1923
88178,0,0.0856
88179,0,0.0009
88180,0,0.0191
88181,0,0.2013
88182,0,0.1375
88183,0,0.0008
88184,0,0.0032
88185,0,0.0185
88186,0,0.0324
88187,0,0.055
88188,0,0.0013
88189,0,0.0074
88190,1,0.6338
88191,0,0.0676
88192,0,0.0145
88193,0,0.0755
88194,0,0.01
88195,0,0.0314
88196,0,0.013
88197,0,0.0526
88198,0,0.218
88199,0,0.041
88200,0,0.0676
88201,0,0.1028
88202,0,0.0114
88203,0,0.09
88204,0,0.1354
88205,0,0.006
88206,0,0.0028
88207,1,0.9649
88208,0,0.0089
88209,1,0.9814
88210,0,0.119
88211,0,0.0087
88212,1,0.9945
88213,1,0.9719
88214,0,0.0154
88215,1,0.9398
88216,0,0.0139
88217,1,0.9621
88218,0,0.0051
88219,0,0.0044
88220,0,0.0342
88221,0,0.0214
88222,0,0.0039
88223,0,0.013
88224,0,0.1379
88225,0,0.0022
88226,0,0.0311
88227,1,0.8859
88228,0,0.0018
88229,0,0.017
88230,0,0.004
88231,1,0.9495
88232,0,0.01
88233,0,0.0255
88234,1,0.8228
88235,0,0.0149
88236,0,0.0011
88237,0,0.0457
88238,0,0.0114
88239,0,0.1977
88240,1,0.9665
88241,0,0.0064
88242,0,0.0169
88243,0,0.0178
88244,0,0.0335
88245,0,0.0099
88246,0,0.0295
88247,1,0.9791
88248,0,0.0037
88249,0,0.1195
88250,0,0.0015
88251,0,0.0185
88252,0,0.0601
88253,0,0.0103
88254,0,0.1933
88255,0,0.0308
88256,0,0.004
88257,0,0.0169
88258,0,0.0164
88259,0,0.0597
88260,0,0.0014
88261,0,0.0078
88262,0,0.0158
88263,0,0.0182
88264,0,0.0103
88265,1,0.9953
88266,1,0.8211
88267,0,0.1675
88268,0,0.0131
88269,0,0.001
88270,0,0.0791
88271,1,0.947
88272,0,0.029
88273,0,0.1261
88274,1,0.9648
88275,0,0.0247
88276,0,0.0126
88277,0,0.0116
88278,0,0.0456
88279,0,0.0068
88280,0,0.007
88281,0,0.0536
88282,0,0.0835
88283,0,0.0241
88284,0,0.0234
88285,0,0.3051
88286,0,0.0051
88287,1,0.9761
88288,1,0.9571
88289,0,0.1373
88290,0,0.0296
88291,0,0.0025
88292,0,0.06
88293,0,0.0464
88294,1,0.9851
88295,0,0.0022
88296,0,0.024
88297,1,0.9518
88298,0,0.0148
88299,0,0.0019
88300,0,0.2168
88301,0,0.0296
88302,0,0.056
88303,0,0.0166
88304,0,0.2004
88305,0,0.2471
88306,1,0.7498
88307,0,0.0101
88308,0,0.0019
88309,0,0.0028
88310,0,0.1823
88311,0,0.0149
88312,0,0.0102
88313,0,0.0043
88314,0,0.065
88315,0,0.0092
88316,0,0.0376
88317,0,0.0144
88318,0,0.054
88319,0,0.0182
88320,0,0.0229
88321,0,0.0109
88322,0,0.0512
88323,0,0.0119
88324,0,0.0121
88325,0,0.0409
88326,0,0.1195
88327,0,0.0124
88328,0,0.0101
88329,0,0.0255
88330,0,0.0602
88331,0,0.0392
88332,0,0.0127
88333,0,0.0015
88334,0,0.0187
88335,0,0.0164
88336,0,0.0103
88337,0,0.0175
88338,0,0.0476
88339,0,0.0033
88340,0,0.0054
88341,0,0.0074
88342,0,0.0617
88343,0,0.0481
88344,1,0.8569
88345,0,0.0113
88346,0,0.1034
88347,0,0.0218
88348,0,0.0027
88349,1,0.9638
88350,0,0.0085
88351,0,0.0601
88352,0,0.0158
88353,1,0.5099
88354,0,0.0072
88355,0,0.0384
88356,0,0.0158
88357,1,0.9714
88358,0,0.0428
88359,0,0.0366
88360,0,0.0397
88361,0,0.0197
88362,0,0.0031
88363,0,0.0087
88364,0,0.0163
88365,0,0.3791
88366,1,0.9056
88367,0,0.0312
88368,0,0.0877
88369,0,0.0539
88370,0,0.4995
88371,0,0.0476
88372,0,0.0047
88373,0,0.0033
88374,1,0.6135
88375,0,0.1831
88376,0,0.0651
88377,0,0.0057
88378,0,0.0024
88379,0,0.0069
88380,1,0.9844
88381,0,0.0199
88382,1,0.807
88383,0,0.0289
88384,1,0.9866
88385,1,0.9812
88386,0,0.0275
88387,0,0.0453
88388,0,0.0146
88389,1,0.9373
88390,0,0.0364
88391,0,0.028
88392,0,0.0401
88393,0,0.0063
88394,0,0.0135
88395,0,0.0026
88396,0,0.0458
88397,0,0.0223
88398,0,0.0482
88399,0,0.028
88400,0,0.1499
88401,0,0.0052
88402,0,0.0091
88403,0,0.0119
88404,0,0.0063
88405,0,0.0116
88406,0,0.0133
88407,0,0.0319
88408,1,0.9746
88409,0,0.0186
88410,1,0.9628
88411,0,0.0141
88412,0,0.1428
88413,0,0.0485
88414,0,0.0017
88415,0,0.0736
88416,0,0.0138
88417,0,0.0142
88418,0,0.0077
88419,0,0.0184
88420,0,0.0072
88421,0,0.0218
88422,0,0.0336
88423,0,0.0217
88424,0,0.0068
88425,0,0.0461
88426,0,0.0856
88427,0,0.0577
88428,0,0.0017
88429,0,0.009
88430,0,0.0197
88431,0,0.3375
88432,0,0.073
88433,0,0.0316
88434,0,0.0258
88435,0,0.015
88436,0,0.0246
88437,0,0.059
88438,0,0.0063
88439,0,0.0011
88440,0,0.1663
88441,0,0.0106
88442,0,0.0282
88443,0,0.0083
88444,1,0.9033
88445,0,0.005
88446,0,0.0041
88447,1,0.9896
88448,0,0.0366
88449,0,0.0478
88450,0,0.0176
88451,0,0.019
88452,0,0.0175
88453,0,0.2089
88454,0,0.0776
88455,0,0.0138
88456,0,0.0362
88457,0,0.0073
88458,0,0.0537
88459,1,0.8641
88460,1,0.9958
88461,0,0.1101
88462,0,0.0011
88463,0,0.1492
88464,0,0.1646
88465,0,0.0172
88466,0,0.1701
88467,1,0.7759
88468,0,0.0309
88469,0,0.0205
88470,0,0.0139
88471,0,0.0077
88472,0,0.0213
88473,0,0.0564
88474,1,0.9694
88475,0,0.016
88476,0,0.0348
88477,0,0.0079
88478,0,0.0011
88479,0,0.0124
88480,0,0.0097
88481,0,0.0995
88482,0,0.0237
88483,0,0.0933
88484,0,0.0041
88485,1,0.977
88486,0,0.0356
88487,0,0.0345
88488,0,0.0193
88489,0,0.0166
88490,0,0.0697
88491,0,0.0571
88492,0,0.0089
88493,0,0.0128
88494,0,0.0102
88495,0,0.1103
88496,1,0.9939
88497,0,0.0063
88498,0,0.0413
88499,0,0.2221
88500,0,0.0091
88501,0,0.0036
88502,0,0.0126
88503,0,0.0166
88504,0,0.0198
88505,0,0.0716
88506,0,0.0172
88507,1,0.9748
88508,1,0.8634
88509,0,0.0099
88510,1,0.9605
88511,0,0.0114
88512,0,0.0047
88513,0,0.1815
88514,0,0.0154
88515,0,0.0243
88516,0,0.0432
88517,0,0.0164
88518,0,0.0714
88519,0,0.0213
88520,0,0.0135
88521,0,0.0239
88522,0,0.0111
88523,0,0.0208
88524,0,0.0273
88525,0,0.0539
88526,0,0.0198
88527,0,0.0093
88528,0,0.0047
88529,0,0.0198
88530,0,0.014
88531,0,0.0511
88532,0,0.0121
88533,0,0.0131
88534,0,0.0622
88535,0,0.0048
88536,0,0.0329
88537,0,0.0038
88538,0,0.0392
88539,0,0.009
88540,0,0.0097
88541,0,0.0354
88542,0,0.0173
88543,0,0.0631
88544,0,0.0166
88545,0,0.0455
88546,0,0.0462
88547,0,0.0041
88548,0,0.002
88549,0,0.1262
88550,0,0.0028
88551,0,0.0237
88552,0,0.0488
88553,0,0.0227
88554,0,0.0046
88555,0,0.0212
88556,0,0.0048
88557,0,0.0209
88558,0,0.2521
88559,0,0.0242
88560,0,0.0121
88561,0,0.0023
88562,0,0.0813
88563,0,0.0992
88564,0,0.0582
88565,0,0.0289
88566,0,0.0016
88567,0,0.0726
88568,1,0.9698
88569,0,0.0386
88570,0,0.027
88571,1,0.9398
88572,0,0.0041
88573,0,0.0135
88574,1,0.8143
88575,0,0.0118
88576,0,0.016
88577,0,0.0011
88578,0,0.0929
88579,0,0.0138
88580,0,0.0834
88581,0,0.0336
88582,0,0.0197
88583,0,0.141
88584,0,0.0052
88585,0,0.0561
88586,0,0.481
88587,0,0.0046
88588,0,0.0409
88589,0,0.0076
88590,0,0.0074
88591,0,0.1164
88592,0,0.0257
88593,0,0.0031
88594,0,0.0085
88595,0,0.008
88596,0,0.0127
88597,0,0.0204
88598,0,0.0112
88599,0,0.1193
88600,0,0.0018
88601,0,0.0281
88602,0,0.2223
88603,0,0.0295
88604,0,0.0304
88605,0,0.0432
88606,0,0.0051
88607,1,0.9693
88608,0,0.0238
88609,0,0.0237
88610,0,0.0934
88611,0,0.0121
88612,0,0.0438
88613,0,0.0151
88614,0,0.0263
88615,0,0.0069
88616,1,0.9678
88617,0,0.0141
88618,0,0.0138
88619,0,0.0042
88620,0,0.0035
88621,0,0.0552
88622,0,0.0084
88623,0,0.0043
88624,0,0.0327
88625,0,0.0443
88626,0,0.0044
88627,1,0.9909
88628,1,0.8863
88629,0,0.0068
88630,0,0.0081
88631,0,0.0278
88632,0,0.0207
88633,0,0.0179
88634,0,0.0192
88635,0,0.0298
88636,0,0.0236
88637,0,0.03
88638,0,0.0063
88639,0,0.0267
88640,0,0.0115
88641,0,0.0117
88642,0,0.0057
88643,0,0.0581
88644,0,0.1356
88645,0,0.3481
88646,0,0.0098
88647,0,0.0269
88648,0,0.0043
88649,0,0.159
88650,0,0.163
88651,0,0.383
88652,0,0.0498
88653,0,0.0072
88654,0,0.1521
88655,0,0.0348
88656,0,0.265
88657,0,0.0079
88658,0,0.0142
88659,0,0.0506
88660,0,0.1808
88661,0,0.0254
88662,0,0.0683
88663,0,0.0397
88664,0,0.0172
88665,0,0.1342
88666,0,0.0379
88667,0,0.0748
88668,0,0.0232
88669,0,0.0093
88670,0,0.032
88671,0,0.0015
88672,0,0.0012
88673,0,0.0755
88674,0,0.0105
88675,1,0.9584
88676,0,0.012
88677,0,0.0007
88678,0,0.2495
88679,0,0.203
88680,0,0.01
88681,0,0.017
88682,0,0.0299
88683,0,0.0102
88684,0,0.0412
88685,1,0.9877
88686,0,0.0493
88687,0,0.0544
88688,0,0.0132
88689,0,0.0127
88690,1,0.9459
88691,0,0.0134
88692,0,0.0869
88693,1,0.9726
88694,0,0.0883
88695,0,0.0197
88696,0,0.0962
88697,1,0.8605
88698,0,0.04
88699,0,0.0163
88700,0,0.0253
88701,0,0.0727
88702,0,0.0036
88703,0,0.0266
88704,0,0.0149
88705,0,0.1435
88706,1,0.8566
88707,1,0.9486
88708,0,0.123
88709,0,0.0191
88710,0,0.0385
88711,0,0.0078
88712,0,0.0569
88713,1,0.9477
88714,0,0.0201
88715,0,0.1045
88716,0,0.0397
88717,0,0.0013
88718,0,0.0583
88719,0,0.0419
88720,0,0.0976
88721,0,0.0567
88722,0,0.0098
88723,0,0.0061
88724,0,0.0219
88725,0,0.0349
88726,0,0.0077
88727,0,0.0886
88728,1,0.5941
88729,0,0.0054
88730,0,0.0293
88731,0,0.0523
88732,0,0.0881
88733,0,0.0329
88734,0,0.0079
88735,0,0.0269
88736,0,0.0055
88737,0,0.0131
88738,0,0.0335
88739,1,0.9563
88740,0,0.1086
88741,1,0.973
88742,0,0.014
88743,1,0.7291
88744,0,0.0245
88745,1,0.9707
88746,0,0.01
88747,0,0.0333
88748,1,0.9242
88749,0,0.0115
88750,0,0.0268
88751,0,0.0076
88752,0,0.0359
88753,0,0.0109
88754,0,0.1165
88755,0,0.1065
88756,0,0.0921
88757,0,0.002
88758,0,0.0142
88759,0,0.4353
88760,0,0.1597
88761,0,0.0092
88762,0,0.0102
88763,1,0.9427
88764,0,0.0112
88765,0,0.0277
88766,1,0.9637
88767,0,0.0587
88768,1,0.9585
88769,0,0.0548
88770,0,0.1139
88771,0,0.0081
88772,0,0.0575
88773,0,0.0075
88774,0,0.2173
88775,0,0.0417
88776,0,0.0457
88777,1,0.9598
88778,0,0.0061
88779,0,0.0133
88780,0,0.0255
88781,0,0.0126
88782,0,0.0146
88783,0,0.058
88784,0,0.0099
88785,0,0.0022
88786,0,0.0873
88787,1,0.9771
88788,0,0.1478
88789,0,0.0781
88790,1,0.9674
88791,0,0.0048
88792,0,0.016
88793,0,0.0304
88794,0,0.1376
88795,0,0.2469
88796,0,0.0075
88797,0,0.0249
88798,0,0.0037
88799,0,0.0079
88800,0,0.0497
88801,0,0.0026
88802,0,0.0266
88803,1,0.9484
88804,0,0.0436
88805,0,0.0286
88806,0,0.0109
88807,0,0.0164
88808,0,0.0369
88809,0,0.0513
88810,0,0.017
88811,1,0.7964
88812,0,0.0052
88813,0,0.0184
88814,0,0.0098
88815,0,0.0046
88816,0,0.006
88817,0,0.0249
88818,0,0.0077
88819,0,0.048
88820,0,0.0216
88821,0,0.0462
88822,0,0.0554
88823,0,0.0194
88824,0,0.0354
88825,0,0.034
88826,0,0.0045
88827,0,0.0498
88828,0,0.004
88829,0,0.1913
88830,0,0.0011
88831,0,0.0382
88832,0,0.0092
88833,0,0.0138
88834,0,0.4151
88835,0,0.0752
88836,0,0.0132
88837,0,0.0282
88838,0,0.0272
88839,0,0.0697
88840,1,0.9245
88841,1,0.8532
88842,0,0.0632
88843,0,0.0144
88844,0,0.0348
88845,0,0.0144
88846,1,0.9739
88847,0,0.0118
88848,0,0.0044
88849,0,0.0216
88850,1,0.9796
88851,1,0.9428
88852,0,0.0569
88853,0,0.0089
88854,0,0.0636
88855,0,0.0062
88856,0,0.008
88857,1,0.9307
88858,0,0.0164
88859,0,0.012
88860,0,0.0084
88861,0,0.0539
88862,1,0.8372
88863,0,0.0123
88864,0,0.0129
88865,0,0.0539
88866,1,0.9791
88867,0,0.0119
88868,0,0.0156
88869,0,0.0521
88870,0,0.0326
88871,0,0.0058
88872,0,0.0134
88873,0,0.0182
88874,1,0.9518
88875,0,0.0033
88876,0,0.0376
88877,0,0.0021
88878,0,0.0024
88879,0,0.0058
88880,0,0.0085
88881,1,0.9772
88882,0,0.0607
88883,0,0.0117
88884,0,0.006
88885,1,0.9445
88886,0,0.0088
88887,0,0.0921
88888,0,0.0124
88889,0,0.0462
88890,0,0.0088
88891,0,0.1289
88892,0,0.0025
88893,0,0.0097
88894,0,0.0013
88895,0,0.1889
88896,0,0.0167
88897,0,0.0216
88898,0,0.0558
88899,0,0.0067
88900,0,0.0401
88901,0,0.0107
88902,0,0.3608
88903,0,0.0064
88904,0,0.0696
88905,1,0.9505
88906,0,0.0011
88907,1,0.9711
88908,0,0.0014
88909,1,0.6244
88910,0,0.0959
88911,1,0.6048
88912,0,0.0137
88913,0,0.0121
88914,0,0.0052
88915,0,0.0155
88916,0,0.0093
88917,0,0.0108
88918,0,0.0949
88919,0,0.0027
88920,0,0.0965
88921,0,0.101
88922,1,0.972
88923,0,0.0115
88924,1,0.9814
88925,0,0.0286
88926,0,0.0034
88927,0,0.0029
88928,0,0.0039
88929,1,0.6743
88930,0,0.0367
88931,1,0.9558
88932,0,0.0116
88933,0,0.0073
88934,0,0.0842
88935,0,0.0224
88936,0,0.2888
88937,0,0.0335
88938,0,0.063
88939,1,0.9462
88940,0,0.0207
88941,0,0.0075
88942,0,0.0621
88943,0,0.0128
88944,0,0.0053
88945,0,0.058
88946,0,0.1344
88947,0,0.0044
88948,0,0.0134
88949,1,0.6526
88950,0,0.0028
88951,0,0.1714
88952,0,0.0113
88953,0,0.006
88954,0,0.0161
88955,0,0.0263
88956,1,0.9728
88957,0,0.1579
88958,0,0.3452
88959,0,0.0567
88960,0,0.0098
88961,0,0.0167
88962,0,0.0125
88963,0,0.0547
88964,0,0.0012
88965,1,0.9751
88966,0,0.0063
88967,0,0.0213
88968,1,0.5109
88969,1,0.9216
88970,0,0.024
88971,0,0.0154
88972,0,0.0643
88973,0,0.0137
88974,0,0.0531
88975,0,0.0717
88976,0,0.0068
88977,1,0.9532
88978,0,0.0091
88979,0,0.034
88980,0,0.0125
88981,0,0.1931
88982,1,0.9604
88983,0,0.362
88984,0,0.0096
88985,0,0.0253
88986,0,0.0164
88987,0,0.0022
88988,0,0.0221
88989,0,0.0107
88990,1,0.9695
88991,0,0.2314
88992,0,0.015
88993,0,0.081
88994,0,0.0438
88995,0,0.0133
88996,0,0.0889
88997,0,0.027
88998,0,0.0079
88999,0,0.0362
89000,0,0.069
89001,0,0.0161
89002,1,0.9604
89003,0,0.0602
89004,1,0.5825
89005,0,0.0713
89006,0,0.0022
89007,0,0.0609
89008,1,0.9699
89009,0,0.0301
89010,0,0.0127
89011,0,0.0083
89012,0,0.0717
89013,1,0.9877
89014,0,0.0172
89015,0,0.0958
89016,0,0.0137
89017,1,0.8375
89018,1,0.7942
89019,0,0.1264
89020,1,0.9234
89021,0,0.0089
89022,0,0.012
89023,0,0.0156
89024,0,0.0219
89025,0,0.102
89026,0,0.0251
89027,1,0.995
89028,0,0.0108
89029,0,0.008
89030,0,0.006
89031,0,0.0841
89032,0,0.0171
89033,0,0.0217
89034,1,0.9472
89035,0,0.0484
89036,0,0.0196
89037,0,0.0055
89038,0,0.0965
89039,0,0.2476
89040,1,0.7943
89041,0,0.0024
89042,0,0.0085
89043,0,0.0031
89044,0,0.0111
89045,0,0.01
89046,0,0.0057
89047,1,0.9175
89048,0,0.0136
89049,1,0.8471
89050,0,0.039
89051,0,0.1045
89052,0,0.0119
89053,0,0.0427
89054,0,0.0051
89055,0,0.0335
89056,0,0.009
89057,0,0.0072
89058,0,0.0429
89059,0,0.002
89060,0,0.0134
89061,0,0.2308
89062,1,0.9938
89063,0,0.0077
89064,0,0.0853
89065,0,0.0063
89066,1,0.9528
89067,0,0.0496
89068,0,0.0387
89069,0,0.0131
89070,1,0.9788
89071,0,0.0149
89072,0,0.0655
89073,0,0.0404
89074,0,0.0096
89075,0,0.0084
89076,0,0.0496
89077,0,0.0076
89078,0,0.0324
89079,0,0.0029
89080,0,0.0095
89081,0,0.0567
89082,0,0.0058
89083,0,0.0718
89084,0,0.0027
89085,0,0.0086
89086,0,0.0189
89087,0,0.016
89088,1,0.9505
89089,0,0.0082
89090,0,0.0655
89091,0,0.0368
89092,0,0.0127
89093,0,0.0512
89094,0,0.0219
89095,0,0.0037
89096,0,0.2997
89097,0,0.0087
89098,0,0.0234
89099,0,0.0199
89100,0,0.0523
89101,0,0.0247
89102,0,0.0196
89103,1,0.9236
89104,0,0.0725
89105,0,0.019
89106,0,0.0188
89107,0,0.022
89108,0,0.0818
89109,0,0.0165
89110,0,0.0095
89111,0,0.0246
89112,0,0.0274
89113,0,0.0104
89114,0,0.0284
89115,0,0.0083
89116,0,0.0243
89117,0,0.0079
89118,0,0.0209
89119,0,0.0366
89120,0,0.012
89121,1,0.9696
89122,0,0.0133
89123,0,0.1043
89124,0,0.1174
89125,0,0.0241
89126,0,0.0111
89127,0,0.0105
89128,0,0.0062
89129,0,0.0086
89130,0,0.0717
89131,0,0.0134
89132,0,0.0092
89133,0,0.0666
89134,1,0.9422
89135,0,0.0094
89136,1,0.939
89137,0,0.0619
89138,0,0.0386
89139,0,0.4369
89140,0,0.0025
89141,0,0.2399
89142,0,0.033
89143,0,0.0051
89144,0,0.0108
89145,0,0.0514
89146,0,0.0875
89147,0,0.0986
89148,0,0.0141
89149,1,0.9661
89150,1,0.8157
89151,1,0.8941
89152,0,0.0097
89153,0,0.0039
89154,0,0.0051
89155,1,0.9202
89156,0,0.0058
89157,1,0.9838
89158,1,0.9403
89159,0,0.0082
89160,0,0.2367
89161,0,0.0218
89162,0,0.0077
89163,0,0.0036
89164,0,0.0421
89165,0,0.0032
89166,0,0.0177
89167,0,0.0054
89168,0,0.0333
89169,0,0.0081
89170,0,0.0067
89171,0,0.0193
89172,0,0.0542
89173,0,0.0014
89174,1,0.9372
89175,0,0.0244
89176,0,0.0188
89177,0,0.0292
89178,0,0.0348
89179,0,0.0161
89180,0,0.0134
89181,0,0.0753
89182,1,0.9812
89183,0,0.0245
89184,0,0.0317
89185,0,0.0129
89186,0,0.0353
89187,0,0.058
89188,1,0.951
89189,0,0.3344
89190,0,0.0104
89191,0,0.0392
89192,1,0.9581
89193,0,0.0083
89194,0,0.0111
89195,0,0.0137
89196,0,0.0311
89197,0,0.0009
89198,0,0.0355
89199,0,0.1516
89200,1,0.543
89201,0,0.0073
89202,0,0.0268
89203,0,0.0065
89204,0,0.036
89205,0,0.0076
89206,0,0.1102
89207,0,0.0413
89208,0,0.0179
89209,0,0.0078
89210,0,0.029
89211,0,0.147
89212,0,0.0062
89213,0,0.0498
89214,0,0.0058
89215,0,0.0649
89216,0,0.0429
89217,0,0.0013
89218,0,0.0412
89219,0,0.0248
89220,0,0.0071
89221,0,0.0157
89222,0,0.0082
89223,0,0.005
89224,0,0.0251
89225,0,0.0208
89226,0,0.0431
89227,0,0.0328
89228,0,0.0147
89229,0,0.4687
89230,0,0.0352
89231,0,0.0088
89232,0,0.0912
89233,1,0.6502
89234,0,0.0022
89235,1,0.9607
89236,0,0.0065
89237,0,0.1176
89238,0,0.1805
89239,0,0.0016
89240,0,0.0108
89241,0,0.0088
89242,0,0.0395
89243,0,0.0018
89244,1,0.9608
89245,0,0.0251
89246,0,0.0152
89247,0,0.0311
89248,0,0.1039
89249,1,0.9732
89250,0,0.0159
89251,0,0.044
89252,0,0.0132
89253,0,0.005
89254,0,0.0681
89255,0,0.1127
89256,0,0.0375
89257,0,0.0081
89258,0,0.0012
89259,0,0.2256
89260,0,0.0202
89261,0,0.0048
89262,0,0.0066
89263,0,0.0278
89264,1,0.9265
89265,0,0.0709
89266,1,0.924
89267,0,0.0196
89268,0,0.0864
89269,0,0.0227
89270,0,0.0186
89271,0,0.0313
89272,0,0.1546
89273,0,0.0536
89274,0,0.0572
89275,0,0.2806
89276,0,0.1389
89277,0,0.0391
89278,0,0.0105
89279,0,0.092
89280,0,0.0102
89281,0,0.0174
89282,0,0.0146
89283,0,0.0235
89284,0,0.0457
89285,0,0.0143
89286,0,0.0128
89287,0,0.0291
89288,0,0.0245
89289,1,0.971
89290,0,0.0014
89291,0,0.011
89292,0,0.01
89293,0,0.0232
89294,1,0.9829
89295,1,0.9533
89296,1,0.9629
89297,0,0.0185
89298,0,0.0831
89299,0,0.0115
89300,0,0.0012
89301,0,0.0299
89302,0,0.0136
89303,0,0.0127
89304,1,0.5598
89305,1,0.9012
89306,0,0.0222
89307,1,0.9454
89308,0,0.2102
89309,0,0.0194
89310,0,0.0184
89311,0,0.0422
89312,1,0.9815
89313,0,0.006
89314,0,0.0353
89315,0,0.139
89316,1,0.7445
89317,0,0.0261
89318,0,0.0162
89319,0,0.0144
89320,0,0.0194
89321,1,0.9008
89322,0,0.0296
89323,0,0.0099
89324,1,0.9807
89325,0,0.0723
89326,0,0.2052
89327,0,0.0018
89328,0,0.0619
89329,0,0.002
89330,0,0.0505
89331,0,0.0142
89332,0,0.0042
89333,0,0.0084
89334,0,0.003
89335,0,0.1377
89336,0,0.0097
89337,0,0.0133
89338,0,0.0313
89339,1,0.9719
89340,0,0.0166
89341,0,0.0198
89342,1,0.9186
89343,0,0.009
89344,0,0.0112
89345,0,0.0122
89346,0,0.0493
89347,0,0.0099
89348,0,0.1133
89349,0,0.0822
89350,0,0.0146
89351,0,0.0026
89352,0,0.0009
89353,0,0.2504
89354,0,0.0404
89355,0,0.0122
89356,0,0.0097
89357,0,0.0131
89358,0,0.0036
89359,0,0.0254
89360,0,0.0124
89361,0,0.0709
89362,0,0.0156
89363,0,0.0195
89364,0,0.0526
89365,0,0.0048
89366,0,0.1859
89367,0,0.0089
89368,0,0.1829
89369,0,0.3269
89370,0,0.0101
89371,0,0.0229
89372,0,0.1217
89373,0,0.0402
89374,0,0.0629
89375,0,0.0191
89376,0,0.0081
89377,0,0.0266
89378,0,0.008
89379,0,0.0884
89380,0,0.0054
89381,0,0.0139
89382,0,0.0019
89383,0,0.0485
89384,0,0.0206
89385,0,0.0051
89386,0,0.0707
89387,0,0.0233
89388,0,0.0302
89389,0,0.007
89390,0,0.0021
89391,0,0.1318
89392,1,0.9756
89393,0,0.0106
89394,0,0.0101
89395,0,0.0708
89396,0,0.0523
89397,0,0.157
89398,0,0.0317
89399,0,0.0223
89400,0,0.0823
89401,0,0.096
89402,1,0.9781
89403,0,0.0017
89404,0,0.0255
89405,0,0.051
89406,0,0.0042
89407,0,0.0465
89408,0,0.0173
89409,0,0.0125
89410,0,0.2298
89411,0,0.0186
89412,0,0.0071
89413,1,0.9706
89414,0,0.0198
89415,0,0.0609
89416,0,0.0885
89417,0,0.0088
89418,0,0.0342
89419,0,0.1033
89420,1,0.9191
89421,0,0.0165
89422,0,0.015
89423,0,0.0095
89424,0,0.0955
89425,0,0.1289
89426,0,0.0142
89427,0,0.0222
89428,0,0.004
89429,0,0.2419
89430,0,0.0435
89431,0,0.054
89432,0,0.0079
89433,1,0.8969
89434,0,0.1264
89435,0,0.0166
89436,0,0.0226
89437,0,0.0456
89438,0,0.0189
89439,0,0.032
89440,0,0.0111
89441,0,0.0187
89442,0,0.0092
89443,0,0.1186
89444,0,0.0675
89445,0,0.0614
89446,1,0.9701
89447,0,0.3824
89448,0,0.0304
89449,0,0.0094
89450,0,0.0096
89451,0,0.005
89452,0,0.005
89453,0,0.0622
89454,0,0.0259
89455,0,0.0507
89456,0,0.0133
89457,0,0.0009
89458,1,0.8271
89459,0,0.0869
89460,0,0.0743
89461,0,0.0482
89462,1,0.9844
89463,0,0.1426
89464,0,0.0594
89465,0,0.028
89466,0,0.009
89467,0,0.0296
89468,0,0.0183
89469,0,0.0714
89470,0,0.0031
89471,0,0.0257
89472,0,0.0115
89473,0,0.1569
89474,0,0.0423
89475,0,0.0169
89476,0,0.0195
89477,0,0.0127
89478,0,0.0393
89479,0,0.0225
89480,1,0.8908
89481,0,0.0471
89482,0,0.0086
89483,0,0.0244
89484,0,0.0112
89485,0,0.0146
89486,0,0.0103
89487,0,0.0075
89488,0,0.1086
89489,0,0.1895
89490,0,0.011
89491,0,0.0169
89492,0,0.0135
89493,0,0.0039
89494,0,0.017
89495,0,0.0124
89496,0,0.0692
89497,0,0.0064
89498,0,0.1213
89499,1,0.9766
89500,1,0.9596
89501,0,0.0429
89502,0,0.3535
89503,0,0.1912
89504,0,0.0331
89505,0,0.0168
89506,1,0.9664
89507,0,0.3189
89508,0,0.0526
89509,0,0.0346
89510,0,0.0176
89511,0,0.001
89512,0,0.0315
89513,0,0.0045
89514,0,0.088
89515,1,0.9395
89516,0,0.0092
89517,0,0.0211
89518,0,0.0155
89519,0,0.16
89520,0,0.1264
89521,0,0.0056
89522,0,0.0056
89523,0,0.1511
89524,0,0.033
89525,0,0.0138
89526,0,0.0069
89527,0,0.0283
89528,0,0.0791
89529,0,0.0579
89530,0,0.002
89531,0,0.0502
89532,0,0.0621
89533,0,0.2891
89534,0,0.0182
89535,0,0.0162
89536,0,0.0088
89537,0,0.0383
89538,1,0.9519
89539,0,0.0154
89540,1,0.981
89541,0,0.065
89542,0,0.0234
89543,0,0.0714
89544,0,0.0125
89545,0,0.0493
89546,0,0.0319
89547,0,0.0218
89548,0,0.0456
89549,0,0.0061
89550,0,0.013
89551,0,0.0462
89552,0,0.0584
89553,1,0.9766
89554,1,0.5257
89555,0,0.0083
89556,0,0.0288
89557,0,0.004
89558,0,0.0117
89559,0,0.0038
89560,0,0.0094
89561,0,0.0411
89562,0,0.0343
89563,0,0.0316
89564,0,0.0009
89565,0,0.0577
89566,0,0.0076
89567,0,0.103
89568,0,0.0644
89569,0,0.0102
89570,0,0.0261
89571,0,0.0273
89572,0,0.0237
89573,0,0.0636
89574,1,0.9164
89575,0,0.0165
89576,0,0.0069
89577,0,0.0025
89578,0,0.0062
89579,1,0.9718
89580,0,0.0065
89581,0,0.2655
89582,0,0.0222
89583,0,0.0104
89584,0,0.0121
89585,0,0.0999
89586,0,0.0147
89587,0,0.0172
89588,0,0.0271
89589,0,0.009
89590,0,0.013
89591,0,0.0232
89592,1,0.9606
89593,0,0.2408
89594,0,0.0451
89595,0,0.0114
89596,0,0.023
89597,0,0.0193
89598,0,0.1041
89599,0,0.0902
89600,0,0.0014
89601,0,0.0525
89602,0,0.001
89603,0,0.0276
89604,0,0.0351
89605,1,0.9741
89606,0,0.0313
89607,0,0.0468
89608,0,0.0069
89609,0,0.0094
89610,0,0.4827
89611,0,0.0127
89612,0,0.0191
89613,0,0.004
89614,0,0.0008
89615,0,0.0151
89616,0,0.0384
89617,0,0.0499
89618,0,0.0112
89619,1,0.512
89620,0,0.0645
89621,0,0.0063
89622,0,0.0438
89623,0,0.009
89624,0,0.0502
89625,0,0.0109
89626,0,0.0583
89627,0,0.0398
89628,0,0.0108
89629,0,0.3185
89630,0,0.1174
89631,0,0.1402
89632,0,0.015
89633,0,0.0067
89634,0,0.0039
89635,0,0.017
89636,0,0.0089
89637,0,0.0098
89638,0,0.075
89639,0,0.0071
89640,0,0.0112
89641,0,0.0777
89642,1,0.9551
89643,0,0.0242
89644,0,0.3754
89645,0,0.0556
89646,0,0.1126
89647,0,0.0533
89648,0,0.0056
89649,0,0.0597
89650,0,0.0346
89651,0,0.0058
89652,0,0.002
89653,0,0.0892
89654,0,0.0521
89655,1,0.8796
89656,0,0.0405
89657,0,0.0736
89658,0,0.0155
89659,0,0.0133
89660,0,0.0206
89661,0,0.0011
89662,0,0.0386
89663,0,0.0384
89664,0,0.0108
89665,0,0.0274
89666,0,0.0289
89667,0,0.0356
89668,0,0.1382
89669,0,0.0274
89670,1,0.993
89671,0,0.0722
89672,0,0.0124
89673,0,0.0136
89674,0,0.0035
89675,0,0.0145
89676,0,0.0258
89677,0,0.0262
89678,0,0.0275
89679,0,0.0851
89680,0,0.0077
89681,0,0.1329
89682,0,0.0015
89683,0,0.01
89684,0,0.0035
89685,0,0.06
89686,1,0.9818
89687,0,0.0278
89688,0,0.0104
89689,0,0.1957
89690,0,0.0014
89691,1,0.9745
89692,0,0.0075
89693,0,0.0495
89694,0,0.0094
89695,0,0.0325
89696,0,0.0232
89697,0,0.0298
89698,0,0.0363
89699,0,0.0156
89700,0,0.0372
89701,0,0.2084
89702,0,0.0462
89703,0,0.0767
89704,0,0.0163
89705,0,0.0113
89706,0,0.4732
89707,0,0.0431
89708,1,0.9062
89709,0,0.0346
89710,0,0.0351
89711,0,0.0172
89712,0,0.0447
89713,0,0.0188
89714,0,0.1908
89715,0,0.002
89716,0,0.0027
89717,0,0.0084
89718,0,0.1321
89719,1,0.977
89720,0,0.005
89721,0,0.0019
89722,0,0.005
89723,0,0.0089
89724,0,0.011
89725,0,0.0055
89726,0,0.0095
89727,0,0.0042
89728,0,0.0341
89729,0,0.0015
89730,0,0.0281
89731,1,0.9627
89732,1,0.6192
89733,0,0.0217
89734,0,0.0225
89735,0,0.0119
89736,0,0.0135
89737,0,0.0241
89738,1,0.6906
89739,0,0.0049
89740,0,0.0223
89741,0,0.0353
89742,0,0.0366
89743,0,0.0137
89744,0,0.045
89745,1,0.9792
89746,0,0.0067
89747,0,0.0225
89748,0,0.0088
89749,0,0.0396
89750,0,0.0054
89751,0,0.0083
89752,0,0.0085
89753,0,0.0045
89754,1,0.9853
89755,0,0.0146
89756,0,0.0036
89757,0,0.0133
89758,0,0.132
89759,0,0.0439
89760,0,0.0015
89761,0,0.0067
89762,1,0.9851
89763,0,0.0063
89764,0,0.015
89765,0,0.0138
89766,0,0.006
89767,0,0.0584
89768,0,0.0477
89769,0,0.0377
89770,0,0.0062
89771,0,0.0705
89772,1,0.9392
89773,0,0.0452
89774,0,0.0824
89775,0,0.4668
89776,0,0.0267
89777,1,0.9497
89778,0,0.0608
89779,0,0.0336
89780,0,0.0461
89781,0,0.0356
89782,0,0.0209
89783,1,0.5483
89784,0,0.0234
89785,0,0.0134
89786,0,0.007
89787,0,0.1082
89788,0,0.1217
89789,0,0.0084
89790,0,0.0617
89791,0,0.0095
89792,0,0.1041
89793,0,0.0067
89794,0,0.0368
89795,0,0.0082
89796,0,0.0082
89797,0,0.111
89798,0,0.053
89799,0,0.0418
89800,0,0.0138
89801,0,0.0125
89802,0,0.022
89803,0,0.0096
89804,1,0.8919
89805,0,0.0068
89806,0,0.1054
89807,0,0.0186
89808,0,0.1565
89809,0,0.0022
89810,1,0.9836
89811,0,0.0063
89812,0,0.0276
89813,0,0.0201
89814,0,0.0051
89815,1,0.9199
89816,0,0.0028
89817,0,0.1336
89818,1,0.9778
89819,0,0.0235
89820,0,0.0105
89821,0,0.0305
89822,0,0.0248
89823,0,0.0235
89824,0,0.0029
89825,0,0.0018
89826,0,0.0225
89827,0,0.0847
89828,1,0.9791
89829,0,0.0398
89830,0,0.1355
89831,1,0.9829
89832,0,0.0167
89833,0,0.0012
89834,0,0.1066
89835,0,0.0784
89836,0,0.0156
89837,0,0.0686
89838,0,0.0056
89839,0,0.0097
89840,0,0.0393
89841,0,0.015
89842,0,0.0631
89843,1,0.9157
89844,0,0.0009
89845,0,0.0186
89846,0,0.0204
89847,0,0.042
89848,0,0.0474
89849,0,0.0273
89850,0,0.1812
89851,0,0.0047
89852,0,0.1609
89853,0,0.0089
89854,0,0.0517
89855,0,0.0174
89856,0,0.0092
89857,0,0.0986
89858,0,0.0335
89859,0,0.0341
89860,0,0.0107
89861,0,0.0056
89862,0,0.0076
89863,0,0.0846
89864,0,0.007
89865,0,0.2333
89866,0,0.0072
89867,0,0.1918
89868,0,0.0531
89869,0,0.0237
89870,0,0.1149
89871,0,0.0072
89872,0,0.028
89873,0,0.243
89874,0,0.0083
89875,0,0.0107
89876,0,0.0026
89877,1,0.9553
89878,1,0.975
89879,0,0.0028
89880,0,0.0024
89881,0,0.0042
89882,1,0.535
89883,0,0.0883
89884,0,0.0501
89885,1,0.9499
89886,0,0.1894
89887,0,0.0068
89888,0,0.0699
89889,1,0.9742
89890,0,0.0129
89891,0,0.016
89892,0,0.0144
89893,0,0.0232
89894,0,0.0099
89895,0,0.0093
89896,0,0.0449
89897,0,0.0294
89898,0,0.0867
89899,0,0.0442
89900,0,0.0147
89901,0,0.0105
89902,0,0.1036
89903,0,0.0111
89904,0,0.0376
89905,0,0.1501
89906,0,0.0078
89907,0,0.0051
89908,0,0.0087
89909,0,0.016
89910,0,0.0656
89911,0,0.0083
89912,0,0.042
89913,0,0.0194
89914,0,0.1159
89915,0,0.0427
89916,0,0.0509
89917,0,0.0346
89918,1,0.7571
89919,0,0.016
89920,0,0.2631
89921,0,0.0401
89922,0,0.1021
89923,0,0.0391
89924,0,0.01
89925,0,0.0118
89926,0,0.0415
89927,1,0.9696
89928,0,0.0133
89929,0,0.2401
89930,0,0.1648
89931,0,0.016
89932,0,0.0516
89933,0,0.0292
89934,0,0.0392
89935,0,0.1345
89936,1,0.9866
89937,0,0.0399
89938,0,0.0681
89939,0,0.0016
89940,0,0.0375
89941,0,0.0483
89942,0,0.0025
89943,0,0.022
89944,0,0.0509
89945,1,0.9719
89946,0,0.0147
89947,0,0.1067
89948,0,0.0603
89949,0,0.1277
89950,0,0.0062
89951,0,0.0665
89952,0,0.072
89953,0,0.0381
89954,0,0.0234
89955,0,0.0025
89956,0,0.1516
89957,0,0.0137
89958,0,0.0258
89959,0,0.009
89960,0,0.0383
89961,0,0.0127
89962,0,0.0718
89963,0,0.0061
89964,0,0.023
89965,0,0.0202
89966,0,0.1831
89967,0,0.025
89968,0,0.0095
89969,0,0.0194
89970,0,0.1995
89971,0,0.0262
89972,0,0.0285
89973,0,0.002
89974,0,0.0147
89975,0,0.021
89976,0,0.012
89977,0,0.028
89978,0,0.0256
89979,1,0.8954
89980,0,0.0847
89981,0,0.0113
89982,0,0.021
89983,0,0.0212
89984,0,0.0153
89985,1,0.9783
89986,0,0.0096
89987,0,0.0096
89988,0,0.0089
89989,0,0.0543
89990,0,0.0014
89991,0,0.0079
89992,0,0.079
89993,0,0.0101
89994,0,0.0399
89995,0,0.0456
89996,0,0.0551
89997,1,0.838
89998,0,0.0636
89999,0,0.0098
90000,0,0.0541
90001,0,0.062
90002,0,0.0231
90003,0,0.0071
90004,0,0.0805
90005,0,0.0074
90006,1,0.954
90007,0,0.0151
90008,1,0.9786
90009,0,0.0242
90010,0,0.0591
90011,0,0.0037
90012,0,0.2403
90013,0,0.099
90014,0,0.0072
90015,0,0.0377
90016,0,0.0164
90017,1,0.7927
90018,0,0.0106
90019,0,0.0093
90020,0,0.0035
90021,0,0.0019
90022,0,0.0169
90023,0,0.0902
90024,0,0.0065
90025,1,0.9768
90026,0,0.1209
90027,0,0.051
90028,1,0.9347
90029,0,0.0112
90030,0,0.0121
90031,0,0.0318
90032,0,0.0089
90033,0,0.0189
90034,0,0.0164
90035,0,0.1675
90036,0,0.0727
90037,0,0.028
90038,0,0.0541
90039,0,0.0054
90040,0,0.0259
90041,0,0.0089
90042,0,0.0337
90043,0,0.003
90044,0,0.0122
90045,0,0.0223
90046,0,0.0442
90047,0,0.0555
90048,0,0.0037
90049,0,0.1825
90050,0,0.0902
90051,0,0.0061
90052,0,0.0051
90053,0,0.005
90054,0,0.0146
90055,1,0.9762
90056,0,0.0205
90057,0,0.0347
90058,0,0.0225
90059,0,0.0272
90060,0,0.0467
90061,0,0.0105
90062,0,0.0504
90063,0,0.0342
90064,0,0.0665
90065,0,0.0526
90066,0,0.0572
90067,0,0.0203
90068,0,0.0887
90069,1,0.9636
90070,0,0.1081
90071,0,0.0172
90072,0,0.0235
90073,0,0.0338
90074,0,0.0149
90075,0,0.0011
90076,0,0.0091
90077,1,0.9837
90078,0,0.0362
90079,0,0.0466
90080,0,0.0011
90081,0,0.0122
90082,0,0.014
90083,0,0.0102
90084,0,0.0484
90085,1,0.9389
90086,0,0.0129
90087,0,0.1455
90088,1,0.967
90089,0,0.0199
90090,0,0.1083
90091,0,0.013
90092,0,0.0128
90093,0,0.0038
90094,0,0.0264
90095,0,0.0328
90096,0,0.0039
90097,0,0.0495
90098,0,0.0062
90099,0,0.0991
90100,0,0.4896
90101,0,0.0091
90102,0,0.0045
90103,1,0.9815
90104,0,0.0387
90105,0,0.036
90106,0,0.0147
90107,0,0.0046
90108,0,0.0139
90109,0,0.196
90110,0,0.0546
90111,0,0.0227
90112,1,0.9633
90113,1,0.9717
90114,0,0.1298
90115,0,0.0306
90116,0,0.0471
90117,0,0.0195
90118,0,0.0079
90119,0,0.0182
90120,0,0.0159
90121,0,0.0234
90122,0,0.0422
90123,1,0.9817
90124,0,0.0033
90125,0,0.0025
90126,0,0.0169
90127,0,0.0242
90128,0,0.0695
90129,0,0.3014
90130,0,0.0316
90131,0,0.0047
90132,0,0.0051
90133,0,0.0941
90134,0,0.0509
90135,0,0.0138
90136,0,0.0083
90137,0,0.0033
90138,0,0.1109
90139,0,0.0262
90140,0,0.17
90141,0,0.0132
90142,0,0.0157
90143,0,0.005
90144,0,0.0138
90145,0,0.0739
90146,0,0.0177
90147,0,0.0332
90148,0,0.011
90149,0,0.0288
90150,0,0.0164
90151,0,0.0133
90152,0,0.0034
90153,0,0.0093
90154,0,0.0232
90155,0,0.0845
90156,0,0.1461
90157,1,0.9513
90158,1,0.7858
90159,0,0.0653
90160,0,0.0131
90161,0,0.0016
90162,0,0.008
90163,0,0.0031
90164,0,0.0219
90165,0,0.0464
90166,0,0.0069
90167,1,0.8406
90168,0,0.0547
90169,0,0.0839
90170,0,0.0085
90171,0,0.1712
90172,0,0.0993
90173,1,0.9835
90174,0,0.0457
90175,0,0.4052
90176,0,0.0563
90177,0,0.0131
90178,0,0.0059
90179,0,0.1398
90180,0,0.0118
90181,1,0.9665
90182,1,0.9648
90183,0,0.097
90184,0,0.0542
90185,0,0.0289
90186,0,0.0589
90187,0,0.0079
90188,1,0.9536
90189,0,0.0192
90190,0,0.0259
90191,0,0.0641
90192,0,0.0831
90193,0,0.0068
90194,0,0.0387
90195,0,0.0195
90196,0,0.0096
90197,0,0.0172
90198,0,0.0074
90199,0,0.0256
90200,0,0.0212
90201,0,0.0048
90202,0,0.1443
90203,0,0.0225
90204,1,0.8857
90205,0,0.0032
90206,0,0.0795
90207,1,0.9467
90208,0,0.1014
90209,0,0.0738
90210,0,0.0395
90211,0,0.0707
90212,0,0.0291
90213,0,0.0021
90214,0,0.0236
90215,0,0.1403
90216,0,0.0238
90217,0,0.0474
90218,1,0.9739
90219,0,0.0459
90220,0,0.0205
90221,0,0.01
90222,0,0.0211
90223,0,0.0196
90224,0,0.0124
90225,0,0.0662
90226,0,0.008
90227,0,0.0165
90228,0,0.0562
90229,0,0.0246
90230,0,0.184
90231,0,0.011
90232,1,0.9605
90233,0,0.0297
90234,0,0.0009
90235,0,0.0127
90236,0,0.0282
90237,0,0.0004
90238,0,0.0233
90239,0,0.0275
90240,1,0.9602
90241,0,0.0218
90242,0,0.0415
90243,0,0.0091
90244,0,0.0022
90245,0,0.012
90246,0,0.0261
90247,0,0.0545
90248,0,0.0023
90249,0,0.0066
90250,0,0.0502
90251,0,0.2768
90252,0,0.0469
90253,0,0.0092
90254,1,0.9807
90255,0,0.3393
90256,0,0.0476
90257,0,0.0097
90258,0,0.1568
90259,0,0.0614
90260,0,0.0261
90261,0,0.0086
90262,0,0.0194
90263,0,0.0455
90264,0,0.0801
90265,1,0.963
90266,0,0.0007
90267,0,0.1778
90268,0,0.0251
90269,0,0.0059
90270,0,0.0013
90271,0,0.0302
90272,0,0.0277
90273,0,0.04
90274,0,0.0073
90275,0,0.0133
90276,0,0.0581
90277,0,0.0563
90278,0,0.0861
90279,1,0.9729
90280,1,0.9453
90281,0,0.0168
90282,0,0.0405
90283,0,0.093
90284,0,0.0267
90285,0,0.0208
90286,0,0.0234
90287,0,0.2581
90288,0,0.0462
90289,0,0.01
90290,0,0.0219
90291,0,0.0045
90292,1,0.981
90293,0,0.0276
90294,1,0.9912
90295,0,0.0248
90296,0,0.0167
90297,0,0.0043
90298,0,0.0474
90299,0,0.0246
90300,0,0.0343
90301,0,0.012
90302,0,0.0358
90303,0,0.0299
90304,0,0.0506
90305,0,0.0393
90306,0,0.2097
90307,0,0.0269
90308,0,0.0145
90309,0,0.0281
90310,0,0.0083
90311,0,0.0026
90312,0,0.0502
90313,0,0.0039
90314,0,0.0433
90315,0,0.0011
90316,0,0.0048
90317,0,0.0023
90318,0,0.0216
90319,0,0.0144
90320,0,0.0132
90321,0,0.0145
90322,0,0.0072
90323,0,0.0083
90324,0,0.0599
90325,0,0.0677
90326,1,0.993
90327,1,0.9653
90328,0,0.0477
90329,0,0.0381
90330,0,0.0723
90331,0,0.01
90332,1,0.9352
90333,1,0.9829
90334,0,0.0589
90335,0,0.005
90336,0,0.0046
90337,0,0.0075
90338,1,0.9879
90339,0,0.0728
90340,0,0.0321
90341,0,0.105
90342,0,0.0219
90343,0,0.2565
90344,1,0.9969
90345,0,0.0206
90346,1,0.9908
90347,0,0.0308
90348,0,0.016
90349,0,0.0148
90350,0,0.0559
90351,0,0.0354
90352,1,0.9594
90353,0,0.0042
90354,0,0.0102
90355,1,0.9685
90356,0,0.0347
90357,0,0.0413
90358,0,0.0519
90359,0,0.0142
90360,0,0.0798
90361,0,0.0086
90362,0,0.12
90363,0,0.2228
90364,0,0.0366
90365,0,0.0139
90366,0,0.0244
90367,0,0.0095
90368,0,0.0407
90369,0,0.0208
90370,1,0.9556
90371,0,0.0132
90372,0,0.1212
90373,0,0.0544
90374,0,0.0688
90375,0,0.1113
90376,0,0.0234
90377,1,0.9379
90378,0,0.071
90379,0,0.0136
90380,0,0.0554
90381,0,0.0447
90382,0,0.0583
90383,0,0.0086
90384,0,0.0134
90385,0,0.0129
90386,1,0.905
90387,1,0.9688
90388,0,0.089
90389,0,0.123
90390,0,0.0106
90391,0,0.0168
90392,0,0.1433
90393,0,0.0134
90394,0,0.0042
90395,0,0.0309
90396,0,0.0619
90397,0,0.0869
90398,0,0.0187
90399,0,0.0204
90400,0,0.005
90401,0,0.0035
90402,1,0.9677
90403,0,0.0189
90404,0,0.1409
90405,0,0.0007
90406,0,0.0534
90407,0,0.0073
90408,0,0.0567
90409,0,0.0596
90410,0,0.0743
90411,0,0.0684
90412,0,0.0009
90413,0,0.007
90414,0,0.0074
90415,0,0.0163
90416,0,0.0225
90417,0,0.056
90418,0,0.0519
90419,0,0.2312
90420,0,0.0228
90421,0,0.4349
90422,0,0.0047
90423,0,0.0024
90424,0,0.0259
90425,0,0.0246
90426,0,0.0156
90427,0,0.0111
90428,0,0.0446
90429,0,0.0356
90430,0,0.0587
90431,0,0.0165
90432,0,0.0018
90433,0,0.0288
90434,0,0.0606
90435,0,0.019
90436,0,0.0461
90437,0,0.0518
90438,0,0.0051
90439,0,0.0171
90440,0,0.0552
90441,0,0.0021
90442,0,0.0013
90443,0,0.0407
90444,0,0.0135
90445,0,0.1141
90446,0,0.0814
90447,0,0.1739
90448,0,0.0126
90449,0,0.008
90450,0,0.0586
90451,0,0.0433
90452,1,0.967
90453,0,0.0108
90454,0,0.0418
90455,0,0.0097
90456,0,0.023
90457,0,0.0444
90458,0,0.044
90459,0,0.066
90460,0,0.043
90461,0,0.0048
90462,0,0.0611
90463,0,0.0053
90464,0,0.083
90465,0,0.0344
90466,1,0.8278
90467,1,0.9377
90468,1,0.8662
90469,0,0.009
90470,0,0.2537
90471,0,0.0112
90472,1,0.5401
90473,0,0.0013
90474,0,0.0977
90475,1,0.9597
90476,0,0.0019
90477,0,0.0151
90478,0,0.0023
90479,0,0.0289
90480,0,0.0065
90481,0,0.0177
90482,0,0.0159
90483,0,0.0444
90484,0,0.0149
90485,0,0.1053
90486,0,0.097
90487,0,0.0178
90488,0,0.0159
90489,0,0.0073
90490,0,0.2995
90491,0,0.0311
90492,0,0.0197
90493,0,0.0232
90494,0,0.0079
90495,0,0.0035
90496,0,0.1079
90497,0,0.0537
90498,0,0.0556
90499,0,0.423
90500,0,0.008
90501,0,0.1173
90502,0,0.0219
90503,0,0.0088
90504,0,0.0049
90505,0,0.0991
90506,0,0.0065
90507,0,0.0308
90508,0,0.0151
90509,0,0.0594
90510,0,0.0636
90511,0,0.0363
90512,1,0.9287
90513,1,0.973
90514,0,0.0141
90515,0,0.0144
90516,0,0.0419
90517,0,0.003
90518,0,0.1738
90519,0,0.0123
90520,0,0.0449
90521,0,0.055
90522,0,0.0056
90523,1,0.931
90524,1,0.952
90525,0,0.0081
90526,0,0.0508
90527,0,0.1108
90528,0,0.0647
90529,0,0.0105
90530,0,0.0046
90531,0,0.1009
90532,0,0.0209
90533,0,0.0078
90534,0,0.0069
90535,0,0.1312
90536,0,0.0322
90537,0,0.2922
90538,0,0.0625
90539,0,0.1218
90540,0,0.0214
90541,0,0.0188
90542,0,0.0151
90543,0,0.0691
90544,0,0.0462
90545,0,0.0051
90546,0,0.0393
90547,0,0.0127
90548,0,0.0451
90549,0,0.0577
90550,0,0.2798
90551,0,0.0169
90552,0,0.0387
90553,0,0.2467
90554,1,0.9816
90555,0,0.0092
90556,0,0.0036
90557,0,0.023
90558,1,0.8253
90559,0,0.0335
90560,0,0.0189
90561,0,0.0055
90562,0,0.0578
90563,1,0.9504
90564,0,0.0396
90565,0,0.0071
90566,0,0.0244
90567,0,0.0617
90568,0,0.0649
90569,0,0.0467
90570,0,0.0072
90571,0,0.4082
90572,0,0.0097
90573,0,0.0092
90574,0,0.0424
90575,0,0.0094
90576,0,0.0324
90577,0,0.0023
90578,0,0.115
90579,0,0.0014
90580,0,0.0202
90581,0,0.0634
90582,1,0.9843
90583,0,0.0206
90584,0,0.0267
90585,0,0.4208
90586,0,0.0296
90587,1,0.9466
90588,0,0.0515
90589,0,0.0026
90590,0,0.0559
90591,1,0.9872
90592,0,0.1245
90593,0,0.0449
90594,0,0.015
90595,0,0.0117
90596,0,0.031
90597,0,0.2167
90598,0,0.0132
90599,0,0.0127
90600,0,0.041
90601,0,0.0862
90602,0,0.1649
90603,0,0.0118
90604,0,0.1667
90605,1,0.922
90606,1,0.9631
90607,0,0.0834
90608,0,0.0194
90609,1,0.7804
90610,0,0.0085
90611,0,0.0054
90612,0,0.001
90613,0,0.0091
90614,0,0.0639
90615,0,0.0011
90616,0,0.0183
90617,0,0.0216
90618,0,0.0257
90619,0,0.0141
90620,0,0.018
90621,0,0.3801
90622,0,0.001
90623,0,0.1042
90624,0,0.0372
90625,0,0.0137
90626,0,0.0273
90627,0,0.0107
90628,0,0.007
90629,0,0.005
90630,0,0.0692
90631,0,0.087
90632,1,0.9656
90633,1,0.9633
90634,0,0.2331
90635,0,0.0057
90636,1,0.9798
90637,0,0.007
90638,0,0.0136
90639,0,0.4097
90640,0,0.0115
90641,0,0.026
90642,0,0.011
90643,0,0.075
90644,0,0.0548
90645,1,0.9786
90646,0,0.0231
90647,0,0.0239
90648,0,0.0671
90649,0,0.0187
90650,1,0.9742
90651,0,0.0646
90652,0,0.1072
90653,1,0.9685
90654,0,0.0309
90655,0,0.0067
90656,0,0.0235
90657,0,0.0053
90658,1,0.8334
90659,0,0.0037
90660,0,0.0048
90661,0,0.0606
90662,0,0.001
90663,0,0.0106
90664,0,0.0096
90665,1,0.945
90666,0,0.0067
90667,0,0.0242
90668,0,0.0138
90669,0,0.0072
90670,0,0.0084
90671,0,0.0052
90672,0,0.0556
90673,0,0.0196
90674,0,0.4973
90675,0,0.0371
90676,0,0.0685
90677,0,0.0235
90678,1,0.866
90679,0,0.0271
90680,0,0.0516
90681,0,0.0459
90682,0,0.0155
90683,0,0.0546
90684,0,0.3468
90685,0,0.1395
90686,0,0.1614
90687,0,0.2636
90688,0,0.15
90689,1,0.9694
90690,0,0.1751
90691,0,0.0072
90692,1,0.9662
90693,0,0.1187
90694,0,0.0022
90695,0,0.0143
90696,0,0.0256
90697,1,0.9912
90698,0,0.006
90699,0,0.0054
90700,0,0.0429
90701,0,0.0098
90702,0,0.0199
90703,0,0.0338
90704,0,0.1104
90705,0,0.0432
90706,1,0.9701
90707,0,0.01
90708,0,0.0873
90709,0,0.0159
90710,1,0.961
90711,0,0.155
90712,0,0.012
90713,0,0.0031
90714,0,0.0181
90715,0,0.0274
90716,0,0.0109
90717,0,0.0205
90718,0,0.0108
90719,0,0.0475
90720,1,0.9797
90721,0,0.0442
90722,0,0.2955
90723,0,0.0114
90724,0,0.0609
90725,0,0.0305
90726,0,0.0231
90727,0,0.0021
90728,0,0.0764
90729,1,0.9775
90730,1,0.9676
90731,0,0.0127
90732,0,0.0502
90733,0,0.015
90734,0,0.2094
90735,0,0.0235
90736,0,0.0072
90737,1,0.9102
90738,0,0.0596
90739,0,0.0163
90740,0,0.0058
90741,0,0.0769
90742,0,0.0271
90743,0,0.0085
90744,0,0.0246
90745,0,0.0206
90746,0,0.012
90747,0,0.0441
90748,0,0.13
90749,0,0.037
90750,0,0.0104
90751,1,0.9417
90752,0,0.0068
90753,0,0.0149
90754,0,0.0128
90755,0,0.0261
90756,0,0.0095
90757,0,0.0377
90758,0,0.0228
90759,0,0.0036
90760,0,0.0008
90761,0,0.0298
90762,0,0.1274
90763,0,0.0252
90764,0,0.0385
90765,0,0.0107
90766,1,0.9476
90767,0,0.0217
90768,1,0.947
90769,0,0.0634
90770,0,0.0042
90771,0,0.0094
90772,0,0.0366
90773,0,0.0668
90774,0,0.0138
90775,0,0.0093
90776,0,0.1662
90777,0,0.0377
90778,0,0.0107
90779,0,0.0189
90780,0,0.0087
90781,0,0.0685
90782,0,0.0108
90783,0,0.021
90784,0,0.0104
90785,1,0.9187
90786,0,0.0691
90787,1,0.991
90788,0,0.0544
90789,0,0.0173
90790,1,0.9421
90791,0,0.0087
90792,0,0.0547
90793,0,0.0138
90794,1,0.9582
90795,0,0.3131
90796,0,0.0124
90797,0,0.0747
90798,0,0.0327
90799,0,0.0128
90800,1,0.9598
90801,0,0.0335
90802,0,0.0188
90803,0,0.0864
90804,0,0.0504
90805,0,0.0043
90806,0,0.0016
90807,0,0.0278
90808,0,0.0324
90809,0,0.0165
90810,0,0.072
90811,0,0.3061
90812,0,0.0393
90813,1,0.7464
90814,0,0.0887
90815,1,0.9822
90816,0,0.0117
90817,0,0.1567
90818,0,0.0223
90819,0,0.0258
90820,0,0.0086
90821,0,0.0458
90822,0,0.0291
90823,0,0.0111
90824,0,0.0275
90825,0,0.0094
90826,0,0.0143
90827,1,0.9853
90828,0,0.0288
90829,0,0.0833
90830,0,0.0208
90831,0,0.0341
90832,0,0.0156
90833,0,0.0436
90834,0,0.0152
90835,0,0.006
90836,0,0.0851
90837,0,0.0087
90838,0,0.147
90839,0,0.0141
90840,0,0.0033
90841,0,0.0447
90842,0,0.0278
90843,0,0.0044
90844,0,0.4265
90845,0,0.0039
90846,0,0.0124
90847,0,0.0238
90848,0,0.0217
90849,0,0.0185
90850,0,0.0051
90851,0,0.0091
90852,0,0.0167
90853,0,0.0158
90854,0,0.0027
90855,0,0.0262
90856,0,0.0123
90857,0,0.0137
90858,0,0.0206
90859,0,0.0012
90860,0,0.0006
90861,0,0.0394
90862,0,0.0417
90863,0,0.037
90864,0,0.0622
90865,0,0.0793
90866,1,0.8944
90867,0,0.0206
90868,0,0.0176
90869,0,0.1969
90870,0,0.0552
90871,0,0.0059
90872,0,0.0528
90873,0,0.058
90874,0,0.0126
90875,0,0.0202
90876,0,0.4349
90877,0,0.013
90878,0,0.0723
90879,0,0.0072
90880,0,0.0249
90881,0,0.01
90882,0,0.0809
90883,0,0.0479
90884,0,0.4382
90885,0,0.0118
90886,1,0.8805
90887,0,0.0154
90888,1,0.888
90889,0,0.1219
90890,0,0.0138
90891,1,0.9518
90892,0,0.0034
90893,0,0.0079
90894,0,0.0564
90895,0,0.016
90896,0,0.1163
90897,0,0.0225
90898,0,0.0128
90899,0,0.148
90900,0,0.0487
90901,0,0.0169
90902,0,0.0014
90903,1,0.9042
90904,0,0.0873
90905,0,0.0637
90906,0,0.0122
90907,0,0.0121
90908,0,0.0248
90909,1,0.9411
90910,0,0.1061
90911,0,0.1003
90912,1,0.9766
90913,0,0.0013
90914,0,0.0505
90915,0,0.0017
90916,0,0.0388
90917,0,0.0125
90918,0,0.0065
90919,0,0.099
90920,0,0.0108
90921,0,0.0075
90922,0,0.4338
90923,0,0.0036
90924,0,0.0163
90925,0,0.0112
90926,0,0.0147
90927,0,0.0507
90928,0,0.0107
90929,0,0.05
90930,0,0.0609
90931,0,0.0442
90932,0,0.0283
90933,0,0.0019
90934,0,0.1403
90935,0,0.0107
90936,1,0.9769
90937,0,0.0325
90938,1,0.9646
90939,0,0.0125
90940,0,0.0075
90941,1,0.9206
90942,0,0.0277
90943,0,0.245
90944,0,0.0267
90945,0,0.1358
90946,0,0.031
90947,0,0.0012
90948,0,0.0041
90949,0,0.0085
90950,0,0.0568
90951,0,0.0452
90952,0,0.0222
90953,0,0.0036
90954,0,0.0048
90955,0,0.0501
90956,0,0.1509
90957,0,0.1035
90958,0,0.0086
90959,0,0.0262
90960,0,0.0267
90961,0,0.0503
90962,1,0.9718
90963,0,0.0104
90964,0,0.0244
90965,0,0.0138
90966,0,0.0051
90967,0,0.011
90968,0,0.01
90969,1,0.874
90970,0,0.0104
90971,0,0.0331
90972,0,0.0169
90973,0,0.0603
90974,1,0.9671
90975,0,0.0734
90976,1,0.9076
90977,0,0.0242
90978,0,0.188
90979,0,0.0379
90980,0,0.1212
90981,0,0.0294
90982,0,0.0379
90983,0,0.0342
90984,0,0.0163
90985,1,0.9738
90986,0,0.0239
90987,0,0.1163
90988,0,0.0237
90989,0,0.1581
90990,0,0.1188
90991,0,0.0037
90992,0,0.0109
90993,0,0.0028
90994,0,0.0193
90995,0,0.0203
90996,0,0.0517
90997,0,0.0414
90998,0,0.0117
90999,0,0.0032
91000,0,0.0215
91001,0,0.0145
91002,0,0.0808
91003,1,0.6927
91004,0,0.0144
91005,0,0.0129
91006,0,0.1439
91007,0,0.1125
91008,0,0.0742
91009,0,0.0227
91010,0,0.0104
91011,0,0.0575
91012,0,0.0325
91013,0,0.0119
91014,0,0.014
91015,0,0.0246
91016,0,0.0619
91017,0,0.0102
91018,0,0.0842
91019,0,0.0041
91020,0,0.0192
91021,0,0.0182
91022,0,0.0529
91023,0,0.0166
91024,0,0.0632
91025,0,0.0257
91026,0,0.024
91027,0,0.004
91028,0,0.0088
91029,0,0.0026
91030,0,0.1373
91031,0,0.0074
91032,0,0.0385
91033,0,0.0536
91034,0,0.0139
91035,0,0.006
91036,0,0.051
91037,0,0.1339
91038,0,0.1863
91039,0,0.0102
91040,1,0.8909
91041,0,0.018
91042,0,0.1165
91043,0,0.0509
91044,0,0.0127
91045,0,0.0545
91046,0,0.0447
91047,0,0.0623
91048,0,0.0424
91049,0,0.0332
91050,0,0.119
91051,1,0.9494
91052,1,0.8647
91053,0,0.0142
91054,0,0.0083
91055,0,0.0055
91056,0,0.1824
91057,0,0.1654
91058,0,0.011
91059,0,0.091
91060,0,0.053
91061,0,0.0288
91062,0,0.0168
91063,0,0.0364
91064,0,0.0097
91065,0,0.0387
91066,0,0.0256
91067,0,0.0387
91068,0,0.023
91069,0,0.0141
91070,0,0.0055
91071,0,0.072
91072,0,0.0095
91073,0,0.0431
91074,0,0.0252
91075,1,0.9471
91076,0,0.0142
91077,0,0.0024
91078,0,0.0079
91079,0,0.0491
91080,0,0.0424
91081,0,0.0649
91082,1,0.9705
91083,0,0.0207
91084,1,0.8328
91085,1,0.9522
91086,0,0.0323
91087,0,0.0128
91088,0,0.0278
91089,0,0.1018
91090,1,0.8356
91091,0,0.0019
91092,0,0.0022
91093,0,0.1027
91094,0,0.0685
91095,0,0.1605
91096,0,0.0047
91097,0,0.0058
91098,0,0.0227
91099,1,0.9899
91100,0,0.0066
91101,0,0.1928
91102,0,0.1975
91103,0,0.048
91104,1,0.9565
91105,0,0.0157
91106,0,0.0213
91107,0,0.0178
91108,0,0.0143
91109,0,0.0317
91110,1,0.9692
91111,0,0.006
91112,0,0.0067
91113,1,0.9739
91114,0,0.0191
91115,0,0.0131
91116,0,0.0273
91117,0,0.1383
91118,0,0.0132
91119,0,0.0115
91120,0,0.0384
91121,0,0.0062
91122,0,0.0409
91123,1,0.809
91124,0,0.015
91125,1,0.9652
91126,0,0.0095
91127,1,0.9236
91128,0,0.0371
91129,0,0.0902
91130,1,0.9711
91131,0,0.0399
91132,1,0.9623
91133,0,0.0106
91134,1,0.9363
91135,0,0.0217
91136,0,0.1013
91137,0,0.0042
91138,0,0.0381
91139,0,0.1614
91140,0,0.0071
91141,0,0.026
91142,0,0.0256
91143,0,0.005
91144,1,0.8004
91145,0,0.1044
91146,0,0.06
91147,0,0.0072
91148,0,0.0091
91149,1,0.9105
91150,0,0.0268
91151,0,0.0054
91152,0,0.0306
91153,0,0.0356
91154,1,0.5542
91155,0,0.0052
91156,0,0.0054
91157,1,0.9218
91158,1,0.9144
91159,0,0.0609
91160,0,0.0374
91161,0,0.0065
91162,0,0.0161
91163,0,0.0267
91164,0,0.0325
91165,1,0.9571
91166,0,0.1321
91167,0,0.0166
91168,0,0.0173
91169,0,0.0373
91170,0,0.0754
91171,0,0.0049
91172,0,0.0638
91173,0,0.0188
91174,0,0.0796
91175,0,0.0827
91176,0,0.0147
91177,0,0.0645
91178,0,0.0807
91179,0,0.1382
91180,0,0.0251
91181,0,0.034
91182,0,0.0251
91183,0,0.0549
91184,0,0.0371
91185,0,0.0546
91186,0,0.0142
91187,0,0.012
91188,0,0.0188
91189,0,0.0381
91190,0,0.0059
91191,0,0.026
91192,0,0.0239
91193,0,0.0099
91194,0,0.0013
91195,0,0.0097
91196,0,0.0286
91197,0,0.0439
91198,0,0.0043
91199,0,0.1711
91200,0,0.0945
91201,0,0.1703
91202,0,0.0009
91203,0,0.0216
91204,0,0.0131
91205,0,0.282
91206,1,0.989
91207,0,0.0367
91208,0,0.0318
91209,0,0.0066
91210,0,0.0407
91211,0,0.2446
91212,0,0.0742
91213,0,0.0035
91214,0,0.0046
91215,0,0.0352
91216,0,0.1624
91217,0,0.0268
91218,0,0.2835
91219,0,0.018
91220,0,0.0486
91221,0,0.2629
91222,0,0.0901
91223,0,0.018
91224,0,0.0539
91225,0,0.0344
91226,0,0.0245
91227,1,0.984
91228,0,0.0131
91229,0,0.0314
91230,0,0.0328
91231,0,0.0036
91232,0,0.04
91233,0,0.0088
91234,0,0.0074
91235,0,0.053
91236,1,0.9791
91237,0,0.0048
91238,0,0.0243
91239,0,0.118
91240,0,0.0535
91241,0,0.0029
91242,0,0.0312
91243,0,0.1755
91244,0,0.0228
91245,0,0.0642
91246,1,0.9501
91247,0,0.1095
91248,0,0.0312
91249,1,0.8488
91250,1,0.9238
91251,0,0.0413
91252,0,0.0011
91253,0,0.0697
91254,0,0.0266
91255,0,0.0181
91256,0,0.0037
91257,0,0.0082
91258,0,0.0242
91259,0,0.0188
91260,0,0.0238
91261,0,0.0211
91262,0,0.0054
91263,0,0.0396
91264,0,0.0438
91265,0,0.0018
91266,0,0.0184
91267,0,0.1111
91268,0,0.0169
91269,0,0.0276
91270,0,0.0093
91271,1,0.9894
91272,0,0.0113
91273,0,0.1068
91274,0,0.0287
91275,0,0.0323
91276,1,0.6569
91277,0,0.0764
91278,0,0.0011
91279,0,0.0134
91280,1,0.9616
91281,0,0.0233
91282,1,0.9671
91283,1,0.6821
91284,0,0.0273
91285,0,0.0085
91286,1,0.9679
91287,0,0.0117
91288,0,0.0608
91289,0,0.0422
91290,1,0.9764
91291,0,0.0542
91292,0,0.0072
91293,0,0.0059
91294,1,0.9908
91295,0,0.0467
91296,0,0.0309
91297,0,0.0984
91298,0,0.052
91299,0,0.0248
91300,0,0.0239
91301,0,0.0326
91302,0,0.0118
91303,0,0.0124
91304,0,0.0473
91305,0,0.0026
91306,0,0.0049
91307,0,0.0248
91308,0,0.0194
91309,1,0.9035
91310,0,0.0218
91311,0,0.0155
91312,0,0.0209
91313,0,0.1057
91314,0,0.0015
91315,0,0.0236
91316,0,0.0216
91317,0,0.0499
91318,0,0.2372
91319,1,0.958
91320,0,0.0162
91321,0,0.0375
91322,1,0.9852
91323,0,0.0087
91324,0,0.0686
91325,0,0.0413
91326,0,0.0462
91327,0,0.0523
91328,0,0.0079
91329,0,0.051
91330,0,0.007
91331,0,0.0123
91332,0,0.0623
91333,0,0.0122
91334,1,0.9066
91335,0,0.0036
91336,0,0.1789
91337,0,0.0471
91338,0,0.0937
91339,0,0.004
91340,0,0.0042
91341,0,0.0148
91342,0,0.0533
91343,0,0.2228
91344,0,0.0144
91345,0,0.0664
91346,0,0.0068
91347,0,0.0543
91348,0,0.0083
91349,1,0.9351
91350,0,0.1992
91351,0,0.0143
91352,0,0.0403
91353,0,0.0071
91354,0,0.0102
91355,0,0.0217
91356,0,0.017
91357,1,0.9611
91358,0,0.0224
91359,0,0.109
91360,0,0.0054
91361,0,0.0373
91362,0,0.0793
91363,0,0.0746
91364,0,0.0084
91365,0,0.0014
91366,0,0.0165
91367,0,0.0113
91368,0,0.0152
91369,0,0.0576
91370,0,0.0089
91371,0,0.0086
91372,0,0.0013
91373,0,0.0434
91374,0,0.0055
91375,0,0.0107
91376,0,0.0461
91377,1,0.98
91378,0,0.0166
91379,0,0.0032
91380,0,0.0057
91381,0,0.0192
91382,0,0.0695
91383,0,0.0068
91384,0,0.0292
91385,0,0.0021
91386,0,0.0292
91387,0,0.0204
91388,0,0.0059
91389,0,0.0057
91390,0,0.0194
91391,0,0.0011
91392,0,0.0045
91393,0,0.0139
91394,0,0.0114
91395,0,0.0211
91396,0,0.0976
91397,0,0.0029
91398,0,0.0863
91399,0,0.1447
91400,0,0.0105
91401,0,0.0103
91402,1,0.9233
91403,0,0.1629
91404,0,0.0718
91405,0,0.2999
91406,0,0.0052
91407,0,0.0039
91408,0,0.1965
91409,0,0.0304
91410,0,0.0061
91411,0,0.009
91412,1,0.9237
91413,0,0.1171
91414,0,0.0533
91415,0,0.044
91416,0,0.0223
91417,0,0.0384
91418,0,0.0055
91419,1,0.9588
91420,0,0.0125
91421,0,0.0042
91422,0,0.1006
91423,0,0.0455
91424,0,0.0088
91425,0,0.0688
91426,0,0.0163
91427,0,0.0578
91428,0,0.022
91429,0,0.0243
91430,0,0.0093
91431,1,0.992
91432,0,0.0013
91433,0,0.025
91434,0,0.0132
91435,0,0.0181
91436,0,0.0206
91437,0,0.057
91438,0,0.0239
91439,0,0.0188
91440,1,0.9899
91441,0,0.0013
91442,0,0.012
91443,0,0.0816
91444,0,0.0087
91445,0,0.0522
91446,0,0.081
91447,1,0.9067
91448,0,0.0094
91449,0,0.0282
91450,0,0.0013
91451,0,0.0064
91452,0,0.0215
91453,0,0.4871
91454,1,0.9905
91455,0,0.0085
91456,0,0.0035
91457,0,0.0074
91458,0,0.0514
91459,0,0.0041
91460,1,0.9162
91461,0,0.0407
91462,0,0.1404
91463,0,0.0198
91464,0,0.0126
91465,1,0.9193
91466,0,0.0088
91467,0,0.026
91468,0,0.0253
91469,0,0.0511
91470,0,0.0652
91471,1,0.9615
91472,0,0.0136
91473,0,0.0301
91474,0,0.0579
91475,0,0.0134
91476,0,0.0907
91477,0,0.0106
91478,0,0.0127
91479,0,0.016
91480,0,0.0025
91481,0,0.0051
91482,0,0.003
91483,0,0.0013
91484,0,0.0308
91485,0,0.1458
91486,0,0.0147
91487,0,0.0108
91488,0,0.0052
91489,0,0.1455
91490,1,0.9815
91491,1,0.9742
91492,0,0.0423
91493,0,0.0597
91494,0,0.0896
91495,0,0.0643
91496,0,0.0034
91497,1,0.9629
91498,0,0.0836
91499,0,0.0129
91500,0,0.0227
91501,0,0.0013
91502,0,0.0014
91503,1,0.992
91504,0,0.0094
91505,1,0.9773
91506,1,0.9404
91507,0,0.0612
91508,0,0.0063
91509,1,0.9923
91510,0,0.0136
91511,1,0.9593
91512,0,0.029
91513,0,0.0064
91514,0,0.0035
91515,0,0.0067
91516,0,0.005
91517,0,0.026
91518,1,0.7537
91519,1,0.9326
91520,1,0.808
91521,0,0.0134
91522,0,0.0622
91523,0,0.0074
91524,0,0.0178
91525,0,0.0101
91526,0,0.0199
91527,0,0.0079
91528,0,0.0164
91529,0,0.0162
91530,0,0.0712
91531,0,0.0264
91532,0,0.0092
91533,0,0.0494
91534,1,0.988
91535,0,0.038
91536,0,0.0013
91537,0,0.0329
91538,0,0.0089
91539,0,0.0267
91540,0,0.0048
91541,0,0.0057
91542,0,0.0318
91543,0,0.0134
91544,0,0.0117
91545,0,0.0044
91546,0,0.0615
91547,0,0.0172
91548,0,0.0152
91549,0,0.075
91550,0,0.007
91551,0,0.0199
91552,0,0.0015
91553,0,0.0285
91554,0,0.089
91555,0,0.03
91556,0,0.0473
91557,0,0.0306
91558,0,0.0572
91559,1,0.9738
91560,0,0.0227
91561,0,0.0136
91562,0,0.0148
91563,0,0.0114
91564,0,0.0779
91565,0,0.0151
91566,0,0.0828
91567,0,0.0282
91568,0,0.0284
91569,0,0.1069
91570,0,0.0305
91571,0,0.0051
91572,0,0.016
91573,0,0.0095
91574,0,0.0177
91575,0,0.1189
91576,0,0.0157
91577,0,0.0006
91578,0,0.0223
91579,0,0.0154
91580,0,0.0129
91581,0,0.0117
91582,0,0.0345
91583,0,0.0105
91584,0,0.0266
91585,0,0.0165
91586,0,0.0095
91587,0,0.1567
91588,0,0.2894
91589,0,0.0188
91590,0,0.0122
91591,0,0.1308
91592,0,0.0009
91593,0,0.0237
91594,0,0.0081
91595,0,0.0512
91596,0,0.0043
91597,0,0.0134
91598,1,0.9795
91599,0,0.2866
91600,0,0.0033
91601,0,0.2671
91602,0,0.3365
91603,0,0.0141
91604,0,0.0454
91605,0,0.3107
91606,0,0.1446
91607,0,0.0258
91608,0,0.0035
91609,0,0.1462
91610,0,0.0421
91611,0,0.0475
91612,0,0.0234
91613,0,0.02
91614,0,0.1217
91615,0,0.0822
91616,0,0.0055
91617,0,0.0567
91618,0,0.0257
91619,0,0.0122
91620,0,0.0169
91621,0,0.0317
91622,1,0.953
91623,0,0.0866
91624,0,0.0645
91625,0,0.0135
91626,1,0.9646
91627,0,0.0276
91628,0,0.013
91629,0,0.0465
91630,0,0.0148
91631,0,0.0935
91632,0,0.0154
91633,0,0.0044
91634,0,0.0118
91635,0,0.0118
91636,0,0.072
91637,0,0.0102
91638,1,0.5003
91639,0,0.0011
91640,0,0.0096
91641,1,0.8401
91642,0,0.0204
91643,0,0.1509
91644,0,0.0132
91645,0,0.0718
91646,0,0.0852
91647,0,0.023
91648,0,0.0065
91649,0,0.0505
91650,0,0.3828
91651,0,0.0036
91652,0,0.2983
91653,0,0.0137
91654,0,0.1295
91655,0,0.0069
91656,0,0.1198
91657,0,0.0321
91658,1,0.9664
91659,0,0.0094
91660,0,0.0055
91661,0,0.1939
91662,0,0.0447
91663,0,0.0556
91664,0,0.0122
91665,0,0.0333
91666,0,0.0067
91667,1,0.9644
91668,0,0.0186
91669,0,0.0281
91670,0,0.0581
91671,0,0.0286
91672,0,0.0081
91673,1,0.9529
91674,0,0.0033
91675,0,0.3544
91676,0,0.0046
91677,0,0.1606
91678,1,0.6504
91679,0,0.0148
91680,0,0.0103
91681,0,0.2371
91682,1,0.9703
91683,0,0.0109
91684,0,0.0196
91685,0,0.0261
91686,0,0.0007
91687,0,0.0325
91688,0,0.0044
91689,0,0.0143
91690,0,0.3649
91691,0,0.0727
91692,0,0.0246
91693,1,0.9552
91694,0,0.029
91695,0,0.0164
91696,0,0.0103
91697,0,0.0469
91698,0,0.0033
91699,0,0.3384
91700,0,0.0673
91701,0,0.0522
91702,0,0.4929
91703,0,0.0317
91704,0,0.1257
91705,0,0.013
91706,0,0.1004
91707,0,0.0348
91708,1,0.9714
91709,0,0.062
91710,0,0.0034
91711,0,0.0395
91712,0,0.0368
91713,0,0.0311
91714,0,0.0037
91715,1,0.9655
91716,0,0.124
91717,0,0.006
91718,0,0.0091
91719,0,0.1411
91720,0,0.0449
91721,1,0.9171
91722,0,0.0014
91723,0,0.0451
91724,1,0.9756
91725,0,0.0164
91726,0,0.0086
91727,1,0.9156
91728,0,0.0654
91729,0,0.0015
91730,0,0.0149
91731,0,0.0276
91732,0,0.4029
91733,0,0.2988
91734,0,0.0078
91735,0,0.033
91736,0,0.0286
91737,0,0.0042
91738,0,0.0123
91739,0,0.0678
91740,0,0.0038
91741,1,0.9756
91742,0,0.0318
91743,0,0.0128
91744,0,0.0033
91745,0,0.0031
91746,0,0.0167
91747,0,0.1156
91748,0,0.136
91749,0,0.0299
91750,0,0.0178
91751,0,0.0086
91752,0,0.0771
91753,0,0.0063
91754,0,0.0093
91755,0,0.3305
91756,0,0.0577
91757,0,0.0172
91758,0,0.0514
91759,0,0.0112
91760,0,0.013
91761,0,0.0095
91762,0,0.0394
91763,0,0.0406
91764,0,0.025
91765,0,0.0222
91766,1,0.9593
91767,0,0.0195
91768,0,0.0009
91769,0,0.0226
91770,0,0.0043
91771,0,0.0196
91772,0,0.0882
91773,0,0.0149
91774,0,0.0316
91775,0,0.1376
91776,0,0.0086
91777,0,0.037
91778,0,0.0104
91779,0,0.0621
91780,0,0.001
91781,0,0.067
91782,0,0.0074
91783,0,0.0357
91784,0,0.0064
91785,1,0.9898
91786,1,0.9876
91787,0,0.0267
91788,0,0.1615
91789,0,0.0247
91790,0,0.0066
91791,0,0.0194
91792,0,0.0059
91793,0,0.0573
91794,0,0.005
91795,0,0.0856
91796,0,0.2753
91797,0,0.0162
91798,1,0.9569
91799,0,0.0024
91800,0,0.0066
91801,0,0.0374
91802,0,0.0069
91803,0,0.0716
91804,0,0.0315
91805,0,0.0053
91806,0,0.0189
91807,0,0.0279
91808,0,0.0126
91809,1,0.7816
91810,1,0.8305
91811,0,0.0398
91812,0,0.0044
91813,1,0.9728
91814,0,0.0059
91815,0,0.1879
91816,0,0.0434
91817,1,0.8677
91818,0,0.0479
91819,0,0.0369
91820,1,0.9436
91821,0,0.0537
91822,0,0.0165
91823,0,0.0196
91824,0,0.0242
91825,0,0.0888
91826,0,0.0083
91827,0,0.0132
91828,1,0.9168
91829,1,0.9636
91830,0,0.024
91831,0,0.0315
91832,0,0.0061
91833,0,0.0034
91834,0,0.038
91835,0,0.314
91836,0,0.0046
91837,0,0.0043
91838,0,0.0055
91839,0,0.0599
91840,0,0.0188
91841,0,0.0037
91842,0,0.0252
91843,0,0.0605
91844,1,0.985
91845,0,0.0023
91846,0,0.4122
91847,0,0.0195
91848,0,0.0434
91849,0,0.0047
91850,0,0.0401
91851,0,0.1122
91852,0,0.0219
91853,0,0.005
91854,0,0.0135
91855,0,0.0689
91856,0,0.0111
91857,0,0.0278
91858,0,0.0089
91859,0,0.0765
91860,0,0.0133
91861,0,0.0302
91862,0,0.0683
91863,0,0.0148
91864,0,0.0219
91865,0,0.0451
91866,1,0.9884
91867,0,0.0084
91868,0,0.0127
91869,0,0.0924
91870,0,0.0255
91871,0,0.0117
91872,0,0.0444
91873,0,0.1454
91874,0,0.0134
91875,0,0.0947
91876,0,0.0162
91877,0,0.0013
91878,0,0.0197
91879,0,0.0284
91880,0,0.0093
91881,0,0.0107
91882,0,0.0423
91883,0,0.0726
91884,0,0.001
91885,0,0.0136
91886,0,0.0584
91887,0,0.0094
91888,0,0.0083
91889,1,0.9641
91890,0,0.0721
91891,1,0.8611
91892,0,0.4136
91893,0,0.0084
91894,1,0.9824
91895,0,0.0604
91896,0,0.0125
91897,0,0.0988
91898,0,0.0182
91899,1,0.9149
91900,0,0.0313
91901,0,0.0064
91902,0,0.0437
91903,0,0.031
91904,1,0.9093
91905,1,0.9824
91906,0,0.1906
91907,0,0.0832
91908,0,0.0112
91909,0,0.0165
91910,0,0.0261
91911,0,0.0547
91912,0,0.007
91913,1,0.9145
91914,0,0.0954
91915,0,0.1039
91916,0,0.0434
91917,0,0.0449
91918,0,0.0449
91919,0,0.0019
91920,0,0.027
91921,0,0.005
91922,0,0.0218
91923,0,0.098
91924,0,0.0025
91925,1,0.9089
91926,0,0.0227
91927,0,0.0024
91928,0,0.0334
91929,0,0.0113
91930,0,0.0197
91931,0,0.0171
91932,0,0.0048
91933,0,0.0217
91934,0,0.012
91935,0,0.0048
91936,0,0.1895
91937,0,0.004
91938,0,0.0427
91939,0,0.0047
91940,0,0.0108
91941,0,0.0367
91942,0,0.056
91943,0,0.003
91944,0,0.0206
91945,0,0.0792
91946,0,0.009
91947,0,0.1279
91948,0,0.057
91949,0,0.3073
91950,0,0.0377
91951,0,0.003
91952,0,0.064
91953,0,0.0309
91954,0,0.0203
91955,0,0.0035
91956,0,0.3203
91957,0,0.1587
91958,0,0.0899
91959,0,0.0038
91960,0,0.0018
91961,0,0.0378
91962,1,0.935
91963,0,0.0056
91964,0,0.014
91965,0,0.1122
91966,0,0.016
91967,0,0.0095
91968,0,0.0603
91969,0,0.0598
91970,0,0.0441
91971,0,0.004
91972,1,0.975
91973,0,0.0085
91974,0,0.0015
91975,1,0.9683
91976,0,0.0019
91977,0,0.0575
91978,0,0.0214
91979,0,0.057
91980,0,0.0116
91981,0,0.0536
91982,0,0.045
91983,0,0.0014
91984,0,0.0255
91985,0,0.0176
91986,0,0.0109
91987,0,0.0077
91988,0,0.002
91989,0,0.0147
91990,0,0.0095
91991,0,0.0227
91992,1,0.8632
91993,0,0.0726
91994,0,0.0106
91995,0,0.037
91996,0,0.0089
91997,0,0.0299
91998,0,0.0221
91999,0,0.009
92000,0,0.0108
92001,0,0.0217
92002,0,0.0434
92003,0,0.0809
92004,0,0.283
92005,0,0.2597
92006,0,0.0313
92007,0,0.2082
92008,1,0.9876
92009,0,0.0159
92010,1,0.9668
92011,0,0.0437
92012,1,0.9591
92013,0,0.0501
92014,0,0.0092
92015,0,0.0083
92016,0,0.1908
92017,0,0.1145
92018,0,0.0582
92019,0,0.0609
92020,0,0.0071
92021,0,0.0016
92022,0,0.0196
92023,0,0.082
92024,0,0.0239
92025,0,0.0258
92026,1,0.8692
92027,0,0.024
92028,0,0.0165
92029,0,0.0037
92030,0,0.0982
92031,0,0.0084
92032,0,0.0243
92033,0,0.0912
92034,0,0.0134
92035,0,0.0285
92036,1,0.9323
92037,0,0.0137
92038,0,0.0266
92039,0,0.0412
92040,0,0.0098
92041,0,0.0132
92042,0,0.4913
92043,0,0.0323
92044,0,0.3769
92045,0,0.0594
92046,0,0.0215
92047,0,0.0119
92048,0,0.0066
92049,0,0.0447
92050,0,0.0075
92051,0,0.006
92052,0,0.0231
92053,0,0.009
92054,0,0.1996
92055,0,0.042
92056,0,0.0095
92057,0,0.0552
92058,0,0.0196
92059,0,0.0637
92060,0,0.0054
92061,1,0.9845
92062,0,0.0081
92063,0,0.046
92064,0,0.0021
92065,0,0.0154
92066,0,0.0109
92067,0,0.0317
92068,0,0.0007
92069,0,0.0173
92070,0,0.0987
92071,0,0.153
92072,0,0.0271
92073,0,0.0155
92074,0,0.0893
92075,0,0.0085
92076,0,0.0174
92077,0,0.0101
92078,1,0.7219
92079,0,0.0278
92080,0,0.0169
92081,0,0.0692
92082,0,0.0746
92083,0,0.0072
92084,0,0.0094
92085,1,0.8097
92086,1,0.8429
92087,0,0.0404
92088,0,0.0154
92089,0,0.4871
92090,0,0.0043
92091,0,0.1001
92092,0,0.0085
92093,0,0.0137
92094,0,0.0742
92095,1,0.9253
92096,0,0.2206
92097,0,0.0013
92098,0,0.3399
92099,0,0.0532
92100,0,0.1237
92101,0,0.0183
92102,0,0.0097
92103,1,0.8464
92104,0,0.0101
92105,1,0.8064
92106,0,0.0058
92107,0,0.0598
92108,0,0.0504
92109,0,0.0071
92110,0,0.0161
92111,0,0.0126
92112,0,0.0031
92113,0,0.0059
92114,0,0.0317
92115,0,0.1262
92116,0,0.0014
92117,1,0.915
92118,0,0.1577
92119,0,0.0072
92120,0,0.0027
92121,0,0.0821
92122,0,0.0076
92123,1,0.9794
92124,1,0.9921
92125,0,0.0287
92126,0,0.2012
92127,0,0.0258
92128,0,0.0162
92129,0,0.0065
92130,0,0.051
92131,0,0.0067
92132,0,0.0382
92133,0,0.0022
92134,0,0.0635
92135,0,0.0471
92136,0,0.0326
92137,0,0.0744
92138,0,0.1498
92139,0,0.1953
92140,0,0.0039
92141,0,0.0676
92142,0,0.0784
92143,0,0.0081
92144,0,0.1883
92145,0,0.2404
92146,1,0.9124
92147,0,0.0486
92148,0,0.0412
92149,1,0.9595
92150,0,0.0679
92151,0,0.0944
92152,0,0.0069
92153,0,0.0138
92154,0,0.2175
92155,0,0.0127
92156,0,0.0122
92157,0,0.004
92158,1,0.5171
92159,0,0.0337
92160,0,0.002
92161,0,0.0156
92162,0,0.0138
92163,0,0.0562
92164,0,0.1198
92165,0,0.0697
92166,0,0.0117
92167,0,0.0171
92168,0,0.0434
92169,0,0.0221
92170,0,0.1023
92171,0,0.0468
92172,0,0.0376
92173,0,0.054
92174,0,0.0111
92175,0,0.011
92176,0,0.0412
92177,0,0.1381
92178,0,0.006
92179,0,0.0513
92180,0,0.0209
92181,0,0.0015
92182,0,0.0087
92183,0,0.0044
92184,1,0.9087
92185,0,0.0494
92186,0,0.1128
92187,0,0.0028
92188,0,0.0406
92189,0,0.0378
92190,0,0.0104
92191,0,0.0087
92192,0,0.008
92193,0,0.0506
92194,0,0.0508
92195,0,0.0665
92196,1,0.9503
92197,0,0.0198
92198,0,0.0141
92199,0,0.0014
92200,0,0.056
92201,0,0.0276
92202,0,0.0078
92203,0,0.0155
92204,1,0.8621
92205,0,0.0152
92206,0,0.0036
92207,0,0.0014
92208,0,0.0024
92209,0,0.014
92210,0,0.0162
92211,0,0.0547
92212,0,0.0084
92213,0,0.0177
92214,0,0.0133
92215,0,0.0147
92216,0,0.0113
92217,0,0.0319
92218,0,0.0778
92219,0,0.143
92220,0,0.0047
92221,0,0.0466
92222,0,0.0035
92223,0,0.0388
92224,0,0.0082
92225,1,0.9565
92226,0,0.0389
92227,1,0.682
92228,0,0.0217
92229,0,0.025
92230,0,0.0398
92231,0,0.0095
92232,0,0.0351
92233,0,0.2626
92234,0,0.281
92235,0,0.0374
92236,1,0.9254
92237,0,0.027
92238,0,0.0142
92239,0,0.0075
92240,0,0.0305
92241,1,0.9656
92242,0,0.0637
92243,0,0.0269
92244,0,0.0521
92245,0,0.0459
92246,0,0.0361
92247,0,0.07
92248,0,0.0063
92249,0,0.0007
92250,0,0.0172
92251,0,0.0079
92252,0,0.0162
92253,0,0.0402
92254,0,0.0138
92255,1,0.913
92256,0,0.0084
92257,0,0.0079
92258,0,0.0174
92259,0,0.0163
92260,0,0.0628
92261,0,0.0112
92262,0,0.01
92263,0,0.0376
92264,1,0.9783
92265,0,0.1843
92266,0,0.0604
92267,0,0.0029
92268,1,0.9509
92269,1,0.9751
92270,1,0.9647
92271,0,0.0054
92272,0,0.0015
92273,0,0.0133
92274,0,0.0083
92275,0,0.027
92276,0,0.256
92277,0,0.0012
92278,1,0.9435
92279,0,0.0111
92280,0,0.0058
92281,0,0.0429
92282,0,0.0089
92283,0,0.0027
92284,0,0.0535
92285,0,0.0038
92286,0,0.0013
92287,0,0.03
92288,0,0.0677
92289,0,0.0403
92290,0,0.0768
92291,1,0.9208
92292,0,0.0266
92293,0,0.0387
92294,0,0.005
92295,0,0.1028
92296,0,0.0229
92297,0,0.005
92298,0,0.0035
92299,0,0.2552
92300,0,0.2113
92301,0,0.0174
92302,0,0.09
92303,0,0.033
92304,0,0.0047
92305,0,0.0009
92306,0,0.0245
92307,0,0.0129
92308,0,0.0484
92309,0,0.0086
92310,0,0.0601
92311,0,0.0029
92312,0,0.0037
92313,0,0.0231
92314,0,0.009
92315,0,0.0028
92316,0,0.0139
92317,0,0.0378
92318,0,0.0095
92319,0,0.0587
92320,0,0.015
92321,0,0.0685
92322,0,0.0548
92323,0,0.114
92324,0,0.0232
92325,0,0.0403
92326,0,0.066
92327,0,0.0156
92328,0,0.0069
92329,0,0.0313
92330,0,0.013
92331,0,0.0118
92332,0,0.0154
92333,0,0.0026
92334,0,0.0599
92335,0,0.0141
92336,0,0.0225
92337,0,0.0239
92338,0,0.0075
92339,0,0.0019
92340,0,0.019
92341,0,0.0039
92342,0,0.0858
92343,0,0.0489
92344,0,0.005
92345,0,0.0209
92346,0,0.0015
92347,0,0.0217
92348,0,0.0815
92349,0,0.0031
92350,0,0.4774
92351,0,0.0357
92352,0,0.0281
92353,0,0.0444
92354,0,0.0045
92355,0,0.0027
92356,0,0.0054
92357,0,0.0889
92358,0,0.107
92359,0,0.0042
92360,0,0.0678
92361,1,0.9585
92362,0,0.074
92363,0,0.0071
92364,0,0.0128
92365,0,0.1347
92366,0,0.0144
92367,0,0.0162
92368,0,0.0074
92369,0,0.0264
92370,0,0.1222
92371,0,0.0235
92372,0,0.3268
92373,0,0.0141
92374,0,0.0491
92375,0,0.0692
92376,0,0.0093
92377,0,0.0362
92378,0,0.0117
92379,0,0.0191
92380,0,0.0176
92381,0,0.0052
92382,0,0.0081
92383,0,0.0504
92384,0,0.0079
92385,0,0.0337
92386,0,0.0592
92387,0,0.0541
92388,1,0.8733
92389,1,0.9685
92390,0,0.0117
92391,0,0.0025
92392,0,0.0529
92393,0,0.1615
92394,0,0.0033
92395,0,0.0492
92396,0,0.0517
92397,1,0.9853
92398,1,0.9715
92399,0,0.0528
92400,0,0.05
92401,0,0.089
92402,0,0.068
92403,1,0.9771
92404,0,0.0333
92405,0,0.015
92406,0,0.0064
92407,0,0.0292
92408,0,0.0786
92409,0,0.0062
92410,0,0.0161
92411,0,0.0245
92412,0,0.0118
92413,0,0.0064
92414,0,0.0125
92415,1,0.9362
92416,0,0.2324
92417,0,0.0149
92418,0,0.0243
92419,0,0.01
92420,0,0.0087
92421,0,0.0251
92422,0,0.0332
92423,0,0.077
92424,0,0.1215
92425,0,0.0181
92426,1,0.9492
92427,0,0.0635
92428,0,0.0808
92429,0,0.1658
92430,0,0.0202
92431,0,0.007
92432,0,0.008
92433,0,0.0942
92434,0,0.0087
92435,0,0.1572
92436,0,0.0108
92437,0,0.0011
92438,0,0.007
92439,0,0.015
92440,0,0.0903
92441,0,0.0102
92442,0,0.0378
92443,0,0.0655
92444,0,0.0548
92445,0,0.2408
92446,1,0.972
92447,0,0.0072
92448,0,0.0467
92449,0,0.0102
92450,0,0.011
92451,0,0.007
92452,0,0.0136
92453,0,0.0049
92454,0,0.1146
92455,1,0.5817
92456,0,0.1406
92457,1,0.9864
92458,0,0.0431
92459,0,0.0295
92460,0,0.0323
92461,0,0.0253
92462,0,0.0777
92463,0,0.0056
92464,0,0.0176
92465,0,0.0117
92466,0,0.2393
92467,0,0.029
92468,0,0.0217
92469,1,0.9414
92470,0,0.0148
92471,0,0.0052
92472,1,0.9812
92473,1,0.938
92474,0,0.0239
92475,0,0.0425
92476,0,0.0576
92477,0,0.0229
92478,0,0.136
92479,0,0.0012
92480,0,0.0052
92481,0,0.0404
92482,0,0.0154
92483,0,0.0144
92484,0,0.0192
92485,0,0.0201
92486,0,0.0219
92487,0,0.067
92488,0,0.0067
92489,0,0.0796
92490,0,0.0202
92491,0,0.0041
92492,0,0.0154
92493,0,0.0066
92494,0,0.0135
92495,0,0.0562
92496,0,0.0109
92497,0,0.0605
92498,0,0.0182
92499,0,0.0372
92500,1,0.9648
92501,0,0.0492
92502,0,0.0393
92503,0,0.0172
92504,0,0.0039
92505,0,0.0233
92506,1,0.98
92507,0,0.0119
92508,0,0.0327
92509,0,0.2241
92510,0,0.1012
92511,0,0.0139
92512,0,0.0334
92513,0,0.0282
92514,0,0.1175
92515,0,0.0369
92516,0,0.0207
92517,0,0.0123
92518,0,0.1182
92519,0,0.0273
92520,0,0.009
92521,0,0.037
92522,0,0.0028
92523,0,0.0251
92524,0,0.011
92525,0,0.0302
92526,0,0.0071
92527,0,0.0308
92528,0,0.0374
92529,0,0.026
92530,0,0.0556
92531,0,0.0116
92532,0,0.0571
92533,0,0.006
92534,0,0.0496
92535,0,0.1162
92536,0,0.015
92537,0,0.0173
92538,0,0.0183
92539,0,0.0038
92540,0,0.0198
92541,0,0.0119
92542,0,0.0267
92543,0,0.0068
92544,0,0.1662
92545,0,0.0179
92546,0,0.0501
92547,0,0.0051
92548,0,0.0013
92549,1,0.6687
92550,0,0.003
92551,0,0.0184
92552,0,0.0154
92553,0,0.0249
92554,0,0.002
92555,0,0.0045
92556,0,0.02
92557,0,0.0862
92558,0,0.1463
92559,0,0.0407
92560,0,0.0015
92561,0,0.0011
92562,0,0.0157
92563,0,0.0548
92564,0,0.0235
92565,0,0.0456
92566,0,0.023
92567,1,0.958
92568,1,0.8674
92569,0,0.0164
92570,0,0.0025
92571,0,0.0362
92572,0,0.0159
92573,0,0.0094
92574,0,0.009
92575,0,0.0104
92576,0,0.0082
92577,0,0.1147
92578,0,0.0591
92579,1,0.9126
92580,0,0.0358
92581,0,0.0447
92582,0,0.0527
92583,0,0.0072
92584,0,0.04
92585,0,0.2303
92586,0,0.0157
92587,0,0.0135
92588,0,0.2114
92589,0,0.0052
92590,1,0.9313
92591,0,0.0025
92592,1,0.9243
92593,0,0.0791
92594,0,0.0496
92595,0,0.0288
92596,0,0.0082
92597,0,0.0308
92598,0,0.0214
92599,0,0.0181
92600,0,0.0142
92601,0,0.004
92602,0,0.0021
92603,0,0.1046
92604,0,0.0169
92605,0,0.0263
92606,0,0.0088
92607,0,0.0077
92608,1,0.9626
92609,0,0.0095
92610,1,0.8272
92611,0,0.1044
92612,1,0.96
92613,0,0.0603
92614,0,0.0045
92615,1,0.5868
92616,0,0.0108
92617,1,0.9393
92618,0,0.0083
92619,0,0.013
92620,0,0.0337
92621,0,0.0283
92622,0,0.0097
92623,0,0.0252
92624,1,0.9571
92625,0,0.1808
92626,0,0.0286
92627,0,0.0051
92628,0,0.0088
92629,0,0.0197
92630,0,0.0133
92631,0,0.0544
92632,0,0.0425
92633,1,0.9644
92634,0,0.0284
92635,0,0.0935
92636,1,0.9451
92637,0,0.0323
92638,0,0.0331
92639,0,0.0429
92640,0,0.0367
92641,0,0.169
92642,0,0.017
92643,0,0.0011
92644,0,0.0423
92645,0,0.0019
92646,0,0.0085
92647,1,0.9599
92648,0,0.0164
92649,0,0.0163
92650,0,0.0131
92651,0,0.0187
92652,0,0.0162
92653,0,0.0238
92654,0,0.0166
92655,0,0.0042
92656,0,0.0053
92657,0,0.0098
92658,1,0.986
92659,0,0.0384
92660,0,0.0121
92661,0,0.0359
92662,0,0.0146
92663,0,0.0051
92664,0,0.0094
92665,0,0.0308
92666,0,0.005
92667,1,0.9719
92668,0,0.0055
92669,0,0.0535
92670,0,0.0549
92671,0,0.1564
92672,0,0.0013
92673,0,0.0384
92674,0,0.0049
92675,1,0.8791
92676,0,0.0127
92677,0,0.0118
92678,0,0.0104
92679,0,0.0068
92680,0,0.0062
92681,0,0.1924
92682,0,0.0653
92683,0,0.0701
92684,0,0.011
92685,1,0.9542
92686,0,0.0492
92687,1,0.9805
92688,0,0.0926
92689,0,0.0228
92690,0,0.0067
92691,0,0.2702
92692,0,0.0202
92693,1,0.9131
92694,0,0.0229
92695,0,0.0272
92696,1,0.8654
92697,0,0.0037
92698,1,0.962
92699,0,0.015
92700,0,0.011
92701,1,0.9784
92702,0,0.0885
92703,0,0.2474
92704,0,0.1309
92705,0,0.0074
92706,0,0.0626
92707,0,0.0512
92708,0,0.0015
92709,0,0.0057
92710,0,0.0177
92711,0,0.0128
92712,0,0.0321
92713,1,0.9575
92714,0,0.0252
92715,0,0.0302
92716,0,0.0326
92717,0,0.0294
92718,0,0.2772
92719,0,0.0246
92720,0,0.0142
92721,0,0.1557
92722,0,0.0098
92723,0,0.0284
92724,0,0.0032
92725,1,0.9145
92726,0,0.1052
92727,0,0.0223
92728,0,0.0186
92729,1,0.9258
92730,0,0.033
92731,0,0.0648
92732,0,0.0984
92733,1,0.9646
92734,0,0.0031
92735,0,0.0105
92736,0,0.0552
92737,0,0.0221
92738,0,0.0134
92739,0,0.0478
92740,0,0.132
92741,0,0.0158
92742,0,0.0128
92743,0,0.0165
92744,0,0.0423
92745,0,0.0062
92746,0,0.0196
92747,0,0.0021
92748,0,0.0051
92749,0,0.0195
92750,0,0.0075
92751,0,0.0874
92752,0,0.0604
92753,0,0.1117
92754,0,0.2957
92755,0,0.039
92756,0,0.236
92757,0,0.0262
92758,0,0.0034
92759,0,0.0203
92760,0,0.076
92761,0,0.0015
92762,0,0.0104
92763,0,0.0294
92764,0,0.0011
92765,0,0.036
92766,0,0.0292
92767,1,0.9682
92768,0,0.0432
92769,0,0.0161
92770,0,0.0919
92771,0,0.0019
92772,0,0.026
92773,1,0.9871
92774,0,0.0152
92775,0,0.0217
92776,0,0.0247
92777,0,0.0379
92778,0,0.0489
92779,0,0.0832
92780,0,0.0063
92781,1,0.9261
92782,0,0.0034
92783,0,0.0152
92784,0,0.0298
92785,0,0.0383
92786,0,0.0396
92787,0,0.0548
92788,0,0.0356
92789,0,0.0065
92790,0,0.0241
92791,0,0.0994
92792,0,0.1467
92793,0,0.0183
92794,0,0.0175
92795,0,0.0324
92796,0,0.0103
92797,0,0.0118
92798,0,0.0564
92799,0,0.0264
92800,0,0.2021
92801,0,0.0597
92802,0,0.007
92803,0,0.0128
92804,0,0.0111
92805,0,0.0624
92806,0,0.0145
92807,1,0.7653
92808,0,0.0091
92809,1,0.9772
92810,0,0.0182
92811,0,0.0253
92812,0,0.0085
92813,1,0.9303
92814,0,0.0158
92815,0,0.0435
92816,0,0.1225
92817,0,0.0018
92818,0,0.0315
92819,0,0.066
92820,0,0.0126
92821,1,0.9221
92822,0,0.2385
92823,0,0.0137
92824,0,0.0291
92825,0,0.2451
92826,0,0.044
92827,0,0.0125
92828,0,0.0033
92829,0,0.0653
92830,0,0.0587
92831,0,0.0141
92832,0,0.0119
92833,0,0.0262
92834,0,0.1681
92835,0,0.1391
92836,0,0.0313
92837,0,0.0545
92838,0,0.0061
92839,0,0.0219
92840,0,0.0963
92841,0,0.1624
92842,0,0.0079
92843,0,0.0038
92844,0,0.038
92845,0,0.0466
92846,0,0.2026
92847,0,0.1033
92848,0,0.0036
92849,1,0.9749
92850,0,0.0315
92851,0,0.0092
92852,0,0.132
92853,0,0.0089
92854,0,0.0095
92855,0,0.0476
92856,0,0.0027
92857,0,0.1991
92858,0,0.0114
92859,0,0.0014
92860,0,0.3414
92861,0,0.0762
92862,0,0.0121
92863,0,0.0875
92864,0,0.053
92865,0,0.0336
92866,1,0.9727
92867,0,0.0554
92868,0,0.0113
92869,0,0.0191
92870,0,0.0194
92871,0,0.0068
92872,0,0.0092
92873,0,0.0013
92874,1,0.9683
92875,0,0.0096
92876,0,0.0341
92877,0,0.0371
92878,1,0.9335
92879,0,0.0014
92880,0,0.0272
92881,1,0.9848
92882,0,0.054
92883,0,0.008
92884,0,0.03
92885,0,0.0185
92886,0,0.0042
92887,0,0.03
92888,0,0.0066
92889,0,0.0091
92890,0,0.0031
92891,0,0.0027
92892,0,0.0092
92893,0,0.0298
92894,0,0.0056
92895,0,0.217
92896,0,0.1771
92897,0,0.0823
92898,0,0.0091
92899,0,0.0407
92900,0,0.0399
92901,0,0.0421
92902,0,0.0157
92903,0,0.1825
92904,0,0.0013
92905,0,0.0066
92906,0,0.0034
92907,0,0.0301
92908,0,0.0034
92909,0,0.0617
92910,0,0.032
92911,0,0.0023
92912,0,0.0283
92913,0,0.1147
92914,0,0.0339
92915,0,0.1081
92916,0,0.1321
92917,0,0.0066
92918,1,0.9233
92919,0,0.0745
92920,0,0.0041
92921,0,0.1083
92922,0,0.3149
92923,0,0.0202
92924,0,0.0059
92925,0,0.0069
92926,0,0.0174
92927,0,0.0034
92928,0,0.0691
92929,0,0.0208
92930,0,0.0679
92931,0,0.0152
92932,0,0.0089
92933,0,0.0075
92934,0,0.0064
92935,0,0.0038
92936,0,0.0371
92937,0,0.011
92938,0,0.0372
92939,0,0.0009
92940,0,0.0013
92941,1,0.9795
92942,0,0.0294
92943,0,0.0169
92944,0,0.0701
92945,0,0.0131
92946,0,0.0066
92947,0,0.0119
92948,0,0.0058
92949,0,0.0119
92950,0,0.0106
92951,0,0.001
92952,0,0.002
92953,1,0.9623
92954,0,0.0122
92955,0,0.0754
92956,0,0.072
92957,1,0.9315
92958,0,0.0543
92959,0,0.0285
92960,0,0.0218
92961,0,0.0016
92962,0,0.0145
92963,1,0.954
92964,0,0.0301
92965,0,0.0253
92966,0,0.0171
92967,0,0.2065
92968,1,0.8922
92969,0,0.0211
92970,0,0.0046
92971,0,0.0939
92972,0,0.0185
92973,0,0.1113
92974,0,0.0838
92975,0,0.047
92976,0,0.2499
92977,0,0.0162
92978,0,0.0067
92979,0,0.0715
92980,0,0.0908
92981,0,0.0157
92982,0,0.0296
92983,0,0.0304
92984,0,0.0335
92985,0,0.0215
92986,0,0.013
92987,0,0.002
92988,0,0.0054
92989,0,0.0116
92990,0,0.0068
92991,0,0.0291
92992,0,0.0056
92993,0,0.0375
92994,0,0.2038
92995,1,0.994
92996,0,0.0117
92997,1,0.9193
92998,0,0.0116
92999,0,0.0006
93000,1,0.9534
93001,0,0.0132
93002,0,0.0316
93003,0,0.0703
93004,1,0.9815
93005,0,0.035
93006,1,0.9485
93007,0,0.0453
93008,0,0.0515
93009,0,0.0922
93010,0,0.1501
93011,0,0.0325
93012,0,0.0238
93013,1,0.6208
93014,0,0.0257
93015,0,0.0297
93016,0,0.0085
93017,0,0.0268
93018,0,0.3708
93019,0,0.01
93020,1,0.7958
93021,0,0.0381
93022,0,0.0279
93023,0,0.0302
93024,0,0.0131
93025,0,0.0538
93026,0,0.01
93027,0,0.1212
93028,0,0.0013
93029,0,0.0141
93030,0,0.4801
93031,0,0.0142
93032,0,0.0109
93033,0,0.0456
93034,0,0.0137
93035,0,0.025
93036,0,0.143
93037,0,0.007
93038,0,0.0528
93039,0,0.0046
93040,0,0.0106
93041,0,0.1236
93042,0,0.0999
93043,0,0.0026
93044,0,0.0074
93045,0,0.0096
93046,0,0.0601
93047,0,0.0012
93048,0,0.0144
93049,0,0.0111
93050,0,0.0014
93051,0,0.0077
93052,0,0.0207
93053,0,0.0822
93054,0,0.1992
93055,1,0.9833
93056,0,0.0984
93057,0,0.0183
93058,0,0.0097
93059,0,0.0034
93060,0,0.0364
93061,0,0.0007
93062,0,0.106
93063,0,0.004
93064,0,0.0975
93065,0,0.0362
93066,0,0.0038
93067,0,0.0965
93068,0,0.0101
93069,0,0.0303
93070,0,0.0123
93071,0,0.077
93072,0,0.0882
93073,0,0.0105
93074,0,0.0046
93075,0,0.0127
93076,1,0.7429
93077,0,0.0337
93078,0,0.3506
93079,0,0.0287
93080,0,0.0089
93081,0,0.2981
93082,0,0.0672
93083,0,0.1123
93084,0,0.0272
93085,0,0.0348
93086,1,0.9631
93087,0,0.0172
93088,0,0.0349
93089,0,0.016
93090,0,0.016
93091,0,0.0113
93092,0,0.0013
93093,0,0.0078
93094,0,0.0108
93095,0,0.0059
93096,0,0.0277
93097,0,0.0394
93098,0,0.0426
93099,0,0.0033
93100,0,0.0047
93101,1,0.8666
93102,0,0.0043
93103,0,0.2774
93104,0,0.0179
93105,1,0.8092
93106,0,0.0902
93107,0,0.06
93108,0,0.0221
93109,0,0.0223
93110,0,0.0062
93111,0,0.0686
93112,0,0.0311
93113,0,0.0079
93114,0,0.0435
93115,0,0.0039
93116,1,0.9511
93117,0,0.0487
93118,0,0.0408
93119,0,0.116
93120,0,0.0165
93121,0,0.1023
93122,0,0.0948
93123,0,0.0248
93124,0,0.0338
93125,0,0.027
93126,0,0.0229
93127,0,0.0141
93128,0,0.0071
93129,0,0.1364
93130,0,0.1451
93131,0,0.0039
93132,0,0.014
93133,0,0.0182
93134,0,0.0179
93135,0,0.1519
93136,0,0.1965
93137,1,0.9486
93138,1,0.96
93139,0,0.0537
93140,0,0.07
93141,0,0.0354
93142,0,0.0452
93143,0,0.0162
93144,0,0.0083
93145,0,0.0116
93146,0,0.0371
93147,0,0.0015
93148,0,0.0051
93149,0,0.1645
93150,0,0.0261
93151,0,0.0057
93152,0,0.007
93153,0,0.0266
93154,0,0.1131
93155,0,0.0396
93156,1,0.9757
93157,0,0.0167
93158,0,0.3686
93159,0,0.0141
93160,0,0.0051
93161,0,0.0357
93162,0,0.0482
93163,0,0.0025
93164,0,0.0194
93165,0,0.0305
93166,0,0.0022
93167,0,0.0413
93168,0,0.0127
93169,0,0.0242
93170,0,0.0273
93171,0,0.0492
93172,0,0.0079
93173,1,0.9695
93174,0,0.0207
93175,0,0.0333
93176,0,0.0014
93177,0,0.0191
93178,0,0.0014
93179,0,0.0159
93180,0,0.0284
93181,0,0.001
93182,1,0.6382
93183,0,0.0248
93184,0,0.003
93185,0,0.1681
93186,1,0.9729
93187,0,0.007
93188,0,0.0006
93189,0,0.0237
93190,0,0.4235
93191,0,0.0096
93192,1,0.9673
93193,0,0.0176
93194,0,0.0533
93195,0,0.0755
93196,0,0.0195
93197,0,0.0013
93198,0,0.0043
93199,0,0.0562
93200,1,0.971
93201,0,0.0004
93202,1,0.9647
93203,1,0.9937
93204,0,0.0052
93205,0,0.0206
93206,1,0.9878
93207,0,0.0129
93208,0,0.0013
93209,1,0.9695
93210,0,0.0906
93211,0,0.0097
93212,0,0.0018
93213,0,0.0715
93214,0,0.0515
93215,0,0.0058
93216,0,0.0184
93217,0,0.0127
93218,0,0.0112
93219,0,0.0165
93220,0,0.1563
93221,0,0.0261
93222,0,0.0252
93223,0,0.0355
93224,0,0.1318
93225,0,0.2402
93226,0,0.0086
93227,0,0.0105
93228,0,0.0951
93229,0,0.001
93230,0,0.1206
93231,0,0.0126
93232,0,0.0154
93233,0,0.3072
93234,0,0.0165
93235,0,0.0241
93236,0,0.0166
93237,0,0.246
93238,0,0.0022
93239,0,0.1067
93240,1,0.8428
93241,0,0.443
93242,1,0.9922
93243,0,0.0642
93244,0,0.0499
93245,0,0.0413
93246,0,0.0071
93247,0,0.0464
93248,0,0.0055
93249,0,0.1172
93250,0,0.1371
93251,0,0.0218
93252,0,0.0137
93253,0,0.0021
93254,0,0.0069
93255,1,0.9638
93256,0,0.1281
93257,0,0.02
93258,0,0.0054
93259,0,0.0423
93260,0,0.0624
93261,0,0.0033
93262,0,0.166
93263,0,0.0629
93264,0,0.0089
93265,0,0.0036
93266,0,0.0212
93267,0,0.1077
93268,0,0.0028
93269,0,0.067
93270,0,0.1871
93271,0,0.0191
93272,1,0.9323
93273,0,0.0221
93274,0,0.0076
93275,0,0.0174
93276,0,0.0014
93277,0,0.164
93278,0,0.0347
93279,0,0.0351
93280,1,0.9724
93281,0,0.0313
93282,0,0.0057
93283,0,0.0125
93284,1,0.9694
93285,0,0.0444
93286,0,0.0219
93287,1,0.9736
93288,1,0.5028
93289,0,0.0053
93290,0,0.002
93291,0,0.3155
93292,0,0.1199
93293,0,0.1009
93294,0,0.023
93295,0,0.0058
93296,0,0.1455
93297,1,0.7976
93298,0,0.0526
93299,0,0.0136
93300,0,0.0184
93301,0,0.0511
93302,0,0.0091
93303,0,0.0452
93304,0,0.0061
93305,0,0.0245
93306,0,0.3439
93307,0,0.0162
93308,0,0.0305
93309,0,0.0115
93310,0,0.0298
93311,0,0.0331
93312,0,0.2562
93313,0,0.0177
93314,0,0.204
93315,0,0.0943
93316,1,0.8483
93317,0,0.0077
93318,0,0.0292
93319,0,0.0436
93320,0,0.0077
93321,0,0.0509
93322,0,0.168
93323,0,0.0161
93324,0,0.0118
93325,0,0.0277
93326,0,0.1163
93327,0,0.0711
93328,0,0.2411
93329,0,0.2849
93330,0,0.0343
93331,0,0.0111
93332,0,0.0301
93333,0,0.0023
93334,0,0.0462
93335,0,0.0317
93336,0,0.0357
93337,0,0.0095
93338,0,0.0177
93339,0,0.005
93340,0,0.02
93341,0,0.113
93342,0,0.0086
93343,0,0.031
93344,0,0.0184
93345,0,0.0404
93346,0,0.0115
93347,0,0.0126
93348,0,0.0165
93349,0,0.0203
93350,0,0.0017
93351,0,0.0546
93352,0,0.0141
93353,0,0.0118
93354,0,0.0214
93355,0,0.0089
93356,0,0.003
93357,0,0.0267
93358,0,0.0046
93359,0,0.1297
93360,0,0.0115
93361,0,0.0402
93362,0,0.0094
93363,0,0.0206
93364,0,0.0113
93365,0,0.0092
93366,0,0.0105
93367,0,0.008
93368,0,0.0484
93369,0,0.0807
93370,0,0.0202
93371,0,0.01
93372,0,0.0045
93373,0,0.0209
93374,0,0.009
93375,0,0.0167
93376,0,0.1763
93377,0,0.1402
93378,0,0.0079
93379,1,0.9929
93380,0,0.0081
93381,0,0.0393
93382,0,0.0802
93383,1,0.9816
93384,0,0.0481
93385,0,0.0148
93386,0,0.1017
93387,0,0.2825
93388,0,0.1252
93389,0,0.0282
93390,0,0.1324
93391,0,0.0112
93392,0,0.0267
93393,0,0.0746
93394,0,0.0308
93395,0,0.2106
93396,0,0.1563
93397,0,0.0129
93398,0,0.0106
93399,0,0.0011
93400,1,0.9806
93401,0,0.0019
93402,0,0.0294
93403,1,0.9695
93404,0,0.0329
93405,1,0.9936
93406,0,0.1424
93407,0,0.1088
93408,0,0.0035
93409,0,0.0392
93410,0,0.0357
93411,0,0.005
93412,0,0.0636
93413,0,0.0053
93414,0,0.009
93415,0,0.1783
93416,0,0.0211
93417,0,0.0143
93418,0,0.0032
93419,1,0.9692
93420,0,0.0055
93421,0,0.0115
93422,0,0.0723
93423,0,0.0104
93424,1,0.9689
93425,0,0.0148
93426,0,0.0099
93427,1,0.9505
93428,0,0.0815
93429,0,0.0167
93430,0,0.0669
93431,0,0.0082
93432,1,0.9822
93433,0,0.0431
93434,0,0.0053
93435,0,0.0334
93436,0,0.0257
93437,0,0.0109
93438,0,0.1494
93439,1,0.9256
93440,0,0.1368
93441,0,0.0771
93442,0,0.0254
93443,0,0.0094
93444,0,0.003
93445,0,0.009
93446,0,0.0062
93447,0,0.0233
93448,0,0.0271
93449,0,0.0653
93450,0,0.005
93451,0,0.0287
93452,0,0.0823
93453,0,0.1166
93454,1,0.9825
93455,0,0.018
93456,0,0.0677
93457,1,0.9731
93458,0,0.0102
93459,0,0.0168
93460,0,0.0072
93461,0,0.0134
93462,0,0.0153
93463,0,0.0106
93464,1,0.9625
93465,0,0.0055
93466,0,0.0128
93467,0,0.0083
93468,0,0.0483
93469,0,0.0202
93470,0,0.0136
93471,0,0.0094
93472,0,0.0857
93473,0,0.0134
93474,0,0.0176
93475,0,0.0074
93476,0,0.0517
93477,1,0.9632
93478,0,0.0511
93479,0,0.0067
93480,0,0.0216
93481,0,0.1683
93482,0,0.1642
93483,0,0.0068
93484,0,0.0391
93485,1,0.9884
93486,0,0.0241
93487,0,0.0183
93488,0,0.0081
93489,0,0.0292
93490,0,0.003
93491,0,0.0042
93492,1,0.9848
93493,0,0.0748
93494,0,0.0332
93495,0,0.0113
93496,1,0.9667
93497,0,0.0081
93498,0,0.084
93499,0,0.0168
93500,0,0.0042
93501,0,0.0509
93502,0,0.2015
93503,0,0.1357
93504,0,0.0215
93505,0,0.0327
93506,0,0.0267
93507,0,0.4382
93508,0,0.0415
93509,0,0.0429
93510,0,0.0068
93511,0,0.0389
93512,0,0.1273
93513,0,0.0023
93514,0,0.0112
93515,0,0.0297
93516,0,0.0763
93517,0,0.0146
93518,0,0.013
93519,0,0.0289
93520,1,0.7947
93521,0,0.0645
93522,0,0.023
93523,0,0.0057
93524,0,0.0178
93525,0,0.0105
93526,0,0.019
93527,0,0.0172
93528,0,0.0068
93529,0,0.0339
93530,0,0.0071
93531,1,0.9628
93532,0,0.4558
93533,0,0.0039
93534,1,0.7791
93535,0,0.0237
93536,0,0.0123
93537,0,0.0048
93538,1,0.9896
93539,1,0.96
93540,0,0.0194
93541,0,0.0063
93542,0,0.0015
93543,0,0.0371
93544,0,0.0149
93545,0,0.0075
93546,0,0.0261
93547,0,0.0113
93548,0,0.0041
93549,0,0.0041
93550,0,0.0134
93551,0,0.0139
93552,0,0.1045
93553,0,0.2621
93554,0,0.0642
93555,0,0.0135
93556,0,0.0118
93557,0,0.1111
93558,0,0.0537
93559,0,0.0406
93560,0,0.0031
93561,1,0.9652
93562,0,0.0035
93563,0,0.02
93564,0,0.0084
93565,0,0.0095
93566,0,0.0312
93567,0,0.0162
93568,0,0.0099
93569,0,0.1211
93570,0,0.0341
93571,0,0.101
93572,0,0.0064
93573,0,0.0463
93574,0,0.0315
93575,0,0.033
93576,0,0.0287
93577,0,0.1256
93578,0,0.0011
93579,0,0.0192
93580,0,0.0035
93581,0,0.018
93582,0,0.0621
93583,0,0.0965
93584,0,0.0102
93585,0,0.0874
93586,0,0.0467
93587,0,0.0216
93588,0,0.0145
93589,1,0.9905
93590,0,0.0919
93591,0,0.1124
93592,0,0.0497
93593,0,0.0034
93594,0,0.0102
93595,0,0.007
93596,0,0.016
93597,0,0.0168
93598,0,0.0044
93599,0,0.0177
93600,0,0.0028
93601,0,0.0203
93602,0,0.0069
93603,0,0.0011
93604,0,0.0615
93605,0,0.0397
93606,0,0.1251
93607,0,0.0568
93608,0,0.0041
93609,1,0.9662
93610,0,0.0091
93611,0,0.0067
93612,0,0.0108
93613,0,0.0087
93614,1,0.9636
93615,0,0.0018
93616,0,0.0144
93617,0,0.0205
93618,0,0.1004
93619,0,0.1101
93620,0,0.0408
93621,0,0.0257
93622,1,0.9121
93623,0,0.0162
93624,0,0.0292
93625,0,0.05
93626,0,0.0272
93627,1,0.9679
93628,0,0.0949
93629,0,0.0385
93630,0,0.0362
93631,0,0.0115
93632,0,0.0127
93633,0,0.0409
93634,0,0.1898
93635,0,0.0096
93636,0,0.0106
93637,0,0.2531
93638,0,0.0077
93639,0,0.101
93640,0,0.0661
93641,0,0.2175
93642,0,0.0442
93643,0,0.0058
93644,0,0.1688
93645,0,0.0079
93646,0,0.0235
93647,0,0.0111
93648,0,0.0339
93649,0,0.0103
93650,0,0.0241
93651,0,0.0061
93652,1,0.9034
93653,0,0.0442
93654,0,0.1003
93655,0,0.0012
93656,0,0.0084
93657,1,0.8935
93658,0,0.0282
93659,0,0.092
93660,0,0.128
93661,1,0.6258
93662,0,0.0011
93663,0,0.0087
93664,0,0.0018
93665,0,0.0099
93666,0,0.1168
93667,0,0.156
93668,0,0.0083
93669,0,0.0483
93670,0,0.0726
93671,0,0.0462
93672,0,0.1134
93673,0,0.0265
93674,0,0.0383
93675,1,0.9047
93676,0,0.0362
93677,0,0.004
93678,1,0.9037
93679,0,0.0095
93680,0,0.0018
93681,0,0.1039
93682,1,0.9794
93683,0,0.009
93684,0,0.0079
93685,0,0.0096
93686,0,0.1296
93687,0,0.0707
93688,0,0.0341
93689,0,0.0375
93690,0,0.0247
93691,0,0.0299
93692,0,0.0033
93693,0,0.0687
93694,0,0.0107
93695,0,0.0136
93696,1,0.9563
93697,0,0.1062
93698,0,0.0365
93699,0,0.0235
93700,0,0.0021
93701,0,0.0251
93702,0,0.0572
93703,0,0.0086
93704,0,0.0017
93705,0,0.0738
93706,0,0.022
93707,0,0.1201
93708,0,0.0333
93709,1,0.9886
93710,0,0.0094
93711,0,0.0269
93712,0,0.0734
93713,0,0.1176
93714,0,0.1168
93715,0,0.0011
93716,0,0.0316
93717,0,0.0116
93718,0,0.0384
93719,0,0.0104
93720,1,0.9577
93721,0,0.007
93722,0,0.2339
93723,0,0.0065
93724,1,0.9146
93725,0,0.0338
93726,0,0.0233
93727,0,0.0045
93728,0,0.0467
93729,0,0.1705
93730,0,0.0072
93731,0,0.2417
93732,0,0.0071
93733,0,0.0179
93734,0,0.0189
93735,0,0.0314
93736,0,0.0527
93737,0,0.0179
93738,1,0.8842
93739,0,0.0282
93740,0,0.0137
93741,0,0.0088
93742,0,0.0775
93743,1,0.9612
93744,0,0.0067
93745,1,0.9811
93746,0,0.0142
93747,0,0.0094
93748,0,0.004
93749,0,0.017
93750,1,0.9763
93751,0,0.0145
93752,0,0.0307
93753,0,0.013
93754,0,0.014
93755,0,0.0123
93756,0,0.0136
93757,0,0.013
93758,0,0.084
93759,1,0.7812
93760,0,0.0064
93761,0,0.0074
93762,1,0.8717
93763,0,0.0268
93764,0,0.0075
93765,0,0.0911
93766,0,0.0116
93767,0,0.0368
93768,0,0.0047
93769,0,0.0051
93770,0,0.0135
93771,0,0.0402
93772,0,0.1597
93773,1,0.9387
93774,1,0.9789
93775,0,0.0508
93776,0,0.0415
93777,0,0.0503
93778,0,0.0063
93779,0,0.0048
93780,0,0.0454
93781,0,0.01
93782,0,0.0866
93783,0,0.0137
93784,0,0.0058
93785,0,0.0054
93786,0,0.0664
93787,0,0.0071
93788,0,0.0402
93789,0,0.0822
93790,0,0.0666
93791,0,0.341
93792,0,0.0013
93793,1,0.9773
93794,0,0.0511
93795,0,0.1242
93796,0,0.0609
93797,0,0.0151
93798,0,0.0129
93799,0,0.0105
93800,1,0.6396
93801,0,0.005
93802,0,0.0143
93803,0,0.0692
93804,0,0.004
93805,0,0.1011
93806,0,0.0092
93807,0,0.1941
93808,0,0.0458
93809,0,0.0425
93810,0,0.1694
93811,0,0.0172
93812,0,0.024
93813,0,0.036
93814,0,0.0055
93815,0,0.1209
93816,0,0.1564
93817,0,0.0284
93818,0,0.0074
93819,0,0.036
93820,0,0.0938
93821,1,0.7734
93822,0,0.0079
93823,0,0.0124
93824,0,0.0255
93825,0,0.0294
93826,1,0.9907
93827,0,0.1528
93828,0,0.0046
93829,0,0.0035
93830,0,0.0206
93831,1,0.8953
93832,0,0.1098
93833,0,0.0116
93834,0,0.4718
93835,0,0.0054
93836,0,0.0169
93837,0,0.0502
93838,0,0.002
93839,0,0.0071
93840,0,0.3882
93841,0,0.0104
93842,0,0.0599
93843,1,0.9852
93844,0,0.0304
93845,0,0.0089
93846,0,0.0344
93847,0,0.0178
93848,0,0.031
93849,1,0.9946
93850,0,0.0392
93851,0,0.203
93852,0,0.0115
93853,0,0.0544
93854,1,0.9739
93855,0,0.0137
93856,0,0.0914
93857,0,0.0211
93858,0,0.012
93859,0,0.0939
93860,0,0.146
93861,0,0.0196
93862,0,0.0135
93863,0,0.0753
93864,0,0.0796
93865,0,0.084
93866,0,0.0492
93867,0,0.02
93868,1,0.984
93869,1,0.9527
93870,0,0.0474
93871,0,0.0021
93872,0,0.0172
93873,0,0.0137
93874,0,0.0686
93875,0,0.0028
93876,0,0.029
93877,0,0.0434
93878,0,0.0022
93879,0,0.0036
93880,0,0.0218
93881,0,0.025
93882,0,0.0153
93883,0,0.1549
93884,0,0.1343
93885,1,0.9777
93886,0,0.0082
93887,1,0.9478
93888,0,0.0108
93889,0,0.0339
93890,0,0.0644
93891,0,0.0272
93892,0,0.0304
93893,1,0.9858
93894,0,0.0444
93895,0,0.1385
93896,0,0.1771
93897,0,0.1444
93898,1,0.9609
93899,0,0.0152
93900,1,0.972
93901,0,0.0065
93902,0,0.0012
93903,0,0.0151
93904,1,0.9598
93905,0,0.0438
93906,0,0.01
93907,0,0.0085
93908,0,0.1471
93909,0,0.031
93910,1,0.9548
93911,0,0.0326
93912,0,0.0176
93913,0,0.0118
93914,0,0.0337
93915,0,0.0249
93916,0,0.0495
93917,0,0.0198
93918,0,0.0172
93919,0,0.2228
93920,0,0.0726
93921,0,0.0008
93922,0,0.1279
93923,0,0.0123
93924,0,0.0123
93925,0,0.1114
93926,0,0.0248
93927,0,0.0034
93928,0,0.0034
93929,0,0.0796
93930,0,0.0408
93931,0,0.1323
93932,1,0.8591
93933,0,0.0051
93934,0,0.0126
93935,1,0.9424
93936,0,0.0129
93937,0,0.0022
93938,1,0.9413
93939,0,0.3163
93940,0,0.0091
93941,1,0.9702
93942,0,0.0329
93943,0,0.1052
93944,0,0.0982
93945,0,0.0027
93946,0,0.0296
93947,0,0.0089
93948,0,0.0962
93949,1,0.9493
93950,0,0.0015
93951,0,0.0208
93952,0,0.2251
93953,0,0.0129
93954,0,0.0296
93955,0,0.0083
93956,0,0.2924
93957,0,0.0126
93958,0,0.1371
93959,0,0.0172
93960,0,0.0009
93961,1,0.8392
93962,0,0.2611
93963,0,0.0424
93964,0,0.0082
93965,0,0.0052
93966,0,0.0307
93967,0,0.076
93968,0,0.0016
93969,1,0.919
93970,0,0.0043
93971,0,0.0879
93972,0,0.0687
93973,0,0.0046
93974,0,0.0222
93975,0,0.0248
93976,0,0.0058
93977,0,0.0211
93978,1,0.885
93979,0,0.0156
93980,0,0.0104
93981,0,0.084
93982,0,0.0646
93983,0,0.0181
93984,1,0.96
93985,0,0.0163
93986,1,0.958
93987,0,0.0022
93988,0,0.0175
93989,0,0.0097
93990,0,0.0152
93991,0,0.0405
93992,1,0.8858
93993,0,0.0366
93994,1,0.9887
93995,0,0.0131
93996,0,0.0068
93997,1,0.9575
93998,1,0.5015
93999,0,0.0473
94000,0,0.0056
94001,0,0.0086
94002,1,0.9126
94003,0,0.004
94004,1,0.9566
94005,0,0.0099
94006,0,0.0284
94007,0,0.003
94008,0,0.0991
94009,0,0.0118
94010,0,0.0159
94011,0,0.0559
94012,0,0.0451
94013,0,0.0082
94014,0,0.0246
94015,0,0.0409
94016,0,0.01
94017,1,0.8472
94018,0,0.0072
94019,0,0.0077
94020,1,0.9598
94021,0,0.0171
94022,0,0.0131
94023,1,0.8658
94024,0,0.067
94025,0,0.0057
94026,1,0.8659
94027,0,0.3133
94028,0,0.1391
94029,0,0.0033
94030,0,0.006
94031,0,0.042
94032,0,0.4436
94033,0,0.0179
94034,0,0.0706
94035,0,0.0686
94036,0,0.003
94037,1,0.8361
94038,0,0.0084
94039,0,0.0283
94040,0,0.022
94041,0,0.0234
94042,0,0.0456
94043,0,0.0045
94044,0,0.0477
94045,1,0.9011
94046,0,0.0648
94047,0,0.0024
94048,0,0.0016
94049,0,0.0437
94050,0,0.0399
94051,0,0.0164
94052,0,0.018
94053,0,0.0097
94054,0,0.0185
94055,0,0.0404
94056,0,0.0895
94057,0,0.0292
94058,0,0.3858
94059,0,0.0626
94060,0,0.0252
94061,0,0.0047
94062,0,0.1022
94063,0,0.0156
94064,0,0.0847
94065,0,0.0087
94066,0,0.0332
94067,0,0.0122
94068,0,0.0052
94069,0,0.0112
94070,0,0.0256
94071,0,0.011
94072,0,0.0314
94073,0,0.0156
94074,0,0.0599
94075,0,0.0116
94076,0,0.003
94077,0,0.0558
94078,0,0.0053
94079,1,0.9237
94080,1,0.9302
94081,0,0.0277
94082,0,0.1161
94083,0,0.0934
94084,0,0.0508
94085,0,0.0136
94086,1,0.9423
94087,0,0.055
94088,0,0.0113
94089,1,0.9432
94090,0,0.0915
94091,0,0.0347
94092,0,0.081
94093,0,0.0308
94094,0,0.0068
94095,0,0.1916
94096,0,0.0153
94097,1,0.9042
94098,0,0.0067
94099,0,0.0139
94100,0,0.0241
94101,0,0.0474
94102,0,0.0079
94103,0,0.0096
94104,0,0.0159
94105,0,0.0141
94106,0,0.0962
94107,0,0.065
94108,0,0.3271
94109,1,0.8263
94110,0,0.0571
94111,0,0.0327
94112,0,0.0167
94113,0,0.016
94114,0,0.0159
94115,0,0.063
94116,0,0.0768
94117,0,0.0081
94118,0,0.0488
94119,0,0.0201
94120,0,0.0864
94121,0,0.0219
94122,0,0.0256
94123,1,0.7046
94124,0,0.0132
94125,1,0.9234
94126,0,0.0092
94127,0,0.0241
94128,0,0.1979
94129,0,0.0718
94130,0,0.0099
94131,0,0.0229
94132,0,0.02
94133,0,0.3175
94134,1,0.8769
94135,0,0.0131
94136,0,0.1723
94137,0,0.1279
94138,0,0.015
94139,0,0.0318
94140,0,0.051
94141,0,0.0561
94142,0,0.0536
94143,0,0.0325
94144,0,0.0278
94145,0,0.0117
94146,0,0.0099
94147,1,0.9499
94148,0,0.0053
94149,0,0.0259
94150,0,0.0194
94151,1,0.8901
94152,0,0.0018
94153,0,0.0124
94154,0,0.0043
94155,0,0.0505
94156,0,0.0181
94157,0,0.0173
94158,0,0.0087
94159,1,0.9646
94160,0,0.0111
94161,0,0.0466
94162,1,0.9531
94163,0,0.0413
94164,0,0.0109
94165,1,0.8251
94166,0,0.0079
94167,0,0.0076
94168,0,0.0483
94169,0,0.0073
94170,0,0.0458
94171,0,0.008
94172,1,0.9265
94173,1,0.9642
94174,1,0.9702
94175,0,0.0158
94176,0,0.2203
94177,1,0.6724
94178,0,0.1114
94179,0,0.0422
94180,0,0.1017
94181,0,0.0017
94182,0,0.0176
94183,0,0.0086
94184,0,0.0062
94185,0,0.0478
94186,0,0.0549
94187,0,0.0448
94188,0,0.0026
94189,0,0.012
94190,0,0.0251
94191,1,0.9772
94192,0,0.0139
94193,1,0.9851
94194,0,0.028
94195,0,0.0141
94196,0,0.0211
94197,0,0.3313
94198,0,0.0482
94199,0,0.0158
94200,0,0.0553
94201,0,0.1047
94202,0,0.0029
94203,0,0.0073
94204,0,0.0577
94205,0,0.0075
94206,0,0.0164
94207,0,0.0117
94208,0,0.0032
94209,0,0.1987
94210,0,0.0084
94211,0,0.0134
94212,0,0.0365
94213,0,0.1459
94214,0,0.039
94215,0,0.0186
94216,0,0.0568
94217,0,0.0384
94218,0,0.0115
94219,0,0.0313
94220,0,0.0029
94221,0,0.0083
94222,0,0.3836
94223,0,0.0195
94224,1,0.821
94225,0,0.0249
94226,0,0.0111
94227,1,0.5145
94228,0,0.01
94229,0,0.001
94230,0,0.0663
94231,0,0.0156
94232,0,0.0077
94233,0,0.0206
94234,1,0.9404
94235,0,0.0254
94236,0,0.008
94237,0,0.0042
94238,0,0.0644
94239,0,0.0194
94240,1,0.7798
94241,0,0.0091
94242,0,0.1128
94243,0,0.1048
94244,1,0.979
94245,0,0.0179
94246,1,0.9539
94247,1,0.866
94248,0,0.0738
94249,0,0.1289
94250,0,0.0091
94251,0,0.0125
94252,0,0.058
94253,0,0.027
94254,0,0.0077
94255,1,0.9807
94256,0,0.0099
94257,0,0.008
94258,0,0.0952
94259,0,0.1
94260,1,0.9223
94261,0,0.0159
94262,0,0.0579
94263,1,0.9341
94264,0,0.0667
94265,0,0.0627
94266,1,0.9805
94267,1,0.9677
94268,0,0.0696
94269,0,0.0083
94270,0,0.0534
94271,1,0.9538
94272,0,0.0082
94273,0,0.0249
94274,1,0.9771
94275,0,0.1843
94276,0,0.0271
94277,0,0.0116
94278,0,0.1393
94279,0,0.1025
94280,0,0.0273
94281,0,0.02
94282,0,0.0466
94283,0,0.0098
94284,0,0.0027
94285,0,0.302
94286,0,0.0275
94287,0,0.0143
94288,0,0.0232
94289,0,0.0059
94290,0,0.0122
94291,0,0.008
94292,0,0.017
94293,0,0.0108
94294,0,0.0805
94295,0,0.0078
94296,0,0.0056
94297,0,0.1769
94298,1,0.9663
94299,0,0.0162
94300,0,0.0033
94301,0,0.0157
94302,0,0.0334
94303,1,0.9456
94304,1,0.9835
94305,0,0.0277
94306,0,0.0073
94307,0,0.0077
94308,0,0.0933
94309,0,0.0088
94310,0,0.001
94311,0,0.0027
94312,0,0.0312
94313,0,0.0261
94314,0,0.0025
94315,1,0.9706
94316,1,0.9749
94317,0,0.0425
94318,0,0.0291
94319,0,0.0136
94320,0,0.0435
94321,1,0.8855
94322,0,0.0357
94323,0,0.04
94324,1,0.9746
94325,0,0.045
94326,0,0.0255
94327,0,0.0645
94328,0,0.0142
94329,0,0.0206
94330,0,0.0109
94331,0,0.0414
94332,0,0.1334
94333,0,0.0409
94334,0,0.0751
94335,0,0.019
94336,0,0.0023
94337,0,0.0524
94338,1,0.9849
94339,0,0.0013
94340,0,0.0275
94341,0,0.0166
94342,0,0.0234
94343,0,0.0088
94344,0,0.005
94345,0,0.0313
94346,0,0.0251
94347,0,0.0171
94348,0,0.0106
94349,0,0.0204
94350,0,0.0011
94351,0,0.0405
94352,0,0.0072
94353,1,0.9825
94354,0,0.0133
94355,0,0.0424
94356,0,0.071
94357,0,0.0089
94358,0,0.0059
94359,0,0.043
94360,0,0.0032
94361,0,0.0343
94362,0,0.0282
94363,0,0.0297
94364,0,0.0066
94365,0,0.0136
94366,0,0.0249
94367,0,0.0159
94368,0,0.0202
94369,0,0.0383
94370,0,0.0221
94371,1,0.7645
94372,0,0.1528
94373,0,0.0035
94374,0,0.0186
94375,0,0.0052
94376,1,0.9693
94377,0,0.0029
94378,0,0.011
94379,0,0.0503
94380,0,0.1062
94381,0,0.0331
94382,1,0.9842
94383,0,0.0074
94384,0,0.255
94385,0,0.0135
94386,1,0.9525
94387,0,0.0144
94388,0,0.262
94389,0,0.1137
94390,0,0.0119
94391,0,0.055
94392,0,0.0047
94393,0,0.0182
94394,0,0.0263
94395,0,0.0077
94396,0,0.0391
94397,0,0.0153
94398,0,0.0319
94399,0,0.0418
94400,0,0.053
94401,0,0.1334
94402,1,0.9686
94403,0,0.0572
94404,0,0.0422
94405,0,0.0073
94406,0,0.0191
94407,0,0.0637
94408,0,0.0083
94409,0,0.127
94410,0,0.0127
94411,0,0.0727
94412,0,0.0009
94413,0,0.0357
94414,0,0.0114
94415,0,0.0065
94416,0,0.0027
94417,0,0.0136
94418,0,0.0006
94419,0,0.0038
94420,0,0.0678
94421,0,0.1308
94422,0,0.0014
94423,0,0.0966
94424,1,0.9819
94425,0,0.016
94426,0,0.0084
94427,0,0.0118
94428,0,0.0013
94429,0,0.0525
94430,0,0.0128
94431,0,0.0093
94432,0,0.0151
94433,1,0.9591
94434,0,0.0051
94435,0,0.0069
94436,1,0.9651
94437,0,0.0136
94438,0,0.1062
94439,0,0.0176
94440,0,0.0007
94441,0,0.003
94442,0,0.0072
94443,0,0.009
94444,0,0.0285
94445,0,0.0155
94446,0,0.0097
94447,0,0.0836
94448,0,0.0038
94449,0,0.0153
94450,0,0.2141
94451,0,0.0056
94452,0,0.0056
94453,0,0.0128
94454,0,0.0208
94455,0,0.0619
94456,0,0.0167
94457,0,0.0137
94458,1,0.9821
94459,0,0.0699
94460,0,0.0023
94461,0,0.0057
94462,0,0.0429
94463,0,0.0742
94464,0,0.0291
94465,0,0.0121
94466,0,0.0101
94467,0,0.0947
94468,0,0.0034
94469,0,0.0116
94470,0,0.1518
94471,0,0.0136
94472,0,0.0216
94473,1,0.9193
94474,0,0.0688
94475,0,0.0173
94476,0,0.0034
94477,1,0.9812
94478,0,0.0207
94479,0,0.0304
94480,0,0.0044
94481,0,0.0045
94482,0,0.0186
94483,0,0.0648
94484,1,0.9676
94485,0,0.0113
94486,0,0.039
94487,0,0.0585
94488,1,0.9844
94489,0,0.054
94490,0,0.0357
94491,0,0.0138
94492,1,0.9734
94493,0,0.031
94494,0,0.0014
94495,1,0.9107
94496,0,0.0896
94497,0,0.0304
94498,0,0.1122
94499,1,0.8659
94500,0,0.1011
94501,0,0.1584
94502,0,0.0103
94503,0,0.0319
94504,0,0.0296
94505,0,0.0136
94506,0,0.0012
94507,0,0.0201
94508,0,0.0515
94509,0,0.0257
94510,0,0.0046
94511,1,0.7323
94512,0,0.009
94513,0,0.0737
94514,0,0.1091
94515,0,0.1207
94516,0,0.001
94517,0,0.0106
94518,0,0.4417
94519,0,0.107
94520,0,0.0327
94521,0,0.0504
94522,0,0.0547
94523,0,0.0125
94524,0,0.0155
94525,0,0.0965
94526,0,0.0022
94527,0,0.2024
94528,0,0.0526
94529,0,0.0808
94530,1,0.883
94531,0,0.0488
94532,1,0.8927
94533,0,0.0233
94534,0,0.0183
94535,0,0.0069
94536,0,0.0279
94537,0,0.0493
94538,0,0.0215
94539,0,0.0095
94540,1,0.9123
94541,0,0.0053
94542,0,0.1334
94543,0,0.0281
94544,0,0.0558
94545,0,0.0292
94546,0,0.0291
94547,0,0.0069
94548,0,0.0032
94549,0,0.0105
94550,0,0.3713
94551,0,0.0135
94552,1,0.7642
94553,0,0.0384
94554,0,0.065
94555,0,0.0329
94556,0,0.0537
94557,0,0.0217
94558,0,0.0007
94559,0,0.0052
94560,0,0.0128
94561,1,0.936
94562,0,0.2178
94563,0,0.0145
94564,0,0.0114
94565,0,0.1745
94566,0,0.0482
94567,0,0.1954
94568,0,0.0232
94569,0,0.0238
94570,0,0.0192
94571,0,0.0126
94572,0,0.0912
94573,0,0.0089
94574,0,0.0137
94575,0,0.0126
94576,0,0.0086
94577,0,0.0089
94578,1,0.9964
94579,0,0.0449
94580,1,0.978
94581,0,0.0009
94582,0,0.0912
94583,0,0.0785
94584,0,0.1401
94585,0,0.0069
94586,0,0.0096
94587,0,0.0129
94588,0,0.3665
94589,1,0.921
94590,0,0.0728
94591,0,0.0006
94592,0,0.0266
94593,0,0.033
94594,1,0.9812
94595,0,0.0011
94596,0,0.0029
94597,0,0.0492
94598,0,0.011
94599,0,0.0171
94600,0,0.0303
94601,0,0.1296
94602,0,0.0076
94603,0,0.0141
94604,0,0.0081
94605,0,0.0205
94606,0,0.0045
94607,0,0.0055
94608,0,0.0104
94609,0,0.0418
94610,0,0.0158
94611,0,0.0142
94612,0,0.1247
94613,1,0.9523
94614,0,0.0497
94615,0,0.0065
94616,0,0.0489
94617,0,0.0016
94618,0,0.0443
94619,0,0.0877
94620,0,0.1654
94621,0,0.0566
94622,0,0.0336
94623,0,0.0746
94624,0,0.0393
94625,0,0.07
94626,0,0.0013
94627,0,0.017
94628,0,0.0108
94629,0,0.2263
94630,0,0.0032
94631,0,0.0147
94632,0,0.011
94633,0,0.0693
94634,0,0.023
94635,0,0.0132
94636,0,0.0127
94637,0,0.0132
94638,0,0.063
94639,1,0.8608
94640,0,0.0175
94641,0,0.0844
94642,0,0.0337
94643,0,0.3333
94644,0,0.0041
94645,0,0.0158
94646,0,0.0063
94647,0,0.0392
94648,0,0.0055
94649,0,0.0223
94650,0,0.0069
94651,1,0.5803
94652,1,0.9645
94653,0,0.0408
94654,1,0.9562
94655,0,0.0315
94656,0,0.0204
94657,0,0.0081
94658,0,0.2702
94659,0,0.0066
94660,1,0.7569
94661,0,0.0219
94662,0,0.0166
94663,0,0.007
94664,0,0.0341
94665,0,0.0524
94666,0,0.0378
94667,0,0.0064
94668,0,0.0187
94669,0,0.0384
94670,0,0.0028
94671,0,0.0022
94672,0,0.0488
94673,0,0.0335
94674,0,0.0666
94675,1,0.9441
94676,0,0.0205
94677,0,0.006
94678,1,0.928
94679,0,0.0049
94680,0,0.2237
94681,0,0.004
94682,1,0.948
94683,0,0.0072
94684,0,0.1018
94685,0,0.0019
94686,0,0.0785
94687,1,0.9745
94688,0,0.1072
94689,0,0.0314
94690,0,0.068
94691,0,0.0109
94692,0,0.0289
94693,0,0.0033
94694,0,0.0264
94695,0,0.062
94696,0,0.0546
94697,1,0.9109
94698,0,0.0035
94699,0,0.0363
94700,0,0.0125
94701,0,0.025
94702,0,0.0353
94703,0,0.0941
94704,0,0.0352
94705,0,0.1794
94706,0,0.1874
94707,0,0.1414
94708,0,0.0079
94709,0,0.0377
94710,1,0.9418
94711,0,0.0007
94712,1,0.8913
94713,0,0.0564
94714,0,0.1994
94715,0,0.1023
94716,0,0.1345
94717,0,0.0194
94718,0,0.037
94719,0,0.0137
94720,0,0.0278
94721,0,0.0238
94722,0,0.017
94723,0,0.2563
94724,0,0.0059
94725,0,0.0012
94726,0,0.003
94727,0,0.0215
94728,0,0.0389
94729,0,0.0157
94730,0,0.0415
94731,1,0.9788
94732,0,0.0219
94733,0,0.0506
94734,0,0.0695
94735,0,0.0137
94736,1,0.961
94737,0,0.0099
94738,0,0.065
94739,0,0.0236
94740,0,0.0126
94741,0,0.1051
94742,0,0.4338
94743,1,0.8695
94744,0,0.1628
94745,0,0.0027
94746,0,0.341
94747,0,0.0317
94748,0,0.0102
94749,0,0.0052
94750,0,0.0076
94751,0,0.0074
94752,0,0.1629
94753,0,0.0203
94754,0,0.0076
94755,0,0.0455
94756,0,0.0393
94757,0,0.0377
94758,0,0.0282
94759,0,0.0108
94760,0,0.1172
94761,0,0.1463
94762,0,0.046
94763,0,0.0191
94764,0,0.1505
94765,0,0.0315
94766,0,0.2397
94767,0,0.0013
94768,1,0.9515
94769,0,0.2959
94770,0,0.0167
94771,0,0.0077
94772,0,0.0092
94773,0,0.0763
94774,0,0.1536
94775,0,0.01
94776,0,0.0276
94777,0,0.0614
94778,0,0.0129
94779,0,0.0175
94780,0,0.0243
94781,0,0.0018
94782,0,0.0369
94783,0,0.0853
94784,0,0.0263
94785,0,0.0222
94786,0,0.0475
94787,0,0.0016
94788,0,0.1904
94789,0,0.0103
94790,1,0.9625
94791,0,0.0097
94792,1,0.9729
94793,0,0.0114
94794,0,0.0072
94795,0,0.0021
94796,0,0.0334
94797,0,0.0241
94798,0,0.0825
94799,0,0.234
94800,0,0.0134
94801,0,0.0257
94802,1,0.921
94803,0,0.023
94804,0,0.0395
94805,0,0.1251
94806,0,0.0146
94807,0,0.0062
94808,0,0.2257
94809,0,0.0123
94810,0,0.112
94811,0,0.009
94812,0,0.0364
94813,0,0.0074
94814,0,0.175
94815,0,0.0228
94816,0,0.3247
94817,1,0.9113
94818,0,0.0925
94819,0,0.0217
94820,0,0.0152
94821,0,0.0647
94822,0,0.0709
94823,0,0.0633
94824,0,0.005
94825,0,0.0468
94826,1,0.9596
94827,0,0.0173
94828,0,0.0132
94829,0,0.1237
94830,0,0.1318
94831,0,0.0188
94832,1,0.9428
94833,0,0.0327
94834,0,0.0131
94835,0,0.0225
94836,0,0.0089
94837,0,0.2065
94838,0,0.1123
94839,0,0.0232
94840,0,0.1259
94841,0,0.0329
94842,0,0.0075
94843,1,0.9911
94844,0,0.0079
94845,0,0.0365
94846,0,0.0314
94847,0,0.0376
94848,0,0.0286
94849,0,0.0516
94850,0,0.2533
94851,0,0.0132
94852,0,0.0168
94853,0,0.0317
94854,0,0.0194
94855,0,0.0107
94856,0,0.0219
94857,0,0.0453
94858,0,0.1821
94859,0,0.0372
94860,0,0.0279
94861,0,0.0092
94862,0,0.011
94863,0,0.0631
94864,0,0.0133
94865,0,0.0564
94866,0,0.0638
94867,0,0.0068
94868,0,0.0746
94869,1,0.9734
94870,0,0.299
94871,0,0.0139
94872,0,0.0013
94873,0,0.0768
94874,1,0.9798
94875,0,0.0736
94876,0,0.0606
94877,0,0.0112
94878,0,0.0068
94879,0,0.1029
94880,0,0.0431
94881,0,0.0024
94882,0,0.0276
94883,0,0.1163
94884,0,0.0406
94885,0,0.0053
94886,0,0.1721
94887,0,0.0039
94888,0,0.0209
94889,0,0.0074
94890,0,0.0218
94891,0,0.0201
94892,0,0.0314
94893,0,0.0083
94894,0,0.006
94895,0,0.2559
94896,0,0.2512
94897,1,0.9412
94898,0,0.0213
94899,0,0.4368
94900,0,0.0067
94901,0,0.0055
94902,0,0.0298
94903,1,0.9777
94904,0,0.0181
94905,0,0.0078
94906,0,0.0469
94907,0,0.0058
94908,0,0.028
94909,0,0.0811
94910,0,0.0798
94911,0,0.4496
94912,0,0.4769
94913,0,0.0073
94914,0,0.0439
94915,0,0.0649
94916,0,0.0271
94917,0,0.0071
94918,0,0.142
94919,0,0.2156
94920,1,0.9773
94921,0,0.0114
94922,0,0.0042
94923,1,0.9183
94924,0,0.0043
94925,1,0.9698
94926,1,0.7672
94927,0,0.2199
94928,0,0.0171
94929,0,0.0211
94930,0,0.0089
94931,0,0.3448
94932,0,0.002
94933,1,0.9806
94934,0,0.005
94935,0,0.032
94936,0,0.0354
94937,0,0.0127
94938,0,0.0388
94939,0,0.0045
94940,0,0.0235
94941,0,0.0638
94942,0,0.0409
94943,0,0.0019
94944,0,0.0115
94945,0,0.0068
94946,1,0.9734
94947,0,0.008
94948,0,0.0265
94949,0,0.0462
94950,0,0.1987
94951,0,0.0274
94952,0,0.0022
94953,0,0.0019
94954,1,0.957
94955,0,0.0609
94956,0,0.0189
94957,0,0.1654
94958,0,0.018
94959,0,0.0439
94960,0,0.0339
94961,1,0.9696
94962,0,0.0419
94963,0,0.0172
94964,0,0.0133
94965,0,0.0077
94966,0,0.0036
94967,0,0.0126
94968,1,0.9355
94969,0,0.0014
94970,0,0.0631
94971,0,0.0211
94972,1,0.9668
94973,0,0.0704
94974,0,0.1674
94975,0,0.033
94976,0,0.098
94977,0,0.0269
94978,0,0.0555
94979,0,0.0491
94980,0,0.009
94981,0,0.0108
94982,0,0.0549
94983,1,0.9653
94984,0,0.0181
94985,0,0.0424
94986,0,0.0588
94987,0,0.0295
94988,0,0.0457
94989,0,0.0602
94990,0,0.0242
94991,0,0.0447
94992,0,0.2402
94993,0,0.0068
94994,0,0.0103
94995,0,0.2911
94996,0,0.0082
94997,0,0.0155
94998,1,0.9269
94999,0,0.0219
95000,0,0.0127
95001,0,0.0158
95002,0,0.0094
95003,0,0.0838
95004,0,0.0124
95005,0,0.0065
95006,0,0.0124
95007,0,0.0139
95008,0,0.0105
95009,0,0.0066
95010,0,0.1104
95011,0,0.1028
95012,0,0.0082
95013,0,0.2441
95014,0,0.0016
95015,1,0.9915
95016,0,0.0392
95017,0,0.0188
95018,0,0.0082
95019,0,0.0524
95020,1,0.9055
95021,0,0.03
95022,1,0.9713
95023,1,0.9358
95024,0,0.0262
95025,0,0.3057
95026,0,0.0027
95027,0,0.0046
95028,0,0.0095
95029,1,0.5159
95030,0,0.0091
95031,1,0.9636
95032,0,0.0028
95033,0,0.013
95034,0,0.2344
95035,0,0.034
95036,0,0.0068
95037,0,0.0063
95038,0,0.0607
95039,0,0.0078
95040,0,0.0127
95041,0,0.0053
95042,1,0.9438
95043,0,0.0169
95044,0,0.2013
95045,0,0.0026
95046,0,0.0119
95047,0,0.0328
95048,0,0.085
95049,0,0.0778
95050,0,0.0349
95051,0,0.0084
95052,0,0.0185
95053,1,0.9817
95054,0,0.0091
95055,0,0.0309
95056,0,0.1821
95057,0,0.0096
95058,0,0.0135
95059,0,0.0221
95060,0,0.0078
95061,0,0.0777
95062,0,0.0436
95063,0,0.0239
95064,0,0.0537
95065,1,0.9606
95066,0,0.0149
95067,0,0.0299
95068,0,0.0086
95069,1,0.9935
95070,0,0.0189
95071,0,0.0071
95072,0,0.0039
95073,0,0.0274
95074,0,0.0119
95075,0,0.1074
95076,0,0.0093
95077,0,0.0179
95078,0,0.0069
95079,0,0.0027
95080,1,0.942
95081,0,0.0216
95082,0,0.0149
95083,0,0.0323
95084,0,0.2509
95085,0,0.016
95086,0,0.0494
95087,0,0.0138
95088,0,0.0051
95089,0,0.0039
95090,0,0.0372
95091,0,0.0488
95092,0,0.0196
95093,0,0.0225
95094,0,0.0479
95095,1,0.9927
95096,0,0.0055
95097,1,0.8277
95098,1,0.9666
95099,0,0.062
95100,0,0.023
95101,0,0.0711
95102,0,0.0197
95103,0,0.0246
95104,0,0.0684
95105,0,0.0645
95106,0,0.0462
95107,0,0.0084
95108,0,0.0095
95109,0,0.0229
95110,0,0.0071
95111,0,0.0262
95112,0,0.0105
95113,0,0.0055
95114,0,0.0672
95115,1,0.9505
95116,0,0.0071
95117,0,0.0037
95118,0,0.0579
95119,0,0.0094
95120,1,0.9642
95121,0,0.0228
95122,0,0.0265
95123,0,0.0235
95124,0,0.2398
95125,0,0.0615
95126,0,0.0166
95127,0,0.0503
95128,0,0.0345
95129,0,0.2306
95130,0,0.0094
95131,0,0.005
95132,1,0.9684
95133,0,0.0008
95134,0,0.0595
95135,1,0.9643
95136,0,0.0062
95137,0,0.1252
95138,1,0.9614
95139,0,0.0453
95140,0,0.0293
95141,1,0.9589
95142,0,0.0134
95143,1,0.9869
95144,0,0.0286
95145,0,0.1016
95146,0,0.0082
95147,0,0.2124
95148,0,0.0552
95149,0,0.055
95150,1,0.9814
95151,0,0.0143
95152,0,0.0818
95153,0,0.0197
95154,0,0.0863
95155,0,0.0867
95156,0,0.0022
95157,0,0.018
95158,0,0.0033
95159,0,0.0374
95160,0,0.0339
95161,0,0.1488
95162,0,0.0019
95163,0,0.0744
95164,0,0.0333
95165,0,0.0118
95166,0,0.0129
95167,0,0.012
95168,0,0.0118
95169,0,0.174
95170,0,0.063
95171,0,0.0095
95172,0,0.0104
95173,0,0.0111
95174,0,0.0102
95175,0,0.0112
95176,0,0.1314
95177,0,0.0073
95178,0,0.0394
95179,0,0.0179
95180,0,0.0094
95181,1,0.896
95182,1,0.6883
95183,0,0.0288
95184,0,0.0269
95185,0,0.1303
95186,0,0.0205
95187,0,0.0656
95188,0,0.0039
95189,0,0.002
95190,0,0.0383
95191,0,0.0103
95192,0,0.4659
95193,0,0.0237
95194,0,0.0147
95195,0,0.0101
95196,0,0.2503
95197,0,0.026
95198,0,0.0116
95199,0,0.0386
95200,0,0.0202
95201,0,0.1823
95202,0,0.0872
95203,0,0.0805
95204,0,0.0066
95205,0,0.0548
95206,1,0.9617
95207,0,0.02
95208,0,0.0588
95209,0,0.0139
95210,0,0.0524
95211,0,0.0076
95212,0,0.0066
95213,0,0.0277
95214,0,0.2439
95215,0,0.2918
95216,0,0.0121
95217,0,0.0531
95218,0,0.0088
95219,1,0.9614
95220,1,0.8987
95221,0,0.044
95222,1,0.9569
95223,0,0.0093
95224,0,0.0079
95225,0,0.0031
95226,1,0.833
95227,0,0.0021
95228,0,0.0167
95229,0,0.0748
95230,0,0.2154
95231,0,0.0149
95232,0,0.0014
95233,0,0.0011
95234,0,0.1162
95235,0,0.0138
95236,0,0.053
95237,0,0.0235
95238,1,0.977
95239,0,0.1116
95240,0,0.0303
95241,0,0.0139
95242,0,0.0904
95243,0,0.1432
95244,1,0.9839
95245,0,0.0064
95246,0,0.0112
95247,1,0.9033
95248,0,0.0963
95249,1,0.9686
95250,0,0.0403
95251,0,0.0088
95252,1,0.9013
95253,1,0.965
95254,0,0.0039
95255,0,0.1347
95256,0,0.0364
95257,0,0.0475
95258,0,0.0148
95259,0,0.0249
95260,0,0.0178
95261,0,0.0061
95262,1,0.8591
95263,0,0.025
95264,0,0.0195
95265,0,0.0315
95266,0,0.0037
95267,0,0.003
95268,0,0.0091
95269,1,0.9502
95270,0,0.0335
95271,0,0.0516
95272,0,0.0864
95273,0,0.1148
95274,0,0.0102
95275,0,0.0035
95276,1,0.9857
95277,1,0.919
95278,0,0.1494
95279,0,0.0182
95280,0,0.006
95281,0,0.0077
95282,0,0.0315
95283,0,0.012
95284,0,0.0073
95285,0,0.0532
95286,0,0.045
95287,0,0.1269
95288,0,0.0282
95289,0,0.0143
95290,0,0.0117
95291,0,0.0389
95292,0,0.0239
95293,0,0.0203
95294,0,0.0116
95295,0,0.0047
95296,0,0.0418
95297,0,0.0133
95298,0,0.0429
95299,0,0.0116
95300,1,0.7401
95301,1,0.9765
95302,0,0.0016
95303,0,0.2055
95304,0,0.3961
95305,0,0.0052
95306,0,0.0057
95307,0,0.0089
95308,0,0.0243
95309,0,0.0822
95310,0,0.0101
95311,0,0.0149
95312,0,0.0123
95313,0,0.4265
95314,0,0.0205
95315,0,0.0034
95316,1,0.9705
95317,0,0.0106
95318,0,0.177
95319,0,0.0606
95320,0,0.0089
95321,0,0.023
95322,0,0.0744
95323,0,0.1393
95324,0,0.0686
95325,0,0.0232
95326,0,0.0089
95327,1,0.8872
95328,0,0.0061
95329,0,0.0038
95330,0,0.0144
95331,0,0.0341
95332,1,0.975
95333,0,0.1913
95334,0,0.0331
95335,0,0.0021
95336,0,0.0509
95337,0,0.0303
95338,1,0.8621
95339,0,0.0357
95340,0,0.0013
95341,0,0.4348
95342,0,0.01
95343,0,0.0049
95344,0,0.0098
95345,0,0.0145
95346,0,0.0426
95347,0,0.0159
95348,0,0.0277
95349,0,0.0345
95350,0,0.0058
95351,0,0.1393
95352,0,0.0011
95353,0,0.0181
95354,0,0.116
95355,0,0.0122
95356,0,0.0321
95357,0,0.0208
95358,0,0.0151
95359,0,0.0295
95360,0,0.0311
95361,0,0.0298
95362,0,0.0457
95363,0,0.0057
95364,0,0.0221
95365,0,0.1441
95366,1,0.6857
95367,0,0.0159
95368,0,0.0177
95369,0,0.0007
95370,0,0.025
95371,0,0.0396
95372,0,0.0613
95373,0,0.0096
95374,0,0.0239
95375,0,0.0064
95376,0,0.188
95377,0,0.0046
95378,0,0.0819
95379,1,0.9125
95380,0,0.0024
95381,0,0.0081
95382,0,0.0168
95383,0,0.0327
95384,0,0.2586
95385,0,0.176
95386,1,0.9593
95387,0,0.0093
95388,1,0.953
95389,0,0.1424
95390,0,0.0107
95391,0,0.0263
95392,0,0.4128
95393,0,0.0416
95394,0,0.0454
95395,1,0.91
95396,0,0.0377
95397,0,0.2118
95398,0,0.0313
95399,0,0.2719
95400,0,0.0192
95401,0,0.2249
95402,0,0.0844
95403,0,0.0088
95404,0,0.0036
95405,0,0.1128
95406,0,0.0054
95407,0,0.0316
95408,0,0.0271
95409,1,0.9599
95410,0,0.0122
95411,0,0.275
95412,0,0.0137
95413,0,0.2181
95414,0,0.014
95415,0,0.0172
95416,0,0.1932
95417,0,0.0164
95418,1,0.9616
95419,0,0.0106
95420,0,0.0539
95421,0,0.0246
95422,0,0.0147
95423,0,0.023
95424,0,0.0791
95425,0,0.1436
95426,0,0.0355
95427,0,0.0699
95428,0,0.0116
95429,0,0.0012
95430,0,0.0419
95431,0,0.0138
95432,0,0.0503
95433,0,0.0337
95434,0,0.1077
95435,0,0.0193
95436,1,0.896
95437,1,0.9836
95438,0,0.1831
95439,0,0.0137
95440,0,0.1188
95441,0,0.0203
95442,0,0.0188
95443,0,0.0759
95444,0,0.0659
95445,0,0.0612
95446,0,0.0031
95447,0,0.0052
95448,0,0.0033
95449,0,0.0121
95450,0,0.0554
95451,0,0.094
95452,0,0.0029
95453,0,0.2961
95454,1,0.9856
95455,0,0.032
95456,0,0.0223
95457,0,0.4112
95458,0,0.0288
95459,0,0.0193
95460,0,0.0108
95461,0,0.0204
95462,1,0.9578
95463,0,0.0138
95464,0,0.1037
95465,0,0.2102
95466,0,0.0142
95467,0,0.0117
95468,0,0.0074
95469,1,0.9749
95470,0,0.0089
95471,0,0.1122
95472,0,0.0338
95473,0,0.0339
95474,0,0.0704
95475,0,0.0706
95476,0,0.0496
95477,0,0.1318
95478,0,0.0197
95479,0,0.3897
95480,0,0.4933
95481,0,0.0059
95482,0,0.021
95483,0,0.0123
95484,0,0.0033
95485,0,0.0085
95486,0,0.0185
95487,0,0.0475
95488,0,0.01
95489,0,0.0836
95490,0,0.011
95491,1,0.9972
95492,0,0.0106
95493,0,0.0674
95494,0,0.0343
95495,0,0.0098
95496,0,0.1267
95497,0,0.0747
95498,1,0.9832
95499,0,0.069
95500,0,0.0222
95501,0,0.0302
95502,0,0.0215
95503,0,0.0368
95504,1,0.7666
95505,1,0.8941
95506,0,0.0099
95507,0,0.0416
95508,0,0.0399
95509,1,0.9933
95510,0,0.013
95511,1,0.9677
95512,0,0.0125
95513,1,0.9544
95514,0,0.0065
95515,0,0.0431
95516,0,0.0818
95517,0,0.0348
95518,1,0.9902
95519,0,0.0098
95520,0,0.0375
95521,0,0.1019
95522,0,0.0575
95523,0,0.0429
95524,0,0.063
95525,0,0.0232
95526,0,0.0415
95527,0,0.0012
95528,0,0.2304
95529,0,0.0128
95530,0,0.0468
95531,1,0.8881
95532,0,0.0101
95533,0,0.0059
95534,1,0.9537
95535,0,0.1316
95536,0,0.0104
95537,0,0.0508
95538,0,0.0358
95539,0,0.3556
95540,0,0.006
95541,0,0.188
95542,0,0.1176
95543,0,0.0538
95544,0,0.0195
95545,0,0.0308
95546,0,0.0098
95547,0,0.0072
95548,0,0.025
95549,0,0.0339
95550,1,0.9444
95551,0,0.033
95552,0,0.0184
95553,0,0.0138
95554,0,0.0105
95555,0,0.127
95556,0,0.1222
95557,0,0.0163
95558,0,0.0055
95559,0,0.216
95560,0,0.0141
95561,0,0.1229
95562,0,0.0168
95563,0,0.0088
95564,0,0.0219
95565,1,0.9672
95566,0,0.1393
95567,0,0.0048
95568,0,0.0815
95569,0,0.0009
95570,0,0.0278
95571,0,0.0019
95572,0,0.0279
95573,1,0.9497
95574,0,0.0087
95575,0,0.0499
95576,0,0.018
95577,0,0.0252
95578,0,0.0288
95579,0,0.0104
95580,0,0.0076
95581,0,0.1601
95582,1,0.7916
95583,0,0.018
95584,0,0.0212
95585,0,0.0199
95586,0,0.0248
95587,0,0.0798
95588,0,0.0101
95589,0,0.0427
95590,0,0.0185
95591,1,0.7583
95592,0,0.0614
95593,1,0.965
95594,0,0.2176
95595,0,0.0033
95596,0,0.0193
95597,0,0.0228
95598,0,0.0405
95599,0,0.3809
95600,0,0.0083
95601,0,0.0132
95602,0,0.0038
95603,0,0.2571
95604,0,0.0123
95605,0,0.026
95606,1,0.8605
95607,1,0.918
95608,0,0.0043
95609,0,0.0457
95610,0,0.0222
95611,0,0.0124
95612,1,0.9643
95613,1,0.9841
95614,0,0.0199
95615,0,0.029
95616,0,0.0216
95617,0,0.0072
95618,0,0.0266
95619,0,0.0593
95620,0,0.0063
95621,0,0.0121
95622,0,0.0215
95623,0,0.022
95624,0,0.033
95625,0,0.0154
95626,0,0.0146
95627,0,0.0165
95628,0,0.0551
95629,0,0.0134
95630,0,0.0087
95631,0,0.0113
95632,1,0.9756
95633,0,0.0343
95634,0,0.0245
95635,1,0.9163
95636,0,0.0489
95637,0,0.0183
95638,0,0.003
95639,0,0.0295
95640,1,0.964
95641,0,0.0045
95642,0,0.0142
95643,0,0.0507
95644,0,0.0182
95645,0,0.0236
95646,0,0.0387
95647,0,0.0065
95648,0,0.0426
95649,0,0.1165
95650,0,0.0021
95651,0,0.0054
95652,0,0.0053
95653,0,0.0113
95654,0,0.0184
95655,0,0.0126
95656,0,0.1749
95657,0,0.0123
95658,0,0.0513
95659,0,0.1215
95660,0,0.005
95661,0,0.076
95662,0,0.0311
95663,0,0.1222
95664,0,0.2293
95665,0,0.0085
95666,0,0.0021
95667,0,0.0158
95668,1,0.9085
95669,0,0.0485
95670,0,0.0278
95671,0,0.0052
95672,0,0.0086
95673,0,0.0074
95674,0,0.0672
95675,1,0.9585
95676,0,0.0521
95677,0,0.0476
95678,0,0.1151
95679,0,0.0034
95680,1,0.9885
95681,0,0.0909
95682,0,0.0095
95683,0,0.0447
95684,0,0.0155
95685,1,0.7868
95686,0,0.0201
95687,0,0.0064
95688,0,0.0538
95689,1,0.9673
95690,0,0.0335
95691,0,0.015
95692,0,0.0125
95693,0,0.0086
95694,0,0.0256
95695,0,0.0043
95696,0,0.0131
95697,0,0.0146
95698,0,0.0475
95699,0,0.0065
95700,0,0.0518
95701,0,0.0098
95702,0,0.006
95703,0,0.0384
95704,0,0.0089
95705,0,0.0447
95706,0,0.1073
95707,0,0.0425
95708,0,0.0486
95709,0,0.1213
95710,0,0.1009
95711,0,0.0209
95712,0,0.0166
95713,0,0.0009
95714,0,0.0011
95715,0,0.009
95716,0,0.0084
95717,0,0.0904
95718,0,0.0164
95719,0,0.0304
95720,0,0.0236
95721,0,0.1781
95722,0,0.0052
95723,0,0.0052
95724,0,0.1752
95725,0,0.0285
95726,0,0.0977
95727,0,0.0103
95728,0,0.0639
95729,0,0.1214
95730,0,0.0435
95731,0,0.0589
95732,0,0.0099
95733,0,0.2854
95734,0,0.0312
95735,0,0.0233
95736,0,0.0214
95737,0,0.0703
95738,0,0.0131
95739,0,0.0041
95740,0,0.0376
95741,0,0.0902
95742,1,0.9575
95743,0,0.0072
95744,0,0.0769
95745,0,0.0684
95746,0,0.0035
95747,0,0.0154
95748,0,0.2336
95749,0,0.0244
95750,0,0.0026
95751,1,0.9139
95752,0,0.1128
95753,0,0.0035
95754,1,0.9669
95755,0,0.3184
95756,0,0.0064
95757,0,0.0158
95758,1,0.9601
95759,0,0.0953
95760,0,0.0662
95761,0,0.0166
95762,0,0.0039
95763,0,0.0152
95764,1,0.8651
95765,0,0.0318
95766,0,0.0052
95767,0,0.0185
95768,0,0.0098
95769,0,0.0409
95770,0,0.134
95771,0,0.0145
95772,0,0.0032
95773,0,0.0198
95774,1,0.9812
95775,0,0.0855
95776,0,0.0044
95777,1,0.9559
95778,0,0.0125
95779,0,0.0083
95780,0,0.3513
95781,0,0.005
95782,0,0.3272
95783,0,0.0121
95784,0,0.0081
95785,0,0.1557
95786,0,0.0032
95787,0,0.1238
95788,0,0.043
95789,0,0.014
95790,0,0.0044
95791,0,0.026
95792,0,0.021
95793,0,0.0614
95794,0,0.0115
95795,0,0.0037
95796,0,0.0066
95797,0,0.0016
95798,0,0.0089
95799,0,0.0166
95800,0,0.0412
95801,0,0.0055
95802,0,0.0351
95803,0,0.0208
95804,0,0.2445
95805,0,0.0256
95806,0,0.0106
95807,0,0.0411
95808,1,0.966
95809,0,0.0468
95810,1,0.97
95811,0,0.0689
95812,0,0.1342
95813,0,0.017
95814,0,0.0118
95815,0,0.0366
95816,1,0.9674
95817,0,0.0658
95818,0,0.0014
95819,0,0.0063
95820,0,0.0022
95821,1,0.9339
95822,0,0.1919
95823,0,0.0024
95824,0,0.0131
95825,0,0.0068
95826,0,0.0136
95827,0,0.0222
95828,0,0.0335
95829,1,0.929
95830,0,0.0285
95831,0,0.0014
95832,0,0.0233
95833,1,0.8621
95834,0,0.0334
95835,0,0.0212
95836,0,0.0025
95837,0,0.0437
95838,0,0.0085
95839,0,0.0014
95840,0,0.0332
95841,0,0.1884
95842,0,0.0357
95843,1,0.8693
95844,0,0.013
95845,1,0.9532
95846,0,0.0167
95847,0,0.0064
95848,0,0.0443
95849,0,0.015
95850,0,0.0084
95851,0,0.009
95852,0,0.0228
95853,0,0.0028
95854,0,0.0355
95855,1,0.9794
95856,0,0.0113
95857,0,0.012
95858,1,0.9766
95859,0,0.1494
95860,0,0.0117
95861,1,0.9443
95862,0,0.0176
95863,0,0.0456
95864,0,0.0546
95865,0,0.0294
95866,0,0.0523
95867,0,0.0029
95868,0,0.157
95869,0,0.1311
95870,0,0.0173
95871,0,0.01
95872,0,0.0186
95873,0,0.0128
95874,0,0.0109
95875,0,0.2895
95876,0,0.0757
95877,0,0.0588
95878,0,0.015
95879,0,0.0286
95880,0,0.112
95881,0,0.0116
95882,0,0.2055
95883,0,0.0038
95884,0,0.1668
95885,0,0.0478
95886,0,0.0709
95887,0,0.0117
95888,0,0.1269
95889,0,0.0198
95890,0,0.0085
95891,0,0.0113
95892,0,0.0128
95893,0,0.2644
95894,0,0.0105
95895,0,0.3892
95896,0,0.0087
95897,0,0.0054
95898,0,0.0076
95899,0,0.0362
95900,0,0.0508
95901,0,0.0411
95902,0,0.0176
95903,0,0.3032
95904,0,0.024
95905,1,0.9879
95906,0,0.0078
95907,0,0.0489
95908,0,0.0129
95909,0,0.0155
95910,0,0.1228
95911,0,0.0071
95912,0,0.0377
95913,0,0.0292
95914,0,0.0616
95915,0,0.0324
95916,0,0.1356
95917,1,0.8488
95918,0,0.0324
95919,1,0.948
95920,0,0.0089
95921,0,0.0143
95922,0,0.0375
95923,0,0.1475
95924,0,0.0613
95925,1,0.9585
95926,0,0.0847
95927,0,0.2349
95928,0,0.0194
95929,0,0.0263
95930,0,0.0275
95931,0,0.2318
95932,0,0.0283
95933,0,0.0293
95934,0,0.0082
95935,0,0.018
95936,0,0.0195
95937,0,0.0332
95938,0,0.0143
95939,0,0.0065
95940,0,0.0358
95941,1,0.8305
95942,0,0.1198
95943,0,0.0098
95944,0,0.0463
95945,0,0.0404
95946,0,0.038
95947,0,0.0312
95948,0,0.0067
95949,0,0.0008
95950,0,0.0715
95951,0,0.0193
95952,0,0.0278
95953,1,0.8835
95954,0,0.0039
95955,1,0.9777
95956,0,0.0015
95957,0,0.4121
95958,1,0.9721
95959,0,0.0237
95960,0,0.0995
95961,0,0.0069
95962,0,0.0129
95963,0,0.0021
95964,0,0.0251
95965,0,0.0237
95966,0,0.1673
95967,0,0.0097
95968,1,0.9267
95969,0,0.019
95970,0,0.0026
95971,0,0.0048
95972,0,0.0944
95973,0,0.0368
95974,0,0.0114
95975,0,0.0181
95976,0,0.0066
95977,0,0.1162
95978,0,0.0118
95979,1,0.9801
95980,0,0.0114
95981,0,0.0015
95982,0,0.0893
95983,0,0.0174
95984,0,0.0688
95985,0,0.0065
95986,0,0.0232
95987,0,0.042
95988,0,0.009
95989,0,0.0262
95990,0,0.0509
95991,0,0.1791
95992,0,0.0082
95993,0,0.0515
95994,0,0.0179
95995,0,0.0049
95996,0,0.0071
95997,0,0.1106
95998,0,0.0068
95999,0,0.0668
96000,0,0.0225
96001,0,0.0065
96002,0,0.0796
96003,0,0.0051
96004,1,0.9793
96005,0,0.0137
96006,0,0.0096
96007,0,0.0086
96008,0,0.0081
96009,0,0.0034
96010,0,0.0595
96011,0,0.0123
96012,0,0.0155
96013,0,0.0867
96014,0,0.008
96015,0,0.0132
96016,0,0.2197
96017,1,0.9584
96018,0,0.0122
96019,0,0.047
96020,0,0.0095
96021,0,0.015
96022,0,0.004
96023,0,0.0414
96024,0,0.0099
96025,0,0.0638
96026,0,0.3633
96027,0,0.0118
96028,0,0.0103
96029,0,0.0092
96030,0,0.0066
96031,1,0.9632
96032,1,0.9633
96033,0,0.0293
96034,1,0.7903
96035,0,0.0761
96036,1,0.9512
96037,0,0.0716
96038,0,0.0471
96039,1,0.9749
96040,0,0.0444
96041,0,0.0177
96042,0,0.0048
96043,0,0.0061
96044,0,0.0112
96045,0,0.011
96046,0,0.0115
96047,1,0.8893
96048,0,0.0528
96049,0,0.0131
96050,0,0.0976
96051,0,0.2329
96052,0,0.0147
96053,0,0.0258
96054,0,0.0154
96055,0,0.0335
96056,0,0.0042
96057,0,0.0419
96058,0,0.0529
96059,0,0.0539
96060,0,0.0516
96061,0,0.0155
96062,0,0.0139
96063,0,0.0076
96064,0,0.0096
96065,0,0.0122
96066,0,0.0209
96067,0,0.0138
96068,0,0.0159
96069,0,0.0087
96070,0,0.0366
96071,0,0.0564
96072,0,0.0089
96073,0,0.036
96074,0,0.0007
96075,0,0.0118
96076,0,0.0961
96077,0,0.0793
96078,1,0.9835
96079,0,0.0306
96080,0,0.0113
96081,0,0.0451
96082,0,0.0625
96083,0,0.026
96084,1,0.9849
96085,0,0.021
96086,1,0.8672
96087,0,0.0282
96088,0,0.0177
96089,0,0.0241
96090,0,0.0107
96091,0,0.014
96092,0,0.0053
96093,1,0.9546
96094,0,0.0204
96095,0,0.0124
96096,0,0.0352
96097,0,0.0132
96098,0,0.0208
96099,0,0.0075
96100,0,0.0253
96101,0,0.0625
96102,0,0.0633
96103,0,0.0534
96104,0,0.0912
96105,0,0.0247
96106,0,0.007
96107,0,0.2105
96108,0,0.0038
96109,0,0.0342
96110,1,0.9814
96111,0,0.0251
96112,0,0.0202
96113,0,0.2213
96114,0,0.1099
96115,0,0.0076
96116,0,0.0829
96117,0,0.011
96118,0,0.0077
96119,0,0.0077
96120,0,0.0052
96121,0,0.0092
96122,0,0.0112
96123,0,0.0524
96124,0,0.015
96125,0,0.0122
96126,0,0.0971
96127,1,0.9455
96128,0,0.0439
96129,0,0.0308
96130,1,0.9143
96131,0,0.0371
96132,0,0.0247
96133,0,0.0034
96134,0,0.0263
96135,0,0.0178
96136,0,0.0136
96137,0,0.0781
96138,1,0.9535
96139,1,0.7597
96140,0,0.0138
96141,0,0.0115
96142,0,0.0052
96143,0,0.1417
96144,0,0.0013
96145,0,0.0421
96146,0,0.1508
96147,1,0.926
96148,0,0.1819
96149,0,0.0023
96150,0,0.0329
96151,0,0.029
96152,0,0.0059
96153,1,0.9533
96154,0,0.3597
96155,0,0.0364
96156,0,0.0403
96157,0,0.0112
96158,0,0.024
96159,0,0.1013
96160,0,0.0101
96161,0,0.0101
96162,0,0.0102
96163,0,0.0236
96164,0,0.0172
96165,0,0.0177
96166,0,0.011
96167,0,0.0139
96168,0,0.0329
96169,0,0.0457
96170,1,0.9756
96171,0,0.0065
96172,0,0.055
96173,0,0.0076
96174,0,0.0062
96175,1,0.7565
96176,0,0.0426
96177,0,0.0117
96178,0,0.035
96179,0,0.0009
96180,0,0.0056
96181,0,0.0478
96182,0,0.0098
96183,0,0.0202
96184,0,0.041
96185,0,0.0243
96186,0,0.0021
96187,1,0.9802
96188,0,0.0854
96189,0,0.0572
96190,0,0.0206
96191,0,0.0251
96192,0,0.0373
96193,1,0.9744
96194,0,0.0135
96195,0,0.0289
96196,1,0.5677
96197,0,0.0419
96198,1,0.9744
96199,0,0.0023
96200,1,0.9553
96201,0,0.0749
96202,0,0.0066
96203,0,0.0075
96204,0,0.02
96205,0,0.0209
96206,0,0.0087
96207,0,0.0101
96208,0,0.0311
96209,0,0.0165
96210,0,0.0272
96211,0,0.0291
96212,0,0.0685
96213,0,0.0312
96214,0,0.1598
96215,0,0.0097
96216,0,0.076
96217,0,0.0099
96218,0,0.0501
96219,0,0.0187
96220,0,0.0038
96221,0,0.0601
96222,0,0.0309
96223,0,0.0095
96224,0,0.0169
96225,1,0.944
96226,1,0.9817
96227,0,0.0497
96228,1,0.922
96229,0,0.0033
96230,0,0.0094
96231,0,0.0138
96232,0,0.1077
96233,0,0.0324
96234,0,0.0173
96235,0,0.0097
96236,0,0.0124
96237,0,0.032
96238,0,0.0202
96239,0,0.0661
96240,0,0.003
96241,0,0.309
96242,0,0.015
96243,0,0.0233
96244,0,0.0227
96245,0,0.0114
96246,0,0.0407
96247,1,0.979
96248,0,0.0064
96249,0,0.2177
96250,0,0.0113
96251,0,0.059
96252,0,0.0051
96253,0,0.0386
96254,0,0.005
96255,0,0.0318
96256,0,0.024
96257,0,0.0126
96258,0,0.0155
96259,0,0.014
96260,0,0.0008
96261,0,0.0259
96262,0,0.0204
96263,0,0.0222
96264,0,0.0389
96265,0,0.0507
96266,0,0.0308
96267,1,0.9236
96268,0,0.0158
96269,0,0.0091
96270,0,0.0064
96271,1,0.9548
96272,0,0.034
96273,0,0.0411
96274,0,0.0071
96275,0,0.2086
96276,1,0.9498
96277,0,0.018
96278,0,0.0887
96279,0,0.1286
96280,0,0.0215
96281,0,0.3163
96282,0,0.0106
96283,0,0.1335
96284,0,0.0275
96285,1,0.9841
96286,0,0.0778
96287,0,0.0123
96288,0,0.0062
96289,0,0.0205
96290,0,0.0011
96291,0,0.0246
96292,0,0.0169
96293,0,0.077
96294,0,0.1018
96295,0,0.0339
96296,0,0.0195
96297,0,0.0508
96298,0,0.0117
96299,0,0.2089
96300,0,0.0047
96301,0,0.0123
96302,0,0.0113
96303,0,0.0208
96304,1,0.9782
96305,0,0.0128
96306,0,0.0055
96307,0,0.0086
96308,0,0.0765
96309,0,0.0127
96310,0,0.0195
96311,0,0.0363
96312,0,0.0318
96313,0,0.1351
96314,0,0.0207
96315,0,0.0702
96316,0,0.0151
96317,0,0.1479
96318,0,0.0031
96319,0,0.0301
96320,0,0.1352
96321,0,0.007
96322,0,0.0194
96323,0,0.4316
96324,0,0.0078
96325,0,0.054
96326,0,0.027
96327,0,0.0094
96328,0,0.0216
96329,0,0.1273
96330,0,0.0371
96331,0,0.0558
96332,0,0.0388
96333,0,0.0395
96334,0,0.2482
96335,0,0.0403
96336,0,0.0093
96337,0,0.0023
96338,0,0.0215
96339,0,0.0186
96340,0,0.0101
96341,0,0.032
96342,0,0.1384
96343,0,0.0337
96344,0,0.03
96345,0,0.0499
96346,0,0.0781
96347,0,0.0019
96348,0,0.0057
96349,0,0.2896
96350,0,0.0385
96351,1,0.9585
96352,0,0.0074
96353,0,0.015
96354,0,0.0186
96355,1,0.8751
96356,0,0.1152
96357,0,0.0423
96358,0,0.0184
96359,0,0.3356
96360,0,0.0025
96361,0,0.0113
96362,0,0.0921
96363,0,0.0283
96364,1,0.6814
96365,0,0.0042
96366,0,0.007
96367,0,0.2155
96368,1,0.9668
96369,0,0.0316
96370,0,0.0226
96371,0,0.0088
96372,0,0.02
96373,0,0.0067
96374,0,0.0252
96375,0,0.0198
96376,0,0.0046
96377,0,0.0934
96378,0,0.0086
96379,0,0.0041
96380,0,0.011
96381,0,0.0059
96382,0,0.0241
96383,1,0.9362
96384,0,0.0422
96385,0,0.012
96386,0,0.0224
96387,0,0.0008
96388,0,0.0113
96389,0,0.0032
96390,0,0.0026
96391,0,0.0097
96392,0,0.0537
96393,0,0.0353
96394,1,0.9893
96395,0,0.0393
96396,0,0.0138
96397,0,0.0081
96398,0,0.0138
96399,0,0.2055
96400,0,0.0123
96401,0,0.0064
96402,0,0.4238
96403,0,0.0878
96404,0,0.0406
96405,1,0.991
96406,0,0.0127
96407,0,0.0135
96408,0,0.0123
96409,0,0.0526
96410,0,0.0099
96411,0,0.0047
96412,0,0.0273
96413,0,0.0643
96414,0,0.0051
96415,0,0.0096
96416,0,0.1485
96417,0,0.0155
96418,0,0.0841
96419,0,0.0319
96420,0,0.067
96421,0,0.054
96422,1,0.9851
96423,0,0.067
96424,0,0.031
96425,0,0.0354
96426,0,0.1019
96427,0,0.0776
96428,0,0.1329
96429,0,0.1024
96430,0,0.0431
96431,0,0.0061
96432,0,0.1103
96433,0,0.0018
96434,0,0.0203
96435,0,0.0121
96436,0,0.049
96437,0,0.008
96438,0,0.2399
96439,0,0.4694
96440,0,0.0063
96441,0,0.0088
96442,0,0.0044
96443,0,0.0459
96444,0,0.0212
96445,0,0.0348
96446,0,0.0123
96447,1,0.866
96448,0,0.0184
96449,0,0.002
96450,0,0.1848
96451,0,0.0144
96452,0,0.2553
96453,0,0.0593
96454,0,0.0063
96455,0,0.0959
96456,0,0.018
96457,0,0.0648
96458,0,0.019
96459,0,0.0071
96460,0,0.0128
96461,0,0.0575
96462,0,0.0658
96463,1,0.9515
96464,0,0.0235
96465,0,0.0651
96466,0,0.0096
96467,0,0.0075
96468,1,0.9783
96469,0,0.0216
96470,0,0.0152
96471,0,0.0086
96472,0,0.0219
96473,0,0.009
96474,0,0.0026
96475,0,0.1244
96476,0,0.05
96477,0,0.0123
96478,0,0.0138
96479,0,0.1578
96480,0,0.0106
96481,1,0.9788
96482,0,0.0103
96483,0,0.0126
96484,0,0.0226
96485,0,0.0676
96486,0,0.0249
96487,0,0.0129
96488,0,0.1993
96489,0,0.0167
96490,0,0.0018
96491,0,0.0045
96492,0,0.4441
96493,1,0.9896
96494,0,0.0413
96495,0,0.0065
96496,0,0.0212
96497,0,0.027
96498,0,0.0099
96499,0,0.0281
96500,0,0.2917
96501,0,0.0126
96502,0,0.1035
96503,0,0.0068
96504,0,0.0153
96505,0,0.008
96506,0,0.027
96507,1,0.6745
96508,0,0.2744
96509,0,0.0057
96510,0,0.245
96511,1,0.9105
96512,0,0.0147
96513,0,0.0668
96514,0,0.0109
96515,0,0.0166
96516,0,0.2297
96517,0,0.0275
96518,1,0.8128
96519,0,0.0336
96520,0,0.0209
96521,0,0.072
96522,0,0.0097
96523,0,0.0187
96524,0,0.0293
96525,0,0.0205
96526,0,0.0058
96527,0,0.0063
96528,0,0.0538
96529,0,0.0227
96530,0,0.0048
96531,0,0.0149
96532,1,0.9499
96533,0,0.0353
96534,1,0.7957
96535,0,0.1067
96536,1,0.8615
96537,0,0.1397
96538,0,0.0822
96539,0,0.1836
96540,0,0.0052
96541,0,0.0047
96542,0,0.0061
96543,0,0.0779
96544,0,0.0044
96545,1,0.9791
96546,0,0.0549
96547,0,0.0153
96548,0,0.0488
96549,0,0.1104
96550,0,0.0243
96551,0,0.0026
96552,0,0.0578
96553,0,0.0044
96554,1,0.7263
96555,0,0.0188
96556,0,0.0057
96557,0,0.0164
96558,1,0.9805
96559,0,0.0091
96560,1,0.835
96561,0,0.0335
96562,0,0.0068
96563,0,0.0015
96564,0,0.04
96565,0,0.1355
96566,0,0.0156
96567,0,0.0235
96568,0,0.0133
96569,0,0.4045
96570,0,0.0089
96571,0,0.0641
96572,0,0.0165
96573,0,0.0015
96574,0,0.1652
96575,0,0.0122
96576,0,0.0328
96577,0,0.347
96578,0,0.0103
96579,0,0.0277
96580,0,0.0065
96581,0,0.0263
96582,0,0.0773
96583,0,0.0389
96584,0,0.029
96585,0,0.0251
96586,0,0.0476
96587,0,0.0233
96588,0,0.0833
96589,0,0.0054
96590,0,0.0186
96591,0,0.0951
96592,0,0.056
96593,0,0.0012
96594,0,0.0355
96595,0,0.109
96596,0,0.2018
96597,0,0.0344
96598,0,0.0015
96599,0,0.0959
96600,0,0.0329
96601,0,0.0399
96602,0,0.1622
96603,0,0.0744
96604,0,0.0418
96605,0,0.0539
96606,0,0.0163
96607,0,0.011
96608,0,0.1249
96609,0,0.0029
96610,0,0.034
96611,0,0.0099
96612,0,0.231
96613,0,0.1979
96614,0,0.0566
96615,0,0.1269
96616,0,0.0065
96617,0,0.3354
96618,0,0.0288
96619,0,0.0113
96620,0,0.022
96621,0,0.0014
96622,0,0.3026
96623,0,0.0077
96624,0,0.0947
96625,0,0.0104
96626,0,0.0398
96627,0,0.0823
96628,0,0.0328
96629,0,0.0186
96630,0,0.019
96631,0,0.0019
96632,0,0.0665
96633,0,0.0113
96634,0,0.034
96635,0,0.0134
96636,0,0.0051
96637,0,0.0054
96638,0,0.0103
96639,0,0.0013
96640,0,0.0083
96641,0,0.0042
96642,0,0.0026
96643,0,0.0528
96644,0,0.0064
96645,0,0.0552
96646,0,0.0611
96647,0,0.0498
96648,0,0.0181
96649,0,0.4401
96650,0,0.0177
96651,1,0.9414
96652,1,0.8962
96653,0,0.0062
96654,0,0.0713
96655,0,0.0095
96656,0,0.005
96657,0,0.0123
96658,0,0.2656
96659,1,0.9861
96660,0,0.0612
96661,1,0.9786
96662,0,0.0158
96663,0,0.0577
96664,0,0.0136
96665,0,0.1521
96666,0,0.007
96667,0,0.0484
96668,0,0.0409
96669,0,0.0064
96670,1,0.9523
96671,0,0.0107
96672,0,0.0021
96673,0,0.0064
96674,0,0.1931
96675,0,0.0374
96676,0,0.0722
96677,1,0.9686
96678,0,0.0359
96679,0,0.0035
96680,0,0.0073
96681,0,0.2897
96682,0,0.0089
96683,0,0.0152
96684,0,0.0464
96685,0,0.0084
96686,1,0.9444
96687,0,0.0604
96688,1,0.7658
96689,1,0.9946
96690,0,0.0078
96691,0,0.0293
96692,0,0.0716
96693,0,0.0916
96694,0,0.0102
96695,0,0.0065
96696,0,0.0313
96697,0,0.0092
96698,0,0.092
96699,0,0.0038
96700,0,0.0311
96701,0,0.001
96702,0,0.0285
96703,0,0.011
96704,0,0.0029
96705,0,0.0208
96706,0,0.0125
96707,0,0.1787
96708,0,0.0058
96709,0,0.0044
96710,1,0.8588
96711,0,0.1167
96712,0,0.0453
96713,0,0.0103
96714,0,0.0237
96715,0,0.0667
96716,0,0.0134
96717,0,0.0708
96718,0,0.0013
96719,0,0.0124
96720,0,0.0313
96721,0,0.2408
96722,0,0.0265
96723,0,0.0032
96724,0,0.0028
96725,1,0.9633
96726,0,0.0048
96727,0,0.0284
96728,0,0.0157
96729,0,0.0017
96730,1,0.8904
96731,0,0.0012
96732,0,0.0133
96733,0,0.0063
96734,0,0.0013
96735,0,0.0086
96736,1,0.9788
96737,0,0.0041
96738,0,0.0155
96739,0,0.0161
96740,1,0.6541
96741,0,0.0313
96742,0,0.0081
96743,0,0.0058
96744,0,0.0372
96745,0,0.053
96746,0,0.0102
96747,0,0.2074
96748,0,0.0102
96749,0,0.0098
96750,0,0.006
96751,1,0.9652
96752,0,0.0125
96753,0,0.009
96754,0,0.0338
96755,0,0.1832
96756,1,0.9699
96757,0,0.0061
96758,0,0.0082
96759,0,0.0048
96760,0,0.159
96761,1,0.8344
96762,0,0.0038
96763,0,0.0999
96764,0,0.0075
96765,0,0.0366
96766,0,0.0139
96767,0,0.0064
96768,0,0.2346
96769,0,0.0036
96770,0,0.0096
96771,0,0.0014
96772,0,0.0428
96773,0,0.2592
96774,0,0.1364
96775,0,0.234
96776,0,0.0761
96777,0,0.0144
96778,0,0.018
96779,0,0.1059
96780,0,0.0255
96781,0,0.2625
96782,0,0.0034
96783,0,0.0686
96784,0,0.0357
96785,0,0.0104
96786,1,0.9875
96787,1,0.8193
96788,0,0.0047
96789,1,0.8949
96790,0,0.2783
96791,0,0.0115
96792,0,0.012
96793,1,0.8265
96794,0,0.0139
96795,0,0.1676
96796,0,0.0169
96797,0,0.0088
96798,0,0.0693
96799,0,0.026
96800,0,0.0065
96801,0,0.0521
96802,0,0.0034
96803,0,0.0114
96804,0,0.0015
96805,1,0.8836
96806,1,0.9757
96807,0,0.1035
96808,0,0.0436
96809,0,0.008
96810,0,0.0092
96811,0,0.0072
96812,0,0.0097
96813,1,0.8807
96814,0,0.0166
96815,0,0.0734
96816,0,0.0956
96817,0,0.0071
96818,0,0.0169
96819,0,0.0039
96820,1,0.8921
96821,0,0.0194
96822,0,0.0023
96823,0,0.0366
96824,0,0.0544
96825,0,0.024
96826,0,0.1526
96827,0,0.0221
96828,1,0.7911
96829,0,0.0034
96830,0,0.2372
96831,0,0.0228
96832,0,0.0166
96833,0,0.0425
96834,0,0.0381
96835,0,0.0268
96836,1,0.9497
96837,0,0.1272
96838,0,0.0935
96839,0,0.0062
96840,0,0.1339
96841,0,0.01
96842,0,0.1007
96843,0,0.0505
96844,0,0.117
96845,0,0.0064
96846,1,0.9518
96847,1,0.9135
96848,0,0.0383
96849,0,0.0083
96850,0,0.0174
96851,0,0.1565
96852,0,0.0271
96853,1,0.9887
96854,0,0.0009
96855,0,0.0186
96856,1,0.8974
96857,0,0.0188
96858,0,0.0504
96859,0,0.0894
96860,0,0.0444
96861,1,0.8875
96862,0,0.0246
96863,1,0.9416
96864,0,0.0154
96865,0,0.2191
96866,0,0.0134
96867,0,0.0095
96868,0,0.0155
96869,0,0.0559
96870,0,0.0372
96871,0,0.009
96872,0,0.0133
96873,1,0.9207
96874,0,0.0094
96875,0,0.0153
96876,0,0.0135
96877,0,0.1629
96878,0,0.0552
96879,0,0.0057
96880,0,0.091
96881,1,0.9329
96882,0,0.0387
96883,0,0.141
96884,0,0.015
96885,0,0.0109
96886,0,0.0062
96887,0,0.1523
96888,0,0.0512
96889,0,0.0064
96890,0,0.0049
96891,0,0.0092
96892,0,0.0106
96893,0,0.0087
96894,0,0.0099
96895,0,0.0979
96896,0,0.0078
96897,0,0.0222
96898,0,0.2486
96899,0,0.1192
96900,0,0.2316
96901,0,0.0017
96902,0,0.0183
96903,0,0.0012
96904,0,0.259
96905,0,0.0138
96906,1,0.9256
96907,0,0.0316
96908,0,0.0012
96909,0,0.0727
96910,0,0.0078
96911,0,0.0511
96912,0,0.005
96913,0,0.0292
96914,0,0.0145
96915,0,0.0273
96916,0,0.0376
96917,1,0.7185
96918,0,0.0007
96919,0,0.0969
96920,0,0.04
96921,0,0.0251
96922,0,0.005
96923,0,0.0516
96924,0,0.016
96925,0,0.0209
96926,0,0.0396
96927,0,0.0582
96928,0,0.045
96929,0,0.1256
96930,0,0.0246
96931,0,0.0174
96932,0,0.0074
96933,0,0.0312
96934,0,0.0558
96935,0,0.0134
96936,0,0.0467
96937,0,0.0179
96938,0,0.0112
96939,1,0.984
96940,0,0.0329
96941,0,0.048
96942,0,0.0141
96943,0,0.0469
96944,0,0.0076
96945,0,0.0542
96946,1,0.9643
96947,0,0.0248
96948,0,0.0312
96949,0,0.0367
96950,0,0.0063
96951,0,0.0391
96952,0,0.0309
96953,0,0.0839
96954,0,0.0086
96955,1,0.9438
96956,0,0.0285
96957,0,0.0086
96958,0,0.0342
96959,0,0.0126
96960,0,0.0137
96961,0,0.2026
96962,0,0.0308
96963,0,0.0161
96964,0,0.0073
96965,1,0.829
96966,1,0.9838
96967,1,0.9447
96968,0,0.0263
96969,0,0.0176
96970,0,0.1274
96971,0,0.0126
96972,0,0.0106
96973,0,0.0088
96974,0,0.0121
96975,0,0.0604
96976,0,0.0051
96977,0,0.0082
96978,0,0.0133
96979,0,0.0488
96980,0,0.0194
96981,0,0.0492
96982,0,0.0347
96983,0,0.0238
96984,1,0.9575
96985,0,0.0029
96986,0,0.1721
96987,0,0.0284
96988,0,0.0236
96989,0,0.0094
96990,0,0.0182
96991,0,0.0174
96992,0,0.0173
96993,0,0.0098
96994,0,0.1584
96995,0,0.243
96996,0,0.0039
96997,1,0.9808
96998,0,0.0247
96999,0,0.0067
97000,0,0.0069
97001,0,0.3541
97002,0,0.0451
97003,0,0.0338
97004,0,0.0034
97005,0,0.0349
97006,0,0.0026
97007,0,0.0054
97008,0,0.0462
97009,0,0.076
97010,0,0.0071
97011,0,0.0079
97012,0,0.0028
97013,0,0.0048
97014,0,0.0273
97015,0,0.0657
97016,0,0.0336
97017,0,0.006
97018,0,0.2222
97019,0,0.0878
97020,0,0.006
97021,0,0.0171
97022,1,0.9455
97023,0,0.0223
97024,0,0.0048
97025,0,0.214
97026,0,0.0293
97027,0,0.0089
97028,0,0.0089
97029,0,0.0655
97030,0,0.1696
97031,1,0.9874
97032,0,0.0097
97033,0,0.0938
97034,0,0.0044
97035,0,0.0013
97036,0,0.0158
97037,0,0.0355
97038,1,0.8223
97039,0,0.0834
97040,0,0.0176
97041,0,0.0118
97042,0,0.0151
97043,0,0.0028
97044,0,0.0022
97045,0,0.3012
97046,0,0.0171
97047,0,0.0078
97048,0,0.0603
97049,0,0.0135
97050,1,0.516
97051,1,0.9609
97052,0,0.0195
97053,0,0.0049
97054,0,0.0594
97055,0,0.2536
97056,0,0.0065
97057,0,0.0213
97058,0,0.2148
97059,0,0.0575
97060,0,0.044
97061,0,0.036
97062,0,0.0092
97063,0,0.0177
97064,0,0.0146
97065,0,0.0701
97066,0,0.0106
97067,0,0.0183
97068,0,0.0023
97069,0,0.0169
97070,1,0.9943
97071,1,0.9109
97072,0,0.0213
97073,0,0.0447
97074,0,0.152
97075,1,0.5786
97076,0,0.0064
97077,0,0.1111
97078,0,0.1284
97079,0,0.0363
97080,0,0.009
97081,1,0.9811
97082,0,0.0162
97083,0,0.0232
97084,0,0.0508
97085,1,0.9578
97086,0,0.0034
97087,0,0.0203
97088,0,0.0294
97089,0,0.2069
97090,0,0.0416
97091,1,0.9802
97092,1,0.9395
97093,0,0.1345
97094,0,0.0482
97095,0,0.0708
97096,0,0.0035
97097,1,0.9793
97098,0,0.013
97099,0,0.0136
97100,0,0.0238
97101,0,0.0115
97102,0,0.034
97103,0,0.0138
97104,1,0.9887
97105,0,0.0485
97106,0,0.0351
97107,0,0.0543
97108,0,0.1314
97109,0,0.0056
97110,0,0.0069
97111,0,0.0388
97112,0,0.0069
97113,0,0.0077
97114,0,0.0262
97115,1,0.9047
97116,0,0.0249
97117,0,0.1982
97118,0,0.0015
97119,0,0.1868
97120,0,0.0032
97121,0,0.0091
97122,0,0.0085
97123,0,0.0298
97124,1,0.956
97125,0,0.0527
97126,0,0.0349
97127,0,0.0513
97128,0,0.0055
97129,0,0.0111
97130,0,0.0226
97131,0,0.0119
97132,0,0.0138
97133,0,0.0025
97134,0,0.0501
97135,0,0.1518
97136,0,0.0083
97137,0,0.0122
97138,0,0.013
97139,0,0.0095
97140,0,0.1093
97141,0,0.0234
97142,0,0.004
97143,1,0.9973
97144,0,0.0151
97145,1,0.9514
97146,0,0.0739
97147,0,0.0149
97148,0,0.0221
97149,0,0.0354
97150,0,0.0081
97151,1,0.9745
97152,0,0.0535
97153,0,0.0218
97154,0,0.0113
97155,0,0.0102
97156,0,0.0075
97157,0,0.0506
97158,1,0.9446
97159,1,0.9097
97160,0,0.012
97161,0,0.4113
97162,0,0.0069
97163,0,0.0073
97164,0,0.0388
97165,0,0.0071
97166,0,0.0042
97167,0,0.042
97168,0,0.0043
97169,0,0.0125
97170,0,0.0361
97171,0,0.0486
97172,0,0.0256
97173,0,0.0078
97174,0,0.0312
97175,0,0.0055
97176,0,0.0073
97177,0,0.0605
97178,0,0.0215
97179,1,0.7454
97180,0,0.035
97181,0,0.0714
97182,0,0.0674
97183,0,0.0776
97184,0,0.3694
97185,0,0.0257
97186,0,0.2586
97187,0,0.0688
97188,0,0.0105
97189,0,0.0061
97190,0,0.0139
97191,0,0.1136
97192,0,0.0107
97193,0,0.0419
97194,1,0.9438
97195,0,0.0318
97196,0,0.2414
97197,0,0.0109
97198,0,0.0257
97199,0,0.0421
97200,0,0.0013
97201,0,0.0076
97202,0,0.0961
97203,0,0.1026
97204,0,0.0042
97205,0,0.0075
97206,0,0.0906
97207,0,0.0018
97208,0,0.0571
97209,0,0.0035
97210,0,0.0231
97211,0,0.0044
97212,0,0.0119
97213,0,0.0172
97214,0,0.0048
97215,0,0.0293
97216,0,0.2817
97217,0,0.0467
97218,0,0.0072
97219,0,0.3841
97220,1,0.6852
97221,0,0.0419
97222,0,0.037
97223,0,0.0293
97224,1,0.7982
97225,0,0.0177
97226,0,0.0205
97227,0,0.0313
97228,0,0.0384
97229,0,0.0107
97230,0,0.0137
97231,1,0.9429
97232,0,0.2214
97233,0,0.0417
97234,1,0.9073
97235,0,0.0212
97236,1,0.987
97237,0,0.0075
97238,0,0.0008
97239,0,0.0006
97240,0,0.0094
97241,0,0.0139
97242,0,0.0056
97243,0,0.0837
97244,0,0.065
97245,0,0.0557
97246,0,0.0067
97247,0,0.0786
97248,0,0.0079
97249,0,0.002
97250,0,0.0065
97251,1,0.9656
97252,0,0.0655
97253,0,0.0248
97254,0,0.017
97255,0,0.0403
97256,0,0.1109
97257,0,0.0323
97258,0,0.1007
97259,0,0.0176
97260,0,0.018
97261,1,0.9216
97262,0,0.2234
97263,0,0.0151
97264,0,0.0106
97265,1,0.8881
97266,0,0.0437
97267,0,0.2514
97268,0,0.0082
97269,0,0.056
97270,0,0.0236
97271,1,0.9366
97272,0,0.0558
97273,0,0.0182
97274,0,0.0309
97275,0,0.0173
97276,1,0.9487
97277,0,0.0163
97278,0,0.2326
97279,0,0.0183
97280,0,0.0354
97281,0,0.125
97282,0,0.0316
97283,0,0.0174
97284,0,0.0535
97285,0,0.0246
97286,0,0.0065
97287,0,0.0222
97288,0,0.0384
97289,1,0.8963
97290,0,0.0338
97291,0,0.018
97292,0,0.0095
97293,0,0.0079
97294,0,0.025
97295,1,0.9584
97296,1,0.7749
97297,0,0.0821
97298,0,0.0212
97299,0,0.0357
97300,0,0.0986
97301,0,0.0173
97302,0,0.0173
97303,0,0.0221
97304,0,0.0301
97305,0,0.0389
97306,0,0.0089
97307,0,0.0069
97308,0,0.0086
97309,0,0.0271
97310,0,0.0634
97311,1,0.9533
97312,0,0.0056
97313,1,0.7156
97314,0,0.0156
97315,0,0.0269
97316,1,0.9388
97317,0,0.08
97318,0,0.0312
97319,0,0.0352
97320,0,0.0154
97321,0,0.1432
97322,0,0.0333
97323,0,0.0456
97324,0,0.0788
97325,0,0.049
97326,0,0.1583
97327,0,0.007
97328,1,0.9163
97329,0,0.0087
97330,0,0.0292
97331,0,0.0138
97332,0,0.0014
97333,0,0.0043
97334,0,0.0116
97335,0,0.1061
97336,0,0.007
97337,0,0.0095
97338,0,0.0065
97339,0,0.0196
97340,0,0.0612
97341,0,0.027
97342,0,0.0013
97343,0,0.0287
97344,0,0.0123
97345,1,0.8688
97346,0,0.0369
97347,0,0.023
97348,0,0.0156
97349,0,0.0463
97350,0,0.0187
97351,1,0.7445
97352,0,0.2068
97353,0,0.0276
97354,0,0.0058
97355,0,0.013
97356,0,0.0228
97357,0,0.0069
97358,0,0.037
97359,0,0.063
97360,0,0.0483
97361,0,0.0142
97362,0,0.014
97363,0,0.0331
97364,1,0.9122
97365,0,0.0217
97366,0,0.0016
97367,0,0.0096
97368,1,0.9869
97369,0,0.0113
97370,0,0.1822
97371,0,0.0198
97372,0,0.4229
97373,0,0.0084
97374,0,0.0093
97375,0,0.0181
97376,0,0.0162
97377,0,0.0123
97378,0,0.0477
97379,0,0.0399
97380,0,0.025
97381,0,0.0937
97382,0,0.0528
97383,0,0.0138
97384,0,0.0554
97385,0,0.0105
97386,0,0.0262
97387,0,0.0236
97388,0,0.108
97389,0,0.0666
97390,0,0.0138
97391,0,0.1141
97392,0,0.0934
97393,0,0.0029
97394,0,0.0561
97395,0,0.0599
97396,0,0.0065
97397,1,0.9599
97398,0,0.0338
97399,0,0.1487
97400,0,0.0169
97401,0,0.0065
97402,1,0.9375
97403,0,0.0075
97404,0,0.0055
97405,0,0.2084
97406,0,0.007
97407,0,0.0529
97408,0,0.3239
97409,0,0.0132
97410,0,0.0014
97411,1,0.532
97412,0,0.0067
97413,1,0.7523
97414,0,0.0032
97415,0,0.0235
97416,0,0.0672
97417,0,0.1263
97418,0,0.0127
97419,0,0.0172
97420,0,0.006
97421,0,0.1903
97422,0,0.0217
97423,0,0.0059
97424,0,0.0191
97425,0,0.0176
97426,0,0.0301
97427,0,0.0639
97428,0,0.0308
97429,0,0.0114
97430,0,0.0133
97431,0,0.0449
97432,0,0.0191
97433,0,0.0008
97434,0,0.0056
97435,0,0.0025
97436,0,0.0042
97437,0,0.0102
97438,0,0.0233
97439,0,0.0586
97440,0,0.0095
97441,0,0.01
97442,0,0.0052
97443,0,0.0689
97444,0,0.0542
97445,0,0.0087
97446,0,0.0038
97447,0,0.0301
97448,1,0.9809
97449,0,0.0624
97450,1,0.9539
97451,0,0.0065
97452,0,0.0311
97453,1,0.599
97454,0,0.0117
97455,0,0.0239
97456,0,0.0255
97457,0,0.0522
97458,0,0.0875
97459,0,0.0139
97460,0,0.0706
97461,0,0.0142
97462,0,0.1449
97463,0,0.0846
97464,1,0.9717
97465,0,0.0095
97466,0,0.0058
97467,0,0.0609
97468,0,0.0494
97469,0,0.0013
97470,1,0.9503
97471,0,0.0067
97472,0,0.0013
97473,0,0.0095
97474,1,0.9662
97475,1,0.5698
97476,0,0.1298
97477,0,0.0718
97478,0,0.0028
97479,0,0.0238
97480,0,0.0097
97481,0,0.0274
97482,0,0.0069
97483,1,0.9381
97484,0,0.0463
97485,1,0.9231
97486,0,0.0133
97487,0,0.0361
97488,0,0.0041
97489,0,0.0061
97490,0,0.0867
97491,0,0.0687
97492,0,0.011
97493,0,0.1821
97494,0,0.0306
97495,0,0.0746
97496,0,0.0118
97497,0,0.0357
97498,1,0.9815
97499,0,0.0053
97500,0,0.0622
97501,0,0.0378
97502,0,0.0625
97503,0,0.026
97504,0,0.0072
97505,0,0.0469
97506,0,0.0109
97507,0,0.049
97508,0,0.0056
97509,0,0.0021
97510,1,0.956
97511,0,0.1303
97512,0,0.0357
97513,0,0.0263
97514,0,0.0103
97515,0,0.0107
97516,1,0.9775
97517,0,0.0043
97518,0,0.1188
97519,0,0.0135
97520,0,0.0133
97521,1,0.9302
97522,0,0.0608
97523,0,0.075
97524,0,0.1986
97525,0,0.0329
97526,0,0.1529
97527,0,0.0205
97528,0,0.007
97529,0,0.0029
97530,0,0.0218
97531,0,0.0329
97532,1,0.8601
97533,0,0.0489
97534,0,0.0125
97535,0,0.0127
97536,0,0.0095
97537,0,0.0241
97538,0,0.0008
97539,0,0.0206
97540,0,0.0038
97541,0,0.0034
97542,1,0.6699
97543,0,0.007
97544,0,0.0515
97545,0,0.0085
97546,0,0.0152
97547,0,0.008
97548,0,0.0647
97549,0,0.0004
97550,0,0.0575
97551,0,0.0044
97552,1,0.8692
97553,0,0.0099
97554,0,0.0018
97555,0,0.0391
97556,0,0.0098
97557,0,0.0263
97558,0,0.0143
97559,0,0.1364
97560,0,0.1198
97561,0,0.0149
97562,0,0.1671
97563,0,0.0261
97564,0,0.0689
97565,0,0.0153
97566,0,0.0338
97567,0,0.0529
97568,0,0.061
97569,1,0.9689
97570,0,0.0133
97571,0,0.184
97572,0,0.4211
97573,0,0.1948
97574,0,0.0106
97575,0,0.1182
97576,0,0.0017
97577,0,0.0402
97578,1,0.7906
97579,0,0.1629
97580,0,0.0222
97581,1,0.9897
97582,0,0.1333
97583,0,0.0008
97584,0,0.007
97585,0,0.0133
97586,0,0.0239
97587,0,0.3855
97588,0,0.0748
97589,0,0.0027
97590,0,0.0085
97591,0,0.0063
97592,0,0.006
97593,0,0.0121
97594,0,0.0203
97595,0,0.0157
97596,0,0.0239
97597,0,0.0138
97598,0,0.0823
97599,0,0.0162
97600,1,0.9467
97601,0,0.0306
97602,0,0.1874
97603,0,0.0195
97604,1,0.962
97605,0,0.0081
97606,1,0.9416
97607,0,0.0163
97608,0,0.0014
97609,0,0.0073
97610,0,0.3275
97611,0,0.0135
97612,1,0.9823
97613,0,0.007
97614,0,0.0161
97615,0,0.113
97616,1,0.9399
97617,0,0.0242
97618,0,0.0435
97619,0,0.004
97620,0,0.0031
97621,0,0.0083
97622,0,0.0095
97623,0,0.0937
97624,0,0.0563
97625,0,0.0021
97626,0,0.0158
97627,0,0.0086
97628,0,0.0067
97629,1,0.9487
97630,1,0.9165
97631,0,0.017
97632,0,0.0074
97633,0,0.0262
97634,0,0.0109
97635,0,0.0077
97636,0,0.1025
97637,0,0.0647
97638,0,0.0032
97639,1,0.9599
97640,1,0.8226
97641,0,0.0121
97642,0,0.0229
97643,1,0.9602
97644,0,0.0187
97645,0,0.0063
97646,0,0.0351
97647,0,0.0008
97648,0,0.0124
97649,0,0.1388
97650,0,0.0145
97651,0,0.0015
97652,0,0.002
97653,0,0.006
97654,0,0.0616
97655,0,0.1743
97656,0,0.008
97657,0,0.0125
97658,0,0.0463
97659,0,0.0202
97660,0,0.0204
97661,0,0.0145
97662,0,0.0086
97663,0,0.3118
97664,0,0.0787
97665,0,0.0042
97666,0,0.05
97667,0,0.0067
97668,0,0.0192
97669,0,0.0502
97670,0,0.0073
97671,0,0.0055
97672,0,0.0023
97673,0,0.0143
97674,0,0.0732
97675,0,0.0046
97676,0,0.0107
97677,1,0.9758
97678,0,0.1938
97679,0,0.009
97680,0,0.0803
97681,0,0.1582
97682,0,0.09
97683,0,0.0141
97684,0,0.0062
97685,0,0.0048
97686,0,0.0052
97687,0,0.0365
97688,1,0.9602
97689,1,0.9615
97690,0,0.0181
97691,0,0.0171
97692,0,0.0471
97693,0,0.0169
97694,0,0.1392
97695,0,0.0573
97696,0,0.3605
97697,0,0.0057
97698,0,0.0465
97699,0,0.0696
97700,0,0.0368
97701,0,0.0076
97702,1,0.8838
97703,0,0.0301
97704,0,0.1763
97705,0,0.0136
97706,0,0.0282
97707,0,0.0158
97708,0,0.0227
97709,0,0.0116
97710,0,0.0231
97711,0,0.0415
97712,0,0.0057
97713,0,0.349
97714,0,0.0128
97715,1,0.6886
97716,0,0.096
97717,0,0.1015
97718,0,0.0027
97719,0,0.0299
97720,0,0.012
97721,1,0.9834
97722,1,0.8811
97723,0,0.001
97724,0,0.0009
97725,0,0.0125
97726,0,0.0926
97727,0,0.0033
97728,0,0.0239
97729,0,0.0179
97730,1,0.9787
97731,1,0.7943
97732,0,0.08
97733,1,0.9332
97734,1,0.9852
97735,1,0.9455
97736,0,0.0238
97737,0,0.0191
97738,0,0.0664
97739,0,0.0088
97740,0,0.0147
97741,0,0.2835
97742,1,0.9668
